timestamp,date_assigned,stress_level,is_resting
2026-01-01 00:00:00-08:00,2026-01-01,51,False
2026-01-01 00:03:00-08:00,2026-01-01,58,False
2026-01-01 00:06:00-08:00,2026-01-01,51,False
2026-01-01 00:09:00-08:00,2026-01-01,55,False
2026-01-01 00:12:00-08:00,2026-01-01,58,False
2026-01-01 00:15:00-08:00,2026-01-01,49,False
2026-01-01 00:18:00-08:00,2026-01-01,52,False
2026-01-01 00:21:00-08:00,2026-01-01,60,False
2026-01-01 00:24:00-08:00,2026-01-01,52,False
2026-01-01 00:27:00-08:00,2026-01-01,64,False
2026-01-01 00:30:00-08:00,2026-01-01,-2,True
2026-01-01 00:33:00-08:00,2026-01-01,-1,True
2026-01-01 00:36:00-08:00,2026-01-01,91,False
2026-01-01 00:39:00-08:00,2026-01-01,-1,True
2026-01-01 00:42:00-08:00,2026-01-01,-1,True
2026-01-01 00:45:00-08:00,2026-01-01,-2,True
2026-01-01 00:48:00-08:00,2026-01-01,-1,True
2026-01-01 00:51:00-08:00,2026-01-01,28,False
2026-01-01 00:54:00-08:00,2026-01-01,45,False
2026-01-01 00:57:00-08:00,2026-01-01,26,False
2026-01-01 01:00:00-08:00,2026-01-01,23,False
2026-01-01 01:03:00-08:00,2026-01-01,23,False
2026-01-01 01:06:00-08:00,2026-01-01,25,False
2026-01-01 01:09:00-08:00,2026-01-01,25,False
2026-01-01 01:12:00-08:00,2026-01-01,28,False
2026-01-01 01:15:00-08:00,2026-01-01,25,False
2026-01-01 01:18:00-08:00,2026-01-01,36,False
2026-01-01 01:21:00-08:00,2026-01-01,25,False
2026-01-01 01:24:00-08:00,2026-01-01,25,False
2026-01-01 01:27:00-08:00,2026-01-01,29,False
2026-01-01 01:30:00-08:00,2026-01-01,29,False
2026-01-01 01:33:00-08:00,2026-01-01,30,False
2026-01-01 01:36:00-08:00,2026-01-01,28,False
2026-01-01 01:39:00-08:00,2026-01-01,29,False
2026-01-01 01:42:00-08:00,2026-01-01,26,False
2026-01-01 01:45:00-08:00,2026-01-01,26,False
2026-01-01 01:48:00-08:00,2026-01-01,28,False
2026-01-01 01:51:00-08:00,2026-01-01,25,False
2026-01-01 01:54:00-08:00,2026-01-01,34,False
2026-01-01 01:57:00-08:00,2026-01-01,23,False
2026-01-01 02:00:00-08:00,2026-01-01,50,False
2026-01-01 02:03:00-08:00,2026-01-01,45,False
2026-01-01 02:06:00-08:00,2026-01-01,24,False
2026-01-01 02:09:00-08:00,2026-01-01,22,False
2026-01-01 02:12:00-08:00,2026-01-01,24,False
2026-01-01 02:15:00-08:00,2026-01-01,25,False
2026-01-01 02:18:00-08:00,2026-01-01,30,False
2026-01-01 02:21:00-08:00,2026-01-01,31,False
2026-01-01 02:24:00-08:00,2026-01-01,21,False
2026-01-01 02:27:00-08:00,2026-01-01,22,False
2026-01-01 02:30:00-08:00,2026-01-01,25,False
2026-01-01 02:33:00-08:00,2026-01-01,24,False
2026-01-01 02:36:00-08:00,2026-01-01,21,False
2026-01-01 02:39:00-08:00,2026-01-01,24,False
2026-01-01 02:42:00-08:00,2026-01-01,19,False
2026-01-01 02:45:00-08:00,2026-01-01,22,False
2026-01-01 02:48:00-08:00,2026-01-01,19,False
2026-01-01 02:51:00-08:00,2026-01-01,22,False
2026-01-01 02:54:00-08:00,2026-01-01,22,False
2026-01-01 02:57:00-08:00,2026-01-01,25,False
2026-01-01 03:00:00-08:00,2026-01-01,14,True
2026-01-01 03:03:00-08:00,2026-01-01,19,False
2026-01-01 03:06:00-08:00,2026-01-01,20,False
2026-01-01 03:09:00-08:00,2026-01-01,22,False
2026-01-01 03:12:00-08:00,2026-01-01,21,False
2026-01-01 03:15:00-08:00,2026-01-01,21,False
2026-01-01 03:18:00-08:00,2026-01-01,20,False
2026-01-01 03:21:00-08:00,2026-01-01,20,False
2026-01-01 03:24:00-08:00,2026-01-01,19,False
2026-01-01 03:27:00-08:00,2026-01-01,19,False
2026-01-01 03:30:00-08:00,2026-01-01,19,False
2026-01-01 03:33:00-08:00,2026-01-01,16,False
2026-01-01 03:36:00-08:00,2026-01-01,17,False
2026-01-01 03:39:00-08:00,2026-01-01,23,False
2026-01-01 03:42:00-08:00,2026-01-01,18,False
2026-01-01 03:45:00-08:00,2026-01-01,37,False
2026-01-01 03:48:00-08:00,2026-01-01,24,False
2026-01-01 03:51:00-08:00,2026-01-01,40,False
2026-01-01 03:54:00-08:00,2026-01-01,19,False
2026-01-01 03:57:00-08:00,2026-01-01,19,False
2026-01-01 04:00:00-08:00,2026-01-01,16,False
2026-01-01 04:03:00-08:00,2026-01-01,17,False
2026-01-01 04:06:00-08:00,2026-01-01,15,False
2026-01-01 04:09:00-08:00,2026-01-01,19,False
2026-01-01 04:12:00-08:00,2026-01-01,19,False
2026-01-01 04:15:00-08:00,2026-01-01,18,False
2026-01-01 04:18:00-08:00,2026-01-01,18,False
2026-01-01 04:21:00-08:00,2026-01-01,16,False
2026-01-01 04:24:00-08:00,2026-01-01,16,False
2026-01-01 04:27:00-08:00,2026-01-01,21,False
2026-01-01 04:30:00-08:00,2026-01-01,22,False
2026-01-01 04:33:00-08:00,2026-01-01,21,False
2026-01-01 04:36:00-08:00,2026-01-01,24,False
2026-01-01 04:39:00-08:00,2026-01-01,24,False
2026-01-01 04:42:00-08:00,2026-01-01,25,False
2026-01-01 04:45:00-08:00,2026-01-01,15,False
2026-01-01 04:48:00-08:00,2026-01-01,18,False
2026-01-01 04:51:00-08:00,2026-01-01,23,False
2026-01-01 04:54:00-08:00,2026-01-01,24,False
2026-01-01 04:57:00-08:00,2026-01-01,31,False
2026-01-01 05:00:00-08:00,2026-01-01,23,False
2026-01-01 05:03:00-08:00,2026-01-01,20,False
2026-01-01 05:06:00-08:00,2026-01-01,21,False
2026-01-01 05:09:00-08:00,2026-01-01,24,False
2026-01-01 05:12:00-08:00,2026-01-01,16,False
2026-01-01 05:15:00-08:00,2026-01-01,18,False
2026-01-01 05:18:00-08:00,2026-01-01,-1,True
2026-01-01 05:21:00-08:00,2026-01-01,15,False
2026-01-01 05:24:00-08:00,2026-01-01,14,True
2026-01-01 05:27:00-08:00,2026-01-01,16,False
2026-01-01 05:30:00-08:00,2026-01-01,13,True
2026-01-01 05:33:00-08:00,2026-01-01,13,True
2026-01-01 05:36:00-08:00,2026-01-01,16,False
2026-01-01 05:39:00-08:00,2026-01-01,9,True
2026-01-01 05:42:00-08:00,2026-01-01,10,True
2026-01-01 05:45:00-08:00,2026-01-01,9,True
2026-01-01 05:48:00-08:00,2026-01-01,20,False
2026-01-01 05:51:00-08:00,2026-01-01,20,False
2026-01-01 05:54:00-08:00,2026-01-01,13,True
2026-01-01 05:57:00-08:00,2026-01-01,17,False
2026-01-01 06:00:00-08:00,2026-01-01,31,False
2026-01-01 06:03:00-08:00,2026-01-01,58,False
2026-01-01 06:06:00-08:00,2026-01-01,19,False
2026-01-01 06:09:00-08:00,2026-01-01,17,False
2026-01-01 06:12:00-08:00,2026-01-01,17,False
2026-01-01 06:15:00-08:00,2026-01-01,17,False
2026-01-01 06:18:00-08:00,2026-01-01,19,False
2026-01-01 06:21:00-08:00,2026-01-01,16,False
2026-01-01 06:24:00-08:00,2026-01-01,17,False
2026-01-01 06:27:00-08:00,2026-01-01,20,False
2026-01-01 06:30:00-08:00,2026-01-01,19,False
2026-01-01 06:33:00-08:00,2026-01-01,19,False
2026-01-01 06:36:00-08:00,2026-01-01,16,False
2026-01-01 06:39:00-08:00,2026-01-01,15,False
2026-01-01 06:42:00-08:00,2026-01-01,15,False
2026-01-01 06:45:00-08:00,2026-01-01,15,False
2026-01-01 06:48:00-08:00,2026-01-01,19,False
2026-01-01 06:51:00-08:00,2026-01-01,17,False
2026-01-01 06:54:00-08:00,2026-01-01,15,False
2026-01-01 06:57:00-08:00,2026-01-01,19,False
2026-01-01 07:00:00-08:00,2026-01-01,24,False
2026-01-01 07:03:00-08:00,2026-01-01,20,False
2026-01-01 07:06:00-08:00,2026-01-01,13,True
2026-01-01 07:09:00-08:00,2026-01-01,18,False
2026-01-01 07:12:00-08:00,2026-01-01,19,False
2026-01-01 07:15:00-08:00,2026-01-01,16,False
2026-01-01 07:18:00-08:00,2026-01-01,18,False
2026-01-01 07:21:00-08:00,2026-01-01,18,False
2026-01-01 07:24:00-08:00,2026-01-01,20,False
2026-01-01 07:27:00-08:00,2026-01-01,18,False
2026-01-01 07:30:00-08:00,2026-01-01,24,False
2026-01-01 07:33:00-08:00,2026-01-01,19,False
2026-01-01 07:36:00-08:00,2026-01-01,21,False
2026-01-01 07:39:00-08:00,2026-01-01,21,False
2026-01-01 07:42:00-08:00,2026-01-01,20,False
2026-01-01 07:45:00-08:00,2026-01-01,19,False
2026-01-01 07:48:00-08:00,2026-01-01,22,False
2026-01-01 07:51:00-08:00,2026-01-01,23,False
2026-01-01 07:54:00-08:00,2026-01-01,34,False
2026-01-01 07:57:00-08:00,2026-01-01,43,False
2026-01-01 08:00:00-08:00,2026-01-01,24,False
2026-01-01 08:03:00-08:00,2026-01-01,32,False
2026-01-01 08:06:00-08:00,2026-01-01,35,False
2026-01-01 08:09:00-08:00,2026-01-01,28,False
2026-01-01 08:12:00-08:00,2026-01-01,43,False
2026-01-01 08:15:00-08:00,2026-01-01,-1,True
2026-01-01 08:18:00-08:00,2026-01-01,88,False
2026-01-01 08:21:00-08:00,2026-01-01,61,False
2026-01-01 08:24:00-08:00,2026-01-01,56,False
2026-01-01 08:27:00-08:00,2026-01-01,46,False
2026-01-01 08:30:00-08:00,2026-01-01,-2,True
2026-01-01 08:33:00-08:00,2026-01-01,89,False
2026-01-01 08:36:00-08:00,2026-01-01,-1,True
2026-01-01 08:39:00-08:00,2026-01-01,67,False
2026-01-01 08:42:00-08:00,2026-01-01,75,False
2026-01-01 08:45:00-08:00,2026-01-01,-1,True
2026-01-01 08:48:00-08:00,2026-01-01,70,False
2026-01-01 08:51:00-08:00,2026-01-01,33,False
2026-01-01 08:54:00-08:00,2026-01-01,49,False
2026-01-01 08:57:00-08:00,2026-01-01,38,False
2026-01-01 09:00:00-08:00,2026-01-01,36,False
2026-01-01 09:03:00-08:00,2026-01-01,52,False
2026-01-01 09:06:00-08:00,2026-01-01,42,False
2026-01-01 09:09:00-08:00,2026-01-01,-1,True
2026-01-01 09:12:00-08:00,2026-01-01,-1,True
2026-01-01 09:15:00-08:00,2026-01-01,-1,True
2026-01-01 09:18:00-08:00,2026-01-01,59,False
2026-01-01 09:21:00-08:00,2026-01-01,-1,True
2026-01-01 09:24:00-08:00,2026-01-01,-2,True
2026-01-01 09:27:00-08:00,2026-01-01,-2,True
2026-01-01 09:30:00-08:00,2026-01-01,-1,True
2026-01-01 09:33:00-08:00,2026-01-01,15,False
2026-01-01 09:36:00-08:00,2026-01-01,-1,True
2026-01-01 09:39:00-08:00,2026-01-01,14,True
2026-01-01 09:42:00-08:00,2026-01-01,15,False
2026-01-01 09:45:00-08:00,2026-01-01,-2,True
2026-01-01 09:48:00-08:00,2026-01-01,18,False
2026-01-01 09:51:00-08:00,2026-01-01,21,False
2026-01-01 09:54:00-08:00,2026-01-01,-1,True
2026-01-01 09:57:00-08:00,2026-01-01,21,False
2026-01-01 10:00:00-08:00,2026-01-01,16,False
2026-01-01 10:03:00-08:00,2026-01-01,18,False
2026-01-01 10:06:00-08:00,2026-01-01,18,False
2026-01-01 10:09:00-08:00,2026-01-01,22,False
2026-01-01 10:12:00-08:00,2026-01-01,14,True
2026-01-01 10:15:00-08:00,2026-01-01,12,True
2026-01-01 10:18:00-08:00,2026-01-01,15,False
2026-01-01 10:21:00-08:00,2026-01-01,19,False
2026-01-01 10:24:00-08:00,2026-01-01,-1,True
2026-01-01 10:27:00-08:00,2026-01-01,-2,True
2026-01-01 10:30:00-08:00,2026-01-01,-2,True
2026-01-01 10:33:00-08:00,2026-01-01,-2,True
2026-01-01 10:36:00-08:00,2026-01-01,18,False
2026-01-01 10:39:00-08:00,2026-01-01,17,False
2026-01-01 10:42:00-08:00,2026-01-01,16,False
2026-01-01 10:45:00-08:00,2026-01-01,12,True
2026-01-01 10:48:00-08:00,2026-01-01,8,True
2026-01-01 10:51:00-08:00,2026-01-01,9,True
2026-01-01 10:54:00-08:00,2026-01-01,-1,True
2026-01-01 10:57:00-08:00,2026-01-01,-1,True
2026-01-01 11:00:00-08:00,2026-01-01,-1,True
2026-01-01 11:03:00-08:00,2026-01-01,-1,True
2026-01-01 11:06:00-08:00,2026-01-01,25,False
2026-01-01 11:09:00-08:00,2026-01-01,-2,True
2026-01-01 11:12:00-08:00,2026-01-01,-1,True
2026-01-01 11:15:00-08:00,2026-01-01,-2,True
2026-01-01 11:18:00-08:00,2026-01-01,-1,True
2026-01-01 11:21:00-08:00,2026-01-01,-1,True
2026-01-01 11:24:00-08:00,2026-01-01,-1,True
2026-01-01 11:27:00-08:00,2026-01-01,21,False
2026-01-01 11:30:00-08:00,2026-01-01,-2,True
2026-01-01 11:33:00-08:00,2026-01-01,-2,True
2026-01-01 11:36:00-08:00,2026-01-01,-2,True
2026-01-01 11:39:00-08:00,2026-01-01,-2,True
2026-01-01 11:42:00-08:00,2026-01-01,-2,True
2026-01-01 11:45:00-08:00,2026-01-01,-1,True
2026-01-01 11:48:00-08:00,2026-01-01,-2,True
2026-01-01 11:51:00-08:00,2026-01-01,-2,True
2026-01-01 11:54:00-08:00,2026-01-01,69,False
2026-01-01 11:57:00-08:00,2026-01-01,66,False
2026-01-01 12:00:00-08:00,2026-01-01,59,False
2026-01-01 12:03:00-08:00,2026-01-01,-1,True
2026-01-01 12:06:00-08:00,2026-01-01,41,False
2026-01-01 12:09:00-08:00,2026-01-01,-1,True
2026-01-01 12:12:00-08:00,2026-01-01,-1,True
2026-01-01 12:15:00-08:00,2026-01-01,-1,True
2026-01-01 12:18:00-08:00,2026-01-01,-1,True
2026-01-01 12:21:00-08:00,2026-01-01,69,False
2026-01-01 12:24:00-08:00,2026-01-01,-2,True
2026-01-01 12:27:00-08:00,2026-01-01,-1,True
2026-01-01 12:30:00-08:00,2026-01-01,-1,True
2026-01-01 12:33:00-08:00,2026-01-01,-1,True
2026-01-01 12:36:00-08:00,2026-01-01,84,False
2026-01-01 12:39:00-08:00,2026-01-01,-1,True
2026-01-01 12:42:00-08:00,2026-01-01,86,False
2026-01-01 12:45:00-08:00,2026-01-01,85,False
2026-01-01 12:48:00-08:00,2026-01-01,-2,True
2026-01-01 12:51:00-08:00,2026-01-01,-1,True
2026-01-01 12:54:00-08:00,2026-01-01,-1,True
2026-01-01 12:57:00-08:00,2026-01-01,76,False
2026-01-01 13:00:00-08:00,2026-01-01,63,False
2026-01-01 13:03:00-08:00,2026-01-01,-1,True
2026-01-01 13:06:00-08:00,2026-01-01,85,False
2026-01-01 13:09:00-08:00,2026-01-01,-2,True
2026-01-01 13:12:00-08:00,2026-01-01,-1,True
2026-01-01 13:15:00-08:00,2026-01-01,83,False
2026-01-01 13:18:00-08:00,2026-01-01,82,False
2026-01-01 13:21:00-08:00,2026-01-01,-1,True
2026-01-01 13:24:00-08:00,2026-01-01,-1,True
2026-01-01 13:27:00-08:00,2026-01-01,-1,True
2026-01-01 13:30:00-08:00,2026-01-01,-1,True
2026-01-01 13:33:00-08:00,2026-01-01,75,False
2026-01-01 13:36:00-08:00,2026-01-01,54,False
2026-01-01 13:39:00-08:00,2026-01-01,65,False
2026-01-01 13:42:00-08:00,2026-01-01,63,False
2026-01-01 13:45:00-08:00,2026-01-01,58,False
2026-01-01 13:48:00-08:00,2026-01-01,53,False
2026-01-01 13:51:00-08:00,2026-01-01,87,False
2026-01-01 13:54:00-08:00,2026-01-01,82,False
2026-01-01 13:57:00-08:00,2026-01-01,75,False
2026-01-01 14:00:00-08:00,2026-01-01,51,False
2026-01-01 14:03:00-08:00,2026-01-01,61,False
2026-01-01 14:06:00-08:00,2026-01-01,64,False
2026-01-01 14:09:00-08:00,2026-01-01,-2,True
2026-01-01 14:12:00-08:00,2026-01-01,90,False
2026-01-01 14:15:00-08:00,2026-01-01,66,False
2026-01-01 14:18:00-08:00,2026-01-01,62,False
2026-01-01 14:21:00-08:00,2026-01-01,64,False
2026-01-01 14:24:00-08:00,2026-01-01,56,False
2026-01-01 14:27:00-08:00,2026-01-01,38,False
2026-01-01 14:30:00-08:00,2026-01-01,53,False
2026-01-01 14:33:00-08:00,2026-01-01,55,False
2026-01-01 14:36:00-08:00,2026-01-01,52,False
2026-01-01 14:39:00-08:00,2026-01-01,41,False
2026-01-01 14:42:00-08:00,2026-01-01,38,False
2026-01-01 14:45:00-08:00,2026-01-01,57,False
2026-01-01 14:48:00-08:00,2026-01-01,71,False
2026-01-01 14:51:00-08:00,2026-01-01,73,False
2026-01-01 14:54:00-08:00,2026-01-01,78,False
2026-01-01 14:57:00-08:00,2026-01-01,77,False
2026-01-01 15:00:00-08:00,2026-01-01,60,False
2026-01-01 15:03:00-08:00,2026-01-01,74,False
2026-01-01 15:06:00-08:00,2026-01-01,72,False
2026-01-01 15:09:00-08:00,2026-01-01,58,False
2026-01-01 15:12:00-08:00,2026-01-01,79,False
2026-01-01 15:15:00-08:00,2026-01-01,79,False
2026-01-01 15:18:00-08:00,2026-01-01,77,False
2026-01-01 15:21:00-08:00,2026-01-01,81,False
2026-01-01 15:24:00-08:00,2026-01-01,90,False
2026-01-01 15:27:00-08:00,2026-01-01,91,False
2026-01-01 15:30:00-08:00,2026-01-01,94,False
2026-01-01 15:33:00-08:00,2026-01-01,82,False
2026-01-01 15:36:00-08:00,2026-01-01,73,False
2026-01-01 15:39:00-08:00,2026-01-01,82,False
2026-01-01 15:42:00-08:00,2026-01-01,79,False
2026-01-01 15:45:00-08:00,2026-01-01,80,False
2026-01-01 15:48:00-08:00,2026-01-01,66,False
2026-01-01 15:51:00-08:00,2026-01-01,62,False
2026-01-01 15:54:00-08:00,2026-01-01,71,False
2026-01-01 15:57:00-08:00,2026-01-01,69,False
2026-01-01 16:00:00-08:00,2026-01-01,53,False
2026-01-01 16:03:00-08:00,2026-01-01,51,False
2026-01-01 16:06:00-08:00,2026-01-01,63,False
2026-01-01 16:09:00-08:00,2026-01-01,49,False
2026-01-01 16:12:00-08:00,2026-01-01,45,False
2026-01-01 16:15:00-08:00,2026-01-01,61,False
2026-01-01 16:18:00-08:00,2026-01-01,66,False
2026-01-01 16:21:00-08:00,2026-01-01,75,False
2026-01-01 16:24:00-08:00,2026-01-01,62,False
2026-01-01 16:27:00-08:00,2026-01-01,78,False
2026-01-01 16:30:00-08:00,2026-01-01,70,False
2026-01-01 16:33:00-08:00,2026-01-01,78,False
2026-01-01 16:36:00-08:00,2026-01-01,-1,True
2026-01-01 16:39:00-08:00,2026-01-01,-1,True
2026-01-01 16:42:00-08:00,2026-01-01,90,False
2026-01-01 16:45:00-08:00,2026-01-01,85,False
2026-01-01 16:48:00-08:00,2026-01-01,37,False
2026-01-01 16:51:00-08:00,2026-01-01,40,False
2026-01-01 16:54:00-08:00,2026-01-01,29,False
2026-01-01 16:57:00-08:00,2026-01-01,50,False
2026-01-01 17:00:00-08:00,2026-01-01,44,False
2026-01-01 17:03:00-08:00,2026-01-01,61,False
2026-01-01 17:06:00-08:00,2026-01-01,45,False
2026-01-01 17:09:00-08:00,2026-01-01,32,False
2026-01-01 17:12:00-08:00,2026-01-01,42,False
2026-01-01 17:15:00-08:00,2026-01-01,38,False
2026-01-01 17:18:00-08:00,2026-01-01,34,False
2026-01-01 17:21:00-08:00,2026-01-01,30,False
2026-01-01 17:24:00-08:00,2026-01-01,34,False
2026-01-01 17:27:00-08:00,2026-01-01,37,False
2026-01-01 17:30:00-08:00,2026-01-01,37,False
2026-01-01 17:33:00-08:00,2026-01-01,26,False
2026-01-01 17:36:00-08:00,2026-01-01,28,False
2026-01-01 17:39:00-08:00,2026-01-01,29,False
2026-01-01 17:42:00-08:00,2026-01-01,28,False
2026-01-01 17:45:00-08:00,2026-01-01,-1,True
2026-01-01 17:48:00-08:00,2026-01-01,-2,True
2026-01-01 17:51:00-08:00,2026-01-01,86,False
2026-01-01 17:54:00-08:00,2026-01-01,-1,True
2026-01-01 17:57:00-08:00,2026-01-01,-1,True
2026-01-01 18:00:00-08:00,2026-01-01,85,False
2026-01-01 18:03:00-08:00,2026-01-01,65,False
2026-01-01 18:06:00-08:00,2026-01-01,61,False
2026-01-01 18:09:00-08:00,2026-01-01,-1,True
2026-01-01 18:12:00-08:00,2026-01-01,47,False
2026-01-01 18:15:00-08:00,2026-01-01,-2,True
2026-01-01 18:18:00-08:00,2026-01-01,-1,True
2026-01-01 18:21:00-08:00,2026-01-01,-1,True
2026-01-01 18:24:00-08:00,2026-01-01,-1,True
2026-01-01 18:27:00-08:00,2026-01-01,-1,True
2026-01-01 18:30:00-08:00,2026-01-01,85,False
2026-01-01 18:33:00-08:00,2026-01-01,52,False
2026-01-01 18:36:00-08:00,2026-01-01,29,False
2026-01-01 18:39:00-08:00,2026-01-01,56,False
2026-01-01 18:42:00-08:00,2026-01-01,44,False
2026-01-01 18:45:00-08:00,2026-01-01,37,False
2026-01-01 18:48:00-08:00,2026-01-01,33,False
2026-01-01 18:51:00-08:00,2026-01-01,-2,True
2026-01-01 18:54:00-08:00,2026-01-01,-2,True
2026-01-01 18:57:00-08:00,2026-01-01,91,False
2026-01-01 19:00:00-08:00,2026-01-01,40,False
2026-01-01 19:03:00-08:00,2026-01-01,46,False
2026-01-01 19:06:00-08:00,2026-01-01,25,False
2026-01-01 19:09:00-08:00,2026-01-01,25,False
2026-01-01 19:12:00-08:00,2026-01-01,-1,True
2026-01-01 19:15:00-08:00,2026-01-01,75,False
2026-01-01 19:18:00-08:00,2026-01-01,32,False
2026-01-01 19:21:00-08:00,2026-01-01,12,True
2026-01-01 19:24:00-08:00,2026-01-01,35,False
2026-01-01 19:27:00-08:00,2026-01-01,62,False
2026-01-01 19:30:00-08:00,2026-01-01,72,False
2026-01-01 19:33:00-08:00,2026-01-01,77,False
2026-01-01 19:36:00-08:00,2026-01-01,56,False
2026-01-01 19:39:00-08:00,2026-01-01,86,False
2026-01-01 19:42:00-08:00,2026-01-01,88,False
2026-01-01 19:45:00-08:00,2026-01-01,80,False
2026-01-01 19:48:00-08:00,2026-01-01,68,False
2026-01-01 19:51:00-08:00,2026-01-01,66,False
2026-01-01 19:54:00-08:00,2026-01-01,-1,True
2026-01-01 19:57:00-08:00,2026-01-01,-1,True
2026-01-01 20:00:00-08:00,2026-01-01,-1,True
2026-01-01 20:03:00-08:00,2026-01-01,-1,True
2026-01-01 20:06:00-08:00,2026-01-01,-1,True
2026-01-01 20:09:00-08:00,2026-01-01,-1,True
2026-01-01 20:12:00-08:00,2026-01-01,-1,True
2026-01-01 20:15:00-08:00,2026-01-01,-1,True
2026-01-01 20:18:00-08:00,2026-01-01,-1,True
2026-01-01 20:21:00-08:00,2026-01-01,-1,True
2026-01-01 20:24:00-08:00,2026-01-01,53,False
2026-01-01 20:27:00-08:00,2026-01-01,42,False
2026-01-01 20:30:00-08:00,2026-01-01,65,False
2026-01-01 20:33:00-08:00,2026-01-01,58,False
2026-01-01 20:36:00-08:00,2026-01-01,49,False
2026-01-01 20:39:00-08:00,2026-01-01,44,False
2026-01-01 20:42:00-08:00,2026-01-01,39,False
2026-01-01 20:45:00-08:00,2026-01-01,40,False
2026-01-01 20:48:00-08:00,2026-01-01,34,False
2026-01-01 20:51:00-08:00,2026-01-01,49,False
2026-01-01 20:54:00-08:00,2026-01-01,39,False
2026-01-01 20:57:00-08:00,2026-01-01,34,False
2026-01-01 21:00:00-08:00,2026-01-01,-2,True
2026-01-01 21:03:00-08:00,2026-01-01,78,False
2026-01-01 21:06:00-08:00,2026-01-01,25,False
2026-01-01 21:09:00-08:00,2026-01-01,32,False
2026-01-01 21:12:00-08:00,2026-01-01,34,False
2026-01-01 21:15:00-08:00,2026-01-01,55,False
2026-01-01 21:18:00-08:00,2026-01-01,72,False
2026-01-01 21:21:00-08:00,2026-01-01,46,False
2026-01-01 21:24:00-08:00,2026-01-01,25,False
2026-01-01 21:27:00-08:00,2026-01-01,31,False
2026-01-01 21:30:00-08:00,2026-01-01,33,False
2026-01-01 21:33:00-08:00,2026-01-01,24,False
2026-01-01 21:36:00-08:00,2026-01-01,32,False
2026-01-01 21:39:00-08:00,2026-01-01,31,False
2026-01-01 21:42:00-08:00,2026-01-01,26,False
2026-01-01 21:45:00-08:00,2026-01-01,32,False
2026-01-01 21:48:00-08:00,2026-01-01,25,False
2026-01-01 21:51:00-08:00,2026-01-01,22,False
2026-01-01 21:54:00-08:00,2026-01-01,23,False
2026-01-01 21:57:00-08:00,2026-01-01,22,False
2026-01-01 22:00:00-08:00,2026-01-01,24,False
2026-01-01 22:03:00-08:00,2026-01-01,19,False
2026-01-01 22:06:00-08:00,2026-01-01,19,False
2026-01-01 22:09:00-08:00,2026-01-01,21,False
2026-01-01 22:12:00-08:00,2026-01-01,20,False
2026-01-01 22:15:00-08:00,2026-01-01,19,False
2026-01-01 22:18:00-08:00,2026-01-01,28,False
2026-01-01 22:21:00-08:00,2026-01-01,20,False
2026-01-01 22:24:00-08:00,2026-01-01,20,False
2026-01-01 22:27:00-08:00,2026-01-01,21,False
2026-01-01 22:30:00-08:00,2026-01-01,17,False
2026-01-01 22:33:00-08:00,2026-01-01,17,False
2026-01-01 22:36:00-08:00,2026-01-01,21,False
2026-01-01 22:39:00-08:00,2026-01-01,51,False
2026-01-01 22:42:00-08:00,2026-01-01,15,False
2026-01-01 22:45:00-08:00,2026-01-01,18,False
2026-01-01 22:48:00-08:00,2026-01-01,21,False
2026-01-01 22:51:00-08:00,2026-01-01,19,False
2026-01-01 22:54:00-08:00,2026-01-01,12,True
2026-01-01 22:57:00-08:00,2026-01-01,12,True
2026-01-01 23:00:00-08:00,2026-01-01,12,True
2026-01-01 23:03:00-08:00,2026-01-01,10,True
2026-01-01 23:06:00-08:00,2026-01-01,12,True
2026-01-01 23:09:00-08:00,2026-01-01,11,True
2026-01-01 23:12:00-08:00,2026-01-01,17,False
2026-01-01 23:15:00-08:00,2026-01-01,12,True
2026-01-01 23:18:00-08:00,2026-01-01,12,True
2026-01-01 23:21:00-08:00,2026-01-01,11,True
2026-01-01 23:24:00-08:00,2026-01-01,17,False
2026-01-01 23:27:00-08:00,2026-01-01,16,False
2026-01-01 23:30:00-08:00,2026-01-01,13,True
2026-01-01 23:33:00-08:00,2026-01-01,12,True
2026-01-01 23:36:00-08:00,2026-01-01,15,False
2026-01-01 23:39:00-08:00,2026-01-01,13,True
2026-01-01 23:42:00-08:00,2026-01-01,12,True
2026-01-01 23:45:00-08:00,2026-01-01,13,True
2026-01-01 23:48:00-08:00,2026-01-01,17,False
2026-01-01 23:51:00-08:00,2026-01-01,58,False
2026-01-01 23:54:00-08:00,2026-01-01,-1,True
2026-01-01 23:57:00-08:00,2026-01-01,17,False
2026-01-02 00:00:00-08:00,2026-01-02,20,False
2026-01-02 00:03:00-08:00,2026-01-02,21,False
2026-01-02 00:06:00-08:00,2026-01-02,21,False
2026-01-02 00:09:00-08:00,2026-01-02,18,False
2026-01-02 00:12:00-08:00,2026-01-02,19,False
2026-01-02 00:15:00-08:00,2026-01-02,15,False
2026-01-02 00:18:00-08:00,2026-01-02,10,True
2026-01-02 00:21:00-08:00,2026-01-02,8,True
2026-01-02 00:24:00-08:00,2026-01-02,6,True
2026-01-02 00:27:00-08:00,2026-01-02,4,True
2026-01-02 00:30:00-08:00,2026-01-02,4,True
2026-01-02 00:33:00-08:00,2026-01-02,6,True
2026-01-02 00:36:00-08:00,2026-01-02,7,True
2026-01-02 00:39:00-08:00,2026-01-02,7,True
2026-01-02 00:42:00-08:00,2026-01-02,8,True
2026-01-02 00:45:00-08:00,2026-01-02,5,True
2026-01-02 00:48:00-08:00,2026-01-02,4,True
2026-01-02 00:51:00-08:00,2026-01-02,7,True
2026-01-02 00:54:00-08:00,2026-01-02,14,True
2026-01-02 00:57:00-08:00,2026-01-02,7,True
2026-01-02 01:00:00-08:00,2026-01-02,6,True
2026-01-02 01:03:00-08:00,2026-01-02,8,True
2026-01-02 01:06:00-08:00,2026-01-02,12,True
2026-01-02 01:09:00-08:00,2026-01-02,12,True
2026-01-02 01:12:00-08:00,2026-01-02,11,True
2026-01-02 01:15:00-08:00,2026-01-02,8,True
2026-01-02 01:18:00-08:00,2026-01-02,6,True
2026-01-02 01:21:00-08:00,2026-01-02,7,True
2026-01-02 01:24:00-08:00,2026-01-02,8,True
2026-01-02 01:27:00-08:00,2026-01-02,10,True
2026-01-02 01:30:00-08:00,2026-01-02,18,False
2026-01-02 01:33:00-08:00,2026-01-02,9,True
2026-01-02 01:36:00-08:00,2026-01-02,11,True
2026-01-02 01:39:00-08:00,2026-01-02,10,True
2026-01-02 01:42:00-08:00,2026-01-02,8,True
2026-01-02 01:45:00-08:00,2026-01-02,9,True
2026-01-02 01:48:00-08:00,2026-01-02,11,True
2026-01-02 01:51:00-08:00,2026-01-02,10,True
2026-01-02 01:54:00-08:00,2026-01-02,10,True
2026-01-02 01:57:00-08:00,2026-01-02,10,True
2026-01-02 02:00:00-08:00,2026-01-02,10,True
2026-01-02 02:03:00-08:00,2026-01-02,8,True
2026-01-02 02:06:00-08:00,2026-01-02,9,True
2026-01-02 02:09:00-08:00,2026-01-02,17,False
2026-01-02 02:12:00-08:00,2026-01-02,23,False
2026-01-02 02:15:00-08:00,2026-01-02,17,False
2026-01-02 02:18:00-08:00,2026-01-02,9,True
2026-01-02 02:21:00-08:00,2026-01-02,15,False
2026-01-02 02:24:00-08:00,2026-01-02,22,False
2026-01-02 02:27:00-08:00,2026-01-02,22,False
2026-01-02 02:30:00-08:00,2026-01-02,17,False
2026-01-02 02:33:00-08:00,2026-01-02,9,True
2026-01-02 02:36:00-08:00,2026-01-02,13,True
2026-01-02 02:39:00-08:00,2026-01-02,11,True
2026-01-02 02:42:00-08:00,2026-01-02,22,False
2026-01-02 02:45:00-08:00,2026-01-02,25,False
2026-01-02 02:48:00-08:00,2026-01-02,19,False
2026-01-02 02:51:00-08:00,2026-01-02,17,False
2026-01-02 02:54:00-08:00,2026-01-02,17,False
2026-01-02 02:57:00-08:00,2026-01-02,18,False
2026-01-02 03:00:00-08:00,2026-01-02,17,False
2026-01-02 03:03:00-08:00,2026-01-02,17,False
2026-01-02 03:06:00-08:00,2026-01-02,16,False
2026-01-02 03:09:00-08:00,2026-01-02,9,True
2026-01-02 03:12:00-08:00,2026-01-02,8,True
2026-01-02 03:15:00-08:00,2026-01-02,26,False
2026-01-02 03:18:00-08:00,2026-01-02,24,False
2026-01-02 03:21:00-08:00,2026-01-02,14,True
2026-01-02 03:24:00-08:00,2026-01-02,6,True
2026-01-02 03:27:00-08:00,2026-01-02,7,True
2026-01-02 03:30:00-08:00,2026-01-02,9,True
2026-01-02 03:33:00-08:00,2026-01-02,16,False
2026-01-02 03:36:00-08:00,2026-01-02,13,True
2026-01-02 03:39:00-08:00,2026-01-02,9,True
2026-01-02 03:42:00-08:00,2026-01-02,12,True
2026-01-02 03:45:00-08:00,2026-01-02,15,False
2026-01-02 03:48:00-08:00,2026-01-02,14,True
2026-01-02 03:51:00-08:00,2026-01-02,9,True
2026-01-02 03:54:00-08:00,2026-01-02,10,True
2026-01-02 03:57:00-08:00,2026-01-02,9,True
2026-01-02 04:00:00-08:00,2026-01-02,9,True
2026-01-02 04:03:00-08:00,2026-01-02,10,True
2026-01-02 04:06:00-08:00,2026-01-02,9,True
2026-01-02 04:09:00-08:00,2026-01-02,9,True
2026-01-02 04:12:00-08:00,2026-01-02,9,True
2026-01-02 07:12:00-08:00,2026-01-02,-1,True
2026-01-02 07:15:00-08:00,2026-01-02,-1,True
2026-01-02 07:18:00-08:00,2026-01-02,-1,True
2026-01-02 07:21:00-08:00,2026-01-02,-1,True
2026-01-02 07:24:00-08:00,2026-01-02,-1,True
2026-01-02 07:27:00-08:00,2026-01-02,-1,True
2026-01-02 07:30:00-08:00,2026-01-02,-1,True
2026-01-02 07:33:00-08:00,2026-01-02,-1,True
2026-01-02 07:36:00-08:00,2026-01-02,-1,True
2026-01-02 07:39:00-08:00,2026-01-02,-1,True
2026-01-02 07:42:00-08:00,2026-01-02,-1,True
2026-01-02 07:45:00-08:00,2026-01-02,-1,True
2026-01-02 07:48:00-08:00,2026-01-02,-1,True
2026-01-02 07:51:00-08:00,2026-01-02,-1,True
2026-01-02 07:54:00-08:00,2026-01-02,-1,True
2026-01-02 07:57:00-08:00,2026-01-02,-1,True
2026-01-02 08:00:00-08:00,2026-01-02,-1,True
2026-01-02 08:03:00-08:00,2026-01-02,-1,True
2026-01-02 08:06:00-08:00,2026-01-02,-1,True
2026-01-02 08:09:00-08:00,2026-01-02,-1,True
2026-01-02 08:12:00-08:00,2026-01-02,-1,True
2026-01-02 08:15:00-08:00,2026-01-02,-1,True
2026-01-02 08:18:00-08:00,2026-01-02,-1,True
2026-01-02 08:21:00-08:00,2026-01-02,-1,True
2026-01-02 08:24:00-08:00,2026-01-02,-1,True
2026-01-02 08:27:00-08:00,2026-01-02,-1,True
2026-01-02 08:30:00-08:00,2026-01-02,-1,True
2026-01-02 08:33:00-08:00,2026-01-02,-1,True
2026-01-02 08:36:00-08:00,2026-01-02,-1,True
2026-01-02 08:39:00-08:00,2026-01-02,-1,True
2026-01-02 08:42:00-08:00,2026-01-02,-1,True
2026-01-02 08:45:00-08:00,2026-01-02,-1,True
2026-01-02 08:48:00-08:00,2026-01-02,-1,True
2026-01-02 08:51:00-08:00,2026-01-02,-1,True
2026-01-02 08:54:00-08:00,2026-01-02,-1,True
2026-01-02 08:57:00-08:00,2026-01-02,-1,True
2026-01-02 09:00:00-08:00,2026-01-02,-1,True
2026-01-02 09:03:00-08:00,2026-01-02,-1,True
2026-01-02 09:06:00-08:00,2026-01-02,-1,True
2026-01-02 09:09:00-08:00,2026-01-02,-1,True
2026-01-02 09:12:00-08:00,2026-01-02,-1,True
2026-01-02 09:15:00-08:00,2026-01-02,-1,True
2026-01-02 09:18:00-08:00,2026-01-02,-1,True
2026-01-02 09:21:00-08:00,2026-01-02,-1,True
2026-01-02 09:39:00-08:00,2026-01-02,-1,True
2026-01-02 09:42:00-08:00,2026-01-02,69,False
2026-01-02 09:45:00-08:00,2026-01-02,58,False
2026-01-02 09:48:00-08:00,2026-01-02,24,False
2026-01-02 09:51:00-08:00,2026-01-02,26,False
2026-01-02 09:54:00-08:00,2026-01-02,23,False
2026-01-02 09:57:00-08:00,2026-01-02,23,False
2026-01-02 10:00:00-08:00,2026-01-02,22,False
2026-01-02 10:03:00-08:00,2026-01-02,22,False
2026-01-02 10:06:00-08:00,2026-01-02,24,False
2026-01-02 10:09:00-08:00,2026-01-02,30,False
2026-01-02 10:12:00-08:00,2026-01-02,23,False
2026-01-02 10:15:00-08:00,2026-01-02,25,False
2026-01-02 10:18:00-08:00,2026-01-02,27,False
2026-01-02 10:21:00-08:00,2026-01-02,25,False
2026-01-02 10:24:00-08:00,2026-01-02,-1,True
2026-01-02 10:27:00-08:00,2026-01-02,-1,True
2026-01-02 10:30:00-08:00,2026-01-02,-2,True
2026-01-02 10:33:00-08:00,2026-01-02,-1,True
2026-01-02 10:36:00-08:00,2026-01-02,45,False
2026-01-02 10:39:00-08:00,2026-01-02,30,False
2026-01-02 10:42:00-08:00,2026-01-02,30,False
2026-01-02 10:45:00-08:00,2026-01-02,41,False
2026-01-02 10:48:00-08:00,2026-01-02,26,False
2026-01-02 10:51:00-08:00,2026-01-02,24,False
2026-01-02 10:54:00-08:00,2026-01-02,28,False
2026-01-02 10:57:00-08:00,2026-01-02,28,False
2026-01-02 11:00:00-08:00,2026-01-02,27,False
2026-01-02 11:03:00-08:00,2026-01-02,25,False
2026-01-02 11:06:00-08:00,2026-01-02,25,False
2026-01-02 11:09:00-08:00,2026-01-02,25,False
2026-01-02 11:12:00-08:00,2026-01-02,28,False
2026-01-02 11:15:00-08:00,2026-01-02,27,False
2026-01-02 11:18:00-08:00,2026-01-02,25,False
2026-01-02 11:21:00-08:00,2026-01-02,24,False
2026-01-02 11:24:00-08:00,2026-01-02,25,False
2026-01-02 11:27:00-08:00,2026-01-02,25,False
2026-01-02 11:30:00-08:00,2026-01-02,25,False
2026-01-02 11:33:00-08:00,2026-01-02,22,False
2026-01-02 11:36:00-08:00,2026-01-02,26,False
2026-01-02 11:39:00-08:00,2026-01-02,24,False
2026-01-02 11:42:00-08:00,2026-01-02,24,False
2026-01-02 11:45:00-08:00,2026-01-02,22,False
2026-01-02 11:48:00-08:00,2026-01-02,22,False
2026-01-02 11:51:00-08:00,2026-01-02,23,False
2026-01-02 11:54:00-08:00,2026-01-02,22,False
2026-01-02 11:57:00-08:00,2026-01-02,25,False
2026-01-02 12:00:00-08:00,2026-01-02,23,False
2026-01-02 12:03:00-08:00,2026-01-02,25,False
2026-01-02 12:06:00-08:00,2026-01-02,25,False
2026-01-02 12:09:00-08:00,2026-01-02,27,False
2026-01-02 12:12:00-08:00,2026-01-02,31,False
2026-01-02 12:15:00-08:00,2026-01-02,23,False
2026-01-02 12:18:00-08:00,2026-01-02,22,False
2026-01-02 12:21:00-08:00,2026-01-02,30,False
2026-01-02 12:24:00-08:00,2026-01-02,64,False
2026-01-02 12:27:00-08:00,2026-01-02,24,False
2026-01-02 12:30:00-08:00,2026-01-02,-1,True
2026-01-02 12:33:00-08:00,2026-01-02,68,False
2026-01-02 12:36:00-08:00,2026-01-02,33,False
2026-01-02 12:39:00-08:00,2026-01-02,53,False
2026-01-02 12:42:00-08:00,2026-01-02,41,False
2026-01-02 12:45:00-08:00,2026-01-02,43,False
2026-01-02 12:48:00-08:00,2026-01-02,44,False
2026-01-02 12:51:00-08:00,2026-01-02,40,False
2026-01-02 12:54:00-08:00,2026-01-02,71,False
2026-01-02 12:57:00-08:00,2026-01-02,58,False
2026-01-02 13:00:00-08:00,2026-01-02,58,False
2026-01-02 13:03:00-08:00,2026-01-02,-1,True
2026-01-02 13:06:00-08:00,2026-01-02,81,False
2026-01-02 13:09:00-08:00,2026-01-02,44,False
2026-01-02 13:12:00-08:00,2026-01-02,47,False
2026-01-02 13:15:00-08:00,2026-01-02,-1,True
2026-01-02 13:18:00-08:00,2026-01-02,75,False
2026-01-02 13:21:00-08:00,2026-01-02,32,False
2026-01-02 13:24:00-08:00,2026-01-02,22,False
2026-01-02 13:27:00-08:00,2026-01-02,23,False
2026-01-02 13:30:00-08:00,2026-01-02,25,False
2026-01-02 13:33:00-08:00,2026-01-02,22,False
2026-01-02 13:36:00-08:00,2026-01-02,24,False
2026-01-02 13:39:00-08:00,2026-01-02,23,False
2026-01-02 13:42:00-08:00,2026-01-02,28,False
2026-01-02 13:45:00-08:00,2026-01-02,39,False
2026-01-02 13:48:00-08:00,2026-01-02,40,False
2026-01-02 13:51:00-08:00,2026-01-02,25,False
2026-01-02 13:54:00-08:00,2026-01-02,49,False
2026-01-02 13:57:00-08:00,2026-01-02,-1,True
2026-01-02 14:00:00-08:00,2026-01-02,35,False
2026-01-02 14:03:00-08:00,2026-01-02,55,False
2026-01-02 14:06:00-08:00,2026-01-02,51,False
2026-01-02 14:09:00-08:00,2026-01-02,37,False
2026-01-02 14:12:00-08:00,2026-01-02,39,False
2026-01-02 14:15:00-08:00,2026-01-02,36,False
2026-01-02 14:18:00-08:00,2026-01-02,50,False
2026-01-02 14:21:00-08:00,2026-01-02,47,False
2026-01-02 14:24:00-08:00,2026-01-02,48,False
2026-01-02 14:27:00-08:00,2026-01-02,49,False
2026-01-02 14:30:00-08:00,2026-01-02,-1,True
2026-01-02 14:33:00-08:00,2026-01-02,30,False
2026-01-02 14:36:00-08:00,2026-01-02,24,False
2026-01-02 14:39:00-08:00,2026-01-02,25,False
2026-01-02 14:42:00-08:00,2026-01-02,49,False
2026-01-02 14:45:00-08:00,2026-01-02,34,False
2026-01-02 14:48:00-08:00,2026-01-02,31,False
2026-01-02 14:51:00-08:00,2026-01-02,40,False
2026-01-02 14:54:00-08:00,2026-01-02,43,False
2026-01-02 14:57:00-08:00,2026-01-02,44,False
2026-01-02 15:00:00-08:00,2026-01-02,-1,True
2026-01-02 15:03:00-08:00,2026-01-02,33,False
2026-01-02 15:06:00-08:00,2026-01-02,28,False
2026-01-02 15:09:00-08:00,2026-01-02,42,False
2026-01-02 15:12:00-08:00,2026-01-02,39,False
2026-01-02 15:15:00-08:00,2026-01-02,45,False
2026-01-02 15:18:00-08:00,2026-01-02,58,False
2026-01-02 15:21:00-08:00,2026-01-02,43,False
2026-01-02 15:24:00-08:00,2026-01-02,52,False
2026-01-02 15:27:00-08:00,2026-01-02,63,False
2026-01-02 15:30:00-08:00,2026-01-02,69,False
2026-01-02 15:33:00-08:00,2026-01-02,67,False
2026-01-02 15:36:00-08:00,2026-01-02,44,False
2026-01-02 15:39:00-08:00,2026-01-02,70,False
2026-01-02 15:42:00-08:00,2026-01-02,62,False
2026-01-02 15:45:00-08:00,2026-01-02,54,False
2026-01-02 15:48:00-08:00,2026-01-02,76,False
2026-01-02 15:51:00-08:00,2026-01-02,-1,True
2026-01-02 15:54:00-08:00,2026-01-02,82,False
2026-01-02 15:57:00-08:00,2026-01-02,53,False
2026-01-02 16:00:00-08:00,2026-01-02,61,False
2026-01-02 16:03:00-08:00,2026-01-02,76,False
2026-01-02 16:06:00-08:00,2026-01-02,80,False
2026-01-02 16:09:00-08:00,2026-01-02,64,False
2026-01-02 16:12:00-08:00,2026-01-02,77,False
2026-01-02 16:15:00-08:00,2026-01-02,77,False
2026-01-02 16:18:00-08:00,2026-01-02,84,False
2026-01-02 16:21:00-08:00,2026-01-02,73,False
2026-01-02 16:24:00-08:00,2026-01-02,76,False
2026-01-02 16:27:00-08:00,2026-01-02,71,False
2026-01-02 16:30:00-08:00,2026-01-02,81,False
2026-01-02 16:33:00-08:00,2026-01-02,75,False
2026-01-02 16:36:00-08:00,2026-01-02,82,False
2026-01-02 16:39:00-08:00,2026-01-02,55,False
2026-01-02 16:42:00-08:00,2026-01-02,73,False
2026-01-02 16:45:00-08:00,2026-01-02,70,False
2026-01-02 16:48:00-08:00,2026-01-02,70,False
2026-01-02 16:51:00-08:00,2026-01-02,84,False
2026-01-02 16:54:00-08:00,2026-01-02,77,False
2026-01-02 16:57:00-08:00,2026-01-02,70,False
2026-01-02 17:00:00-08:00,2026-01-02,70,False
2026-01-02 17:03:00-08:00,2026-01-02,76,False
2026-01-02 17:06:00-08:00,2026-01-02,80,False
2026-01-02 17:09:00-08:00,2026-01-02,84,False
2026-01-02 17:12:00-08:00,2026-01-02,85,False
2026-01-02 17:15:00-08:00,2026-01-02,85,False
2026-01-02 17:18:00-08:00,2026-01-02,-1,True
2026-01-02 17:21:00-08:00,2026-01-02,-2,True
2026-01-02 17:24:00-08:00,2026-01-02,-2,True
2026-01-02 17:27:00-08:00,2026-01-02,-2,True
2026-01-02 17:30:00-08:00,2026-01-02,93,False
2026-01-02 17:33:00-08:00,2026-01-02,-1,True
2026-01-02 17:36:00-08:00,2026-01-02,-1,True
2026-01-02 17:39:00-08:00,2026-01-02,-1,True
2026-01-02 17:42:00-08:00,2026-01-02,83,False
2026-01-02 17:45:00-08:00,2026-01-02,60,False
2026-01-02 17:48:00-08:00,2026-01-02,-2,True
2026-01-02 17:51:00-08:00,2026-01-02,-1,True
2026-01-02 17:54:00-08:00,2026-01-02,76,False
2026-01-02 17:57:00-08:00,2026-01-02,61,False
2026-01-02 18:00:00-08:00,2026-01-02,64,False
2026-01-02 18:03:00-08:00,2026-01-02,69,False
2026-01-02 18:06:00-08:00,2026-01-02,77,False
2026-01-02 18:09:00-08:00,2026-01-02,73,False
2026-01-02 18:12:00-08:00,2026-01-02,65,False
2026-01-02 18:15:00-08:00,2026-01-02,78,False
2026-01-02 18:18:00-08:00,2026-01-02,67,False
2026-01-02 18:21:00-08:00,2026-01-02,59,False
2026-01-02 18:24:00-08:00,2026-01-02,82,False
2026-01-02 18:27:00-08:00,2026-01-02,-1,True
2026-01-02 18:30:00-08:00,2026-01-02,78,False
2026-01-02 18:33:00-08:00,2026-01-02,76,False
2026-01-02 18:36:00-08:00,2026-01-02,68,False
2026-01-02 18:39:00-08:00,2026-01-02,44,False
2026-01-02 18:42:00-08:00,2026-01-02,85,False
2026-01-02 18:45:00-08:00,2026-01-02,-1,True
2026-01-02 18:48:00-08:00,2026-01-02,79,False
2026-01-02 18:51:00-08:00,2026-01-02,-1,True
2026-01-02 18:54:00-08:00,2026-01-02,54,False
2026-01-02 18:57:00-08:00,2026-01-02,62,False
2026-01-02 19:00:00-08:00,2026-01-02,61,False
2026-01-02 19:03:00-08:00,2026-01-02,-1,True
2026-01-02 19:06:00-08:00,2026-01-02,83,False
2026-01-02 19:09:00-08:00,2026-01-02,55,False
2026-01-02 19:12:00-08:00,2026-01-02,79,False
2026-01-02 19:15:00-08:00,2026-01-02,70,False
2026-01-02 19:18:00-08:00,2026-01-02,80,False
2026-01-02 19:21:00-08:00,2026-01-02,72,False
2026-01-02 19:24:00-08:00,2026-01-02,86,False
2026-01-02 19:27:00-08:00,2026-01-02,87,False
2026-01-02 19:30:00-08:00,2026-01-02,-1,True
2026-01-02 19:33:00-08:00,2026-01-02,-2,True
2026-01-02 19:36:00-08:00,2026-01-02,93,False
2026-01-02 19:39:00-08:00,2026-01-02,83,False
2026-01-02 19:42:00-08:00,2026-01-02,67,False
2026-01-02 19:45:00-08:00,2026-01-02,69,False
2026-01-02 19:48:00-08:00,2026-01-02,51,False
2026-01-02 19:51:00-08:00,2026-01-02,-1,True
2026-01-02 19:54:00-08:00,2026-01-02,37,False
2026-01-02 19:57:00-08:00,2026-01-02,37,False
2026-01-02 20:00:00-08:00,2026-01-02,49,False
2026-01-02 20:03:00-08:00,2026-01-02,43,False
2026-01-02 20:06:00-08:00,2026-01-02,24,False
2026-01-02 20:09:00-08:00,2026-01-02,39,False
2026-01-02 20:12:00-08:00,2026-01-02,31,False
2026-01-02 20:15:00-08:00,2026-01-02,28,False
2026-01-02 20:18:00-08:00,2026-01-02,21,False
2026-01-02 20:21:00-08:00,2026-01-02,22,False
2026-01-02 20:24:00-08:00,2026-01-02,24,False
2026-01-02 20:27:00-08:00,2026-01-02,25,False
2026-01-02 20:30:00-08:00,2026-01-02,29,False
2026-01-02 20:33:00-08:00,2026-01-02,25,False
2026-01-02 20:36:00-08:00,2026-01-02,26,False
2026-01-02 20:39:00-08:00,2026-01-02,22,False
2026-01-02 20:42:00-08:00,2026-01-02,23,False
2026-01-02 20:45:00-08:00,2026-01-02,22,False
2026-01-02 20:48:00-08:00,2026-01-02,25,False
2026-01-02 20:51:00-08:00,2026-01-02,23,False
2026-01-02 20:54:00-08:00,2026-01-02,24,False
2026-01-02 20:57:00-08:00,2026-01-02,21,False
2026-01-02 21:00:00-08:00,2026-01-02,23,False
2026-01-02 21:03:00-08:00,2026-01-02,26,False
2026-01-02 21:06:00-08:00,2026-01-02,32,False
2026-01-02 21:09:00-08:00,2026-01-02,35,False
2026-01-02 21:12:00-08:00,2026-01-02,49,False
2026-01-02 21:15:00-08:00,2026-01-02,26,False
2026-01-02 21:18:00-08:00,2026-01-02,35,False
2026-01-02 21:21:00-08:00,2026-01-02,51,False
2026-01-02 21:24:00-08:00,2026-01-02,22,False
2026-01-02 21:27:00-08:00,2026-01-02,32,False
2026-01-02 21:30:00-08:00,2026-01-02,33,False
2026-01-02 21:33:00-08:00,2026-01-02,43,False
2026-01-02 21:36:00-08:00,2026-01-02,58,False
2026-01-02 21:39:00-08:00,2026-01-02,39,False
2026-01-02 21:42:00-08:00,2026-01-02,41,False
2026-01-02 21:45:00-08:00,2026-01-02,28,False
2026-01-02 21:48:00-08:00,2026-01-02,48,False
2026-01-02 21:51:00-08:00,2026-01-02,37,False
2026-01-02 21:54:00-08:00,2026-01-02,52,False
2026-01-02 21:57:00-08:00,2026-01-02,52,False
2026-01-02 22:00:00-08:00,2026-01-02,24,False
2026-01-02 22:03:00-08:00,2026-01-02,28,False
2026-01-02 22:06:00-08:00,2026-01-02,38,False
2026-01-02 22:09:00-08:00,2026-01-02,37,False
2026-01-02 22:12:00-08:00,2026-01-02,25,False
2026-01-02 22:15:00-08:00,2026-01-02,43,False
2026-01-02 22:18:00-08:00,2026-01-02,42,False
2026-01-02 22:21:00-08:00,2026-01-02,58,False
2026-01-02 22:24:00-08:00,2026-01-02,37,False
2026-01-02 22:27:00-08:00,2026-01-02,28,False
2026-01-02 22:30:00-08:00,2026-01-02,43,False
2026-01-02 22:33:00-08:00,2026-01-02,28,False
2026-01-02 22:36:00-08:00,2026-01-02,24,False
2026-01-02 22:39:00-08:00,2026-01-02,31,False
2026-01-02 22:42:00-08:00,2026-01-02,26,False
2026-01-02 22:45:00-08:00,2026-01-02,32,False
2026-01-02 22:48:00-08:00,2026-01-02,37,False
2026-01-02 22:51:00-08:00,2026-01-02,32,False
2026-01-02 22:54:00-08:00,2026-01-02,43,False
2026-01-02 22:57:00-08:00,2026-01-02,29,False
2026-01-02 23:00:00-08:00,2026-01-02,28,False
2026-01-02 23:03:00-08:00,2026-01-02,26,False
2026-01-02 23:06:00-08:00,2026-01-02,24,False
2026-01-02 23:09:00-08:00,2026-01-02,25,False
2026-01-02 23:12:00-08:00,2026-01-02,25,False
2026-01-02 23:15:00-08:00,2026-01-02,24,False
2026-01-02 23:18:00-08:00,2026-01-02,25,False
2026-01-02 23:21:00-08:00,2026-01-02,31,False
2026-01-02 23:24:00-08:00,2026-01-02,27,False
2026-01-02 23:27:00-08:00,2026-01-02,30,False
2026-01-02 23:30:00-08:00,2026-01-02,23,False
2026-01-02 23:33:00-08:00,2026-01-02,24,False
2026-01-02 23:36:00-08:00,2026-01-02,16,False
2026-01-02 23:39:00-08:00,2026-01-02,13,True
2026-01-02 23:42:00-08:00,2026-01-02,13,True
2026-01-02 23:45:00-08:00,2026-01-02,14,True
2026-01-02 23:48:00-08:00,2026-01-02,16,False
2026-01-02 23:51:00-08:00,2026-01-02,16,False
2026-01-02 23:54:00-08:00,2026-01-02,17,False
2026-01-02 23:57:00-08:00,2026-01-02,16,False
2026-01-03 00:00:00-08:00,2026-01-03,15,False
2026-01-03 00:03:00-08:00,2026-01-03,16,False
2026-01-03 00:06:00-08:00,2026-01-03,17,False
2026-01-03 00:09:00-08:00,2026-01-03,14,True
2026-01-03 00:12:00-08:00,2026-01-03,12,True
2026-01-03 00:15:00-08:00,2026-01-03,12,True
2026-01-03 00:18:00-08:00,2026-01-03,13,True
2026-01-03 00:21:00-08:00,2026-01-03,12,True
2026-01-03 00:24:00-08:00,2026-01-03,13,True
2026-01-03 00:27:00-08:00,2026-01-03,9,True
2026-01-03 00:30:00-08:00,2026-01-03,13,True
2026-01-03 00:33:00-08:00,2026-01-03,11,True
2026-01-03 00:36:00-08:00,2026-01-03,13,True
2026-01-03 00:39:00-08:00,2026-01-03,16,False
2026-01-03 00:42:00-08:00,2026-01-03,15,False
2026-01-03 00:45:00-08:00,2026-01-03,15,False
2026-01-03 00:48:00-08:00,2026-01-03,12,True
2026-01-03 00:51:00-08:00,2026-01-03,13,True
2026-01-03 00:54:00-08:00,2026-01-03,17,False
2026-01-03 00:57:00-08:00,2026-01-03,18,False
2026-01-03 01:00:00-08:00,2026-01-03,19,False
2026-01-03 01:03:00-08:00,2026-01-03,16,False
2026-01-03 01:06:00-08:00,2026-01-03,19,False
2026-01-03 01:09:00-08:00,2026-01-03,19,False
2026-01-03 01:12:00-08:00,2026-01-03,21,False
2026-01-03 01:15:00-08:00,2026-01-03,17,False
2026-01-03 01:18:00-08:00,2026-01-03,16,False
2026-01-03 01:21:00-08:00,2026-01-03,16,False
2026-01-03 01:24:00-08:00,2026-01-03,19,False
2026-01-03 01:27:00-08:00,2026-01-03,22,False
2026-01-03 01:30:00-08:00,2026-01-03,20,False
2026-01-03 01:33:00-08:00,2026-01-03,18,False
2026-01-03 01:36:00-08:00,2026-01-03,21,False
2026-01-03 01:39:00-08:00,2026-01-03,21,False
2026-01-03 01:42:00-08:00,2026-01-03,18,False
2026-01-03 01:45:00-08:00,2026-01-03,17,False
2026-01-03 01:48:00-08:00,2026-01-03,15,False
2026-01-03 01:51:00-08:00,2026-01-03,17,False
2026-01-03 01:54:00-08:00,2026-01-03,20,False
2026-01-03 01:57:00-08:00,2026-01-03,21,False
2026-01-03 02:00:00-08:00,2026-01-03,34,False
2026-01-03 02:03:00-08:00,2026-01-03,28,False
2026-01-03 02:06:00-08:00,2026-01-03,25,False
2026-01-03 02:09:00-08:00,2026-01-03,23,False
2026-01-03 02:12:00-08:00,2026-01-03,22,False
2026-01-03 02:15:00-08:00,2026-01-03,18,False
2026-01-03 02:18:00-08:00,2026-01-03,21,False
2026-01-03 02:21:00-08:00,2026-01-03,23,False
2026-01-03 02:24:00-08:00,2026-01-03,20,False
2026-01-03 02:27:00-08:00,2026-01-03,20,False
2026-01-03 02:30:00-08:00,2026-01-03,19,False
2026-01-03 02:33:00-08:00,2026-01-03,20,False
2026-01-03 02:36:00-08:00,2026-01-03,19,False
2026-01-03 02:39:00-08:00,2026-01-03,19,False
2026-01-03 02:42:00-08:00,2026-01-03,18,False
2026-01-03 02:45:00-08:00,2026-01-03,18,False
2026-01-03 02:48:00-08:00,2026-01-03,18,False
2026-01-03 02:51:00-08:00,2026-01-03,16,False
2026-01-03 02:54:00-08:00,2026-01-03,12,True
2026-01-03 02:57:00-08:00,2026-01-03,19,False
2026-01-03 03:00:00-08:00,2026-01-03,20,False
2026-01-03 03:03:00-08:00,2026-01-03,19,False
2026-01-03 03:06:00-08:00,2026-01-03,17,False
2026-01-03 03:09:00-08:00,2026-01-03,18,False
2026-01-03 03:12:00-08:00,2026-01-03,17,False
2026-01-03 03:15:00-08:00,2026-01-03,17,False
2026-01-03 03:18:00-08:00,2026-01-03,19,False
2026-01-03 03:21:00-08:00,2026-01-03,17,False
2026-01-03 03:24:00-08:00,2026-01-03,15,False
2026-01-03 03:27:00-08:00,2026-01-03,10,True
2026-01-03 03:30:00-08:00,2026-01-03,13,True
2026-01-03 03:33:00-08:00,2026-01-03,24,False
2026-01-03 03:36:00-08:00,2026-01-03,13,True
2026-01-03 03:39:00-08:00,2026-01-03,12,True
2026-01-03 03:42:00-08:00,2026-01-03,18,False
2026-01-03 03:45:00-08:00,2026-01-03,22,False
2026-01-03 03:48:00-08:00,2026-01-03,19,False
2026-01-03 03:51:00-08:00,2026-01-03,20,False
2026-01-03 03:54:00-08:00,2026-01-03,37,False
2026-01-03 03:57:00-08:00,2026-01-03,16,False
2026-01-03 04:00:00-08:00,2026-01-03,17,False
2026-01-03 04:03:00-08:00,2026-01-03,10,True
2026-01-03 04:06:00-08:00,2026-01-03,15,False
2026-01-03 04:09:00-08:00,2026-01-03,18,False
2026-01-03 04:12:00-08:00,2026-01-03,24,False
2026-01-03 04:15:00-08:00,2026-01-03,20,False
2026-01-03 04:18:00-08:00,2026-01-03,23,False
2026-01-03 04:21:00-08:00,2026-01-03,22,False
2026-01-03 04:24:00-08:00,2026-01-03,23,False
2026-01-03 04:27:00-08:00,2026-01-03,21,False
2026-01-03 04:30:00-08:00,2026-01-03,19,False
2026-01-03 04:33:00-08:00,2026-01-03,17,False
2026-01-03 04:36:00-08:00,2026-01-03,19,False
2026-01-03 04:39:00-08:00,2026-01-03,19,False
2026-01-03 04:42:00-08:00,2026-01-03,19,False
2026-01-03 04:45:00-08:00,2026-01-03,20,False
2026-01-03 04:48:00-08:00,2026-01-03,19,False
2026-01-03 04:51:00-08:00,2026-01-03,19,False
2026-01-03 04:54:00-08:00,2026-01-03,20,False
2026-01-03 04:57:00-08:00,2026-01-03,14,True
2026-01-03 05:00:00-08:00,2026-01-03,19,False
2026-01-03 05:03:00-08:00,2026-01-03,18,False
2026-01-03 05:06:00-08:00,2026-01-03,17,False
2026-01-03 05:09:00-08:00,2026-01-03,16,False
2026-01-03 05:12:00-08:00,2026-01-03,19,False
2026-01-03 05:15:00-08:00,2026-01-03,21,False
2026-01-03 05:18:00-08:00,2026-01-03,20,False
2026-01-03 05:21:00-08:00,2026-01-03,16,False
2026-01-03 05:24:00-08:00,2026-01-03,22,False
2026-01-03 05:27:00-08:00,2026-01-03,24,False
2026-01-03 05:30:00-08:00,2026-01-03,19,False
2026-01-03 05:33:00-08:00,2026-01-03,15,False
2026-01-03 05:36:00-08:00,2026-01-03,15,False
2026-01-03 05:39:00-08:00,2026-01-03,18,False
2026-01-03 05:42:00-08:00,2026-01-03,18,False
2026-01-03 05:45:00-08:00,2026-01-03,20,False
2026-01-03 05:48:00-08:00,2026-01-03,22,False
2026-01-03 05:51:00-08:00,2026-01-03,18,False
2026-01-03 05:54:00-08:00,2026-01-03,20,False
2026-01-03 05:57:00-08:00,2026-01-03,17,False
2026-01-03 06:00:00-08:00,2026-01-03,14,True
2026-01-03 06:03:00-08:00,2026-01-03,17,False
2026-01-03 06:06:00-08:00,2026-01-03,17,False
2026-01-03 06:09:00-08:00,2026-01-03,21,False
2026-01-03 06:12:00-08:00,2026-01-03,19,False
2026-01-03 06:15:00-08:00,2026-01-03,21,False
2026-01-03 06:18:00-08:00,2026-01-03,20,False
2026-01-03 06:21:00-08:00,2026-01-03,23,False
2026-01-03 06:24:00-08:00,2026-01-03,20,False
2026-01-03 06:27:00-08:00,2026-01-03,19,False
2026-01-03 06:30:00-08:00,2026-01-03,17,False
2026-01-03 06:33:00-08:00,2026-01-03,19,False
2026-01-03 06:36:00-08:00,2026-01-03,56,False
2026-01-03 06:39:00-08:00,2026-01-03,44,False
2026-01-03 06:42:00-08:00,2026-01-03,51,False
2026-01-03 06:45:00-08:00,2026-01-03,54,False
2026-01-03 06:48:00-08:00,2026-01-03,37,False
2026-01-03 06:51:00-08:00,2026-01-03,44,False
2026-01-03 06:54:00-08:00,2026-01-03,37,False
2026-01-03 06:57:00-08:00,2026-01-03,36,False
2026-01-03 07:00:00-08:00,2026-01-03,34,False
2026-01-03 07:03:00-08:00,2026-01-03,18,False
2026-01-03 07:06:00-08:00,2026-01-03,18,False
2026-01-03 07:09:00-08:00,2026-01-03,18,False
2026-01-03 07:12:00-08:00,2026-01-03,31,False
2026-01-03 07:15:00-08:00,2026-01-03,30,False
2026-01-03 07:18:00-08:00,2026-01-03,25,False
2026-01-03 07:21:00-08:00,2026-01-03,24,False
2026-01-03 07:24:00-08:00,2026-01-03,20,False
2026-01-03 07:27:00-08:00,2026-01-03,20,False
2026-01-03 07:30:00-08:00,2026-01-03,21,False
2026-01-03 07:33:00-08:00,2026-01-03,17,False
2026-01-03 07:36:00-08:00,2026-01-03,15,False
2026-01-03 07:39:00-08:00,2026-01-03,17,False
2026-01-03 07:42:00-08:00,2026-01-03,21,False
2026-01-03 07:45:00-08:00,2026-01-03,21,False
2026-01-03 07:48:00-08:00,2026-01-03,13,True
2026-01-03 07:51:00-08:00,2026-01-03,24,False
2026-01-03 07:54:00-08:00,2026-01-03,52,False
2026-01-03 07:57:00-08:00,2026-01-03,83,False
2026-01-03 08:00:00-08:00,2026-01-03,40,False
2026-01-03 08:03:00-08:00,2026-01-03,63,False
2026-01-03 08:06:00-08:00,2026-01-03,41,False
2026-01-03 08:09:00-08:00,2026-01-03,50,False
2026-01-03 08:12:00-08:00,2026-01-03,25,False
2026-01-03 08:15:00-08:00,2026-01-03,43,False
2026-01-03 08:18:00-08:00,2026-01-03,37,False
2026-01-03 08:21:00-08:00,2026-01-03,34,False
2026-01-03 08:24:00-08:00,2026-01-03,33,False
2026-01-03 08:27:00-08:00,2026-01-03,34,False
2026-01-03 08:30:00-08:00,2026-01-03,33,False
2026-01-03 08:33:00-08:00,2026-01-03,34,False
2026-01-03 08:36:00-08:00,2026-01-03,-2,True
2026-01-03 08:39:00-08:00,2026-01-03,-2,True
2026-01-03 08:42:00-08:00,2026-01-03,-1,True
2026-01-03 08:45:00-08:00,2026-01-03,86,False
2026-01-03 08:48:00-08:00,2026-01-03,-1,True
2026-01-03 08:51:00-08:00,2026-01-03,65,False
2026-01-03 08:54:00-08:00,2026-01-03,29,False
2026-01-03 08:57:00-08:00,2026-01-03,28,False
2026-01-03 09:00:00-08:00,2026-01-03,25,False
2026-01-03 09:03:00-08:00,2026-01-03,31,False
2026-01-03 09:06:00-08:00,2026-01-03,40,False
2026-01-03 09:09:00-08:00,2026-01-03,31,False
2026-01-03 09:12:00-08:00,2026-01-03,34,False
2026-01-03 09:15:00-08:00,2026-01-03,42,False
2026-01-03 09:18:00-08:00,2026-01-03,39,False
2026-01-03 09:21:00-08:00,2026-01-03,33,False
2026-01-03 09:24:00-08:00,2026-01-03,32,False
2026-01-03 09:27:00-08:00,2026-01-03,29,False
2026-01-03 09:30:00-08:00,2026-01-03,29,False
2026-01-03 09:33:00-08:00,2026-01-03,30,False
2026-01-03 09:36:00-08:00,2026-01-03,33,False
2026-01-03 09:39:00-08:00,2026-01-03,39,False
2026-01-03 09:42:00-08:00,2026-01-03,31,False
2026-01-03 09:45:00-08:00,2026-01-03,21,False
2026-01-03 09:48:00-08:00,2026-01-03,22,False
2026-01-03 09:51:00-08:00,2026-01-03,18,False
2026-01-03 09:54:00-08:00,2026-01-03,22,False
2026-01-03 09:57:00-08:00,2026-01-03,22,False
2026-01-03 10:00:00-08:00,2026-01-03,34,False
2026-01-03 10:03:00-08:00,2026-01-03,34,False
2026-01-03 10:06:00-08:00,2026-01-03,32,False
2026-01-03 10:09:00-08:00,2026-01-03,23,False
2026-01-03 10:12:00-08:00,2026-01-03,25,False
2026-01-03 10:15:00-08:00,2026-01-03,26,False
2026-01-03 10:18:00-08:00,2026-01-03,28,False
2026-01-03 10:21:00-08:00,2026-01-03,26,False
2026-01-03 10:24:00-08:00,2026-01-03,28,False
2026-01-03 10:27:00-08:00,2026-01-03,38,False
2026-01-03 10:30:00-08:00,2026-01-03,41,False
2026-01-03 10:33:00-08:00,2026-01-03,31,False
2026-01-03 10:36:00-08:00,2026-01-03,33,False
2026-01-03 10:39:00-08:00,2026-01-03,33,False
2026-01-03 10:42:00-08:00,2026-01-03,34,False
2026-01-03 10:45:00-08:00,2026-01-03,21,False
2026-01-03 10:48:00-08:00,2026-01-03,20,False
2026-01-03 10:51:00-08:00,2026-01-03,20,False
2026-01-03 10:54:00-08:00,2026-01-03,25,False
2026-01-03 10:57:00-08:00,2026-01-03,28,False
2026-01-03 11:00:00-08:00,2026-01-03,24,False
2026-01-03 11:03:00-08:00,2026-01-03,-2,True
2026-01-03 11:06:00-08:00,2026-01-03,84,False
2026-01-03 11:09:00-08:00,2026-01-03,-1,True
2026-01-03 11:12:00-08:00,2026-01-03,85,False
2026-01-03 11:15:00-08:00,2026-01-03,83,False
2026-01-03 11:18:00-08:00,2026-01-03,67,False
2026-01-03 11:21:00-08:00,2026-01-03,-2,True
2026-01-03 11:24:00-08:00,2026-01-03,-2,True
2026-01-03 11:27:00-08:00,2026-01-03,-1,True
2026-01-03 11:30:00-08:00,2026-01-03,70,False
2026-01-03 11:33:00-08:00,2026-01-03,59,False
2026-01-03 11:36:00-08:00,2026-01-03,40,False
2026-01-03 11:39:00-08:00,2026-01-03,47,False
2026-01-03 11:42:00-08:00,2026-01-03,60,False
2026-01-03 11:45:00-08:00,2026-01-03,56,False
2026-01-03 11:48:00-08:00,2026-01-03,56,False
2026-01-03 11:51:00-08:00,2026-01-03,64,False
2026-01-03 11:54:00-08:00,2026-01-03,-2,True
2026-01-03 11:57:00-08:00,2026-01-03,-2,True
2026-01-03 12:00:00-08:00,2026-01-03,-2,True
2026-01-03 12:03:00-08:00,2026-01-03,-1,True
2026-01-03 12:06:00-08:00,2026-01-03,75,False
2026-01-03 12:09:00-08:00,2026-01-03,66,False
2026-01-03 12:12:00-08:00,2026-01-03,87,False
2026-01-03 12:15:00-08:00,2026-01-03,82,False
2026-01-03 12:18:00-08:00,2026-01-03,79,False
2026-01-03 12:21:00-08:00,2026-01-03,80,False
2026-01-03 12:24:00-08:00,2026-01-03,80,False
2026-01-03 12:27:00-08:00,2026-01-03,-1,True
2026-01-03 12:30:00-08:00,2026-01-03,76,False
2026-01-03 12:33:00-08:00,2026-01-03,74,False
2026-01-03 12:36:00-08:00,2026-01-03,79,False
2026-01-03 12:39:00-08:00,2026-01-03,-1,True
2026-01-03 12:42:00-08:00,2026-01-03,80,False
2026-01-03 12:45:00-08:00,2026-01-03,78,False
2026-01-03 12:48:00-08:00,2026-01-03,73,False
2026-01-03 12:51:00-08:00,2026-01-03,77,False
2026-01-03 12:54:00-08:00,2026-01-03,70,False
2026-01-03 12:57:00-08:00,2026-01-03,78,False
2026-01-03 13:00:00-08:00,2026-01-03,76,False
2026-01-03 13:03:00-08:00,2026-01-03,79,False
2026-01-03 13:06:00-08:00,2026-01-03,69,False
2026-01-03 13:09:00-08:00,2026-01-03,68,False
2026-01-03 13:12:00-08:00,2026-01-03,-1,True
2026-01-03 13:15:00-08:00,2026-01-03,37,False
2026-01-03 13:18:00-08:00,2026-01-03,-1,True
2026-01-03 13:21:00-08:00,2026-01-03,-1,True
2026-01-03 13:24:00-08:00,2026-01-03,66,False
2026-01-03 13:27:00-08:00,2026-01-03,46,False
2026-01-03 13:30:00-08:00,2026-01-03,54,False
2026-01-03 13:33:00-08:00,2026-01-03,62,False
2026-01-03 13:36:00-08:00,2026-01-03,49,False
2026-01-03 13:39:00-08:00,2026-01-03,63,False
2026-01-03 13:42:00-08:00,2026-01-03,52,False
2026-01-03 13:45:00-08:00,2026-01-03,47,False
2026-01-03 13:48:00-08:00,2026-01-03,73,False
2026-01-03 13:51:00-08:00,2026-01-03,-1,True
2026-01-03 13:54:00-08:00,2026-01-03,-1,True
2026-01-03 13:57:00-08:00,2026-01-03,67,False
2026-01-03 14:00:00-08:00,2026-01-03,46,False
2026-01-03 14:03:00-08:00,2026-01-03,-1,True
2026-01-03 14:06:00-08:00,2026-01-03,-2,True
2026-01-03 14:09:00-08:00,2026-01-03,-1,True
2026-01-03 14:12:00-08:00,2026-01-03,-2,True
2026-01-03 14:15:00-08:00,2026-01-03,79,False
2026-01-03 14:18:00-08:00,2026-01-03,85,False
2026-01-03 14:21:00-08:00,2026-01-03,76,False
2026-01-03 14:24:00-08:00,2026-01-03,74,False
2026-01-03 14:27:00-08:00,2026-01-03,83,False
2026-01-03 14:30:00-08:00,2026-01-03,-1,True
2026-01-03 14:33:00-08:00,2026-01-03,65,False
2026-01-03 14:36:00-08:00,2026-01-03,73,False
2026-01-03 14:39:00-08:00,2026-01-03,60,False
2026-01-03 14:42:00-08:00,2026-01-03,60,False
2026-01-03 14:45:00-08:00,2026-01-03,60,False
2026-01-03 14:48:00-08:00,2026-01-03,52,False
2026-01-03 14:51:00-08:00,2026-01-03,57,False
2026-01-03 14:54:00-08:00,2026-01-03,73,False
2026-01-03 14:57:00-08:00,2026-01-03,64,False
2026-01-03 15:00:00-08:00,2026-01-03,58,False
2026-01-03 15:03:00-08:00,2026-01-03,53,False
2026-01-03 15:06:00-08:00,2026-01-03,50,False
2026-01-03 15:09:00-08:00,2026-01-03,70,False
2026-01-03 15:12:00-08:00,2026-01-03,-1,True
2026-01-03 15:15:00-08:00,2026-01-03,-2,True
2026-01-03 15:18:00-08:00,2026-01-03,-2,True
2026-01-03 15:21:00-08:00,2026-01-03,-1,True
2026-01-03 15:24:00-08:00,2026-01-03,78,False
2026-01-03 15:27:00-08:00,2026-01-03,-2,True
2026-01-03 15:30:00-08:00,2026-01-03,-2,True
2026-01-03 15:33:00-08:00,2026-01-03,85,False
2026-01-03 15:36:00-08:00,2026-01-03,73,False
2026-01-03 15:39:00-08:00,2026-01-03,81,False
2026-01-03 15:42:00-08:00,2026-01-03,79,False
2026-01-03 15:45:00-08:00,2026-01-03,73,False
2026-01-03 15:48:00-08:00,2026-01-03,78,False
2026-01-03 15:51:00-08:00,2026-01-03,71,False
2026-01-03 15:54:00-08:00,2026-01-03,-2,True
2026-01-03 15:57:00-08:00,2026-01-03,-2,True
2026-01-03 16:00:00-08:00,2026-01-03,-1,True
2026-01-03 16:03:00-08:00,2026-01-03,37,False
2026-01-03 16:06:00-08:00,2026-01-03,46,False
2026-01-03 16:09:00-08:00,2026-01-03,34,False
2026-01-03 16:12:00-08:00,2026-01-03,43,False
2026-01-03 16:15:00-08:00,2026-01-03,35,False
2026-01-03 16:18:00-08:00,2026-01-03,26,False
2026-01-03 16:21:00-08:00,2026-01-03,23,False
2026-01-03 16:24:00-08:00,2026-01-03,25,False
2026-01-03 16:27:00-08:00,2026-01-03,77,False
2026-01-03 16:30:00-08:00,2026-01-03,40,False
2026-01-03 16:33:00-08:00,2026-01-03,52,False
2026-01-03 16:36:00-08:00,2026-01-03,52,False
2026-01-03 16:39:00-08:00,2026-01-03,28,False
2026-01-03 16:42:00-08:00,2026-01-03,59,False
2026-01-03 16:45:00-08:00,2026-01-03,41,False
2026-01-03 16:48:00-08:00,2026-01-03,58,False
2026-01-03 16:51:00-08:00,2026-01-03,52,False
2026-01-03 16:54:00-08:00,2026-01-03,63,False
2026-01-03 16:57:00-08:00,2026-01-03,52,False
2026-01-03 17:00:00-08:00,2026-01-03,38,False
2026-01-03 17:03:00-08:00,2026-01-03,52,False
2026-01-03 17:06:00-08:00,2026-01-03,60,False
2026-01-03 17:09:00-08:00,2026-01-03,70,False
2026-01-03 17:12:00-08:00,2026-01-03,40,False
2026-01-03 17:15:00-08:00,2026-01-03,49,False
2026-01-03 17:18:00-08:00,2026-01-03,44,False
2026-01-03 17:21:00-08:00,2026-01-03,53,False
2026-01-03 17:24:00-08:00,2026-01-03,37,False
2026-01-03 17:27:00-08:00,2026-01-03,36,False
2026-01-03 17:30:00-08:00,2026-01-03,40,False
2026-01-03 17:33:00-08:00,2026-01-03,40,False
2026-01-03 17:36:00-08:00,2026-01-03,39,False
2026-01-03 17:39:00-08:00,2026-01-03,37,False
2026-01-03 17:42:00-08:00,2026-01-03,-1,True
2026-01-03 17:45:00-08:00,2026-01-03,70,False
2026-01-03 17:48:00-08:00,2026-01-03,64,False
2026-01-03 17:51:00-08:00,2026-01-03,-1,True
2026-01-03 17:54:00-08:00,2026-01-03,73,False
2026-01-03 17:57:00-08:00,2026-01-03,83,False
2026-01-03 18:00:00-08:00,2026-01-03,87,False
2026-01-03 18:03:00-08:00,2026-01-03,91,False
2026-01-03 18:06:00-08:00,2026-01-03,92,False
2026-01-03 18:09:00-08:00,2026-01-03,95,False
2026-01-03 18:12:00-08:00,2026-01-03,62,False
2026-01-03 18:15:00-08:00,2026-01-03,87,False
2026-01-03 18:18:00-08:00,2026-01-03,-1,True
2026-01-03 18:21:00-08:00,2026-01-03,94,False
2026-01-03 18:24:00-08:00,2026-01-03,-1,True
2026-01-03 18:27:00-08:00,2026-01-03,93,False
2026-01-03 18:30:00-08:00,2026-01-03,76,False
2026-01-03 18:33:00-08:00,2026-01-03,55,False
2026-01-03 18:36:00-08:00,2026-01-03,55,False
2026-01-03 18:39:00-08:00,2026-01-03,22,False
2026-01-03 18:42:00-08:00,2026-01-03,25,False
2026-01-03 18:45:00-08:00,2026-01-03,25,False
2026-01-03 18:48:00-08:00,2026-01-03,24,False
2026-01-03 18:51:00-08:00,2026-01-03,-1,True
2026-01-03 18:54:00-08:00,2026-01-03,-2,True
2026-01-03 18:57:00-08:00,2026-01-03,-2,True
2026-01-03 19:00:00-08:00,2026-01-03,-2,True
2026-01-03 19:03:00-08:00,2026-01-03,-2,True
2026-01-03 19:06:00-08:00,2026-01-03,-2,True
2026-01-03 19:09:00-08:00,2026-01-03,-2,True
2026-01-03 19:12:00-08:00,2026-01-03,-1,True
2026-01-03 19:15:00-08:00,2026-01-03,79,False
2026-01-03 19:18:00-08:00,2026-01-03,73,False
2026-01-03 19:21:00-08:00,2026-01-03,-1,True
2026-01-03 19:24:00-08:00,2026-01-03,-1,True
2026-01-03 19:27:00-08:00,2026-01-03,-1,True
2026-01-03 19:30:00-08:00,2026-01-03,-1,True
2026-01-03 19:33:00-08:00,2026-01-03,69,False
2026-01-03 19:36:00-08:00,2026-01-03,63,False
2026-01-03 19:39:00-08:00,2026-01-03,61,False
2026-01-03 19:42:00-08:00,2026-01-03,65,False
2026-01-03 19:45:00-08:00,2026-01-03,44,False
2026-01-03 19:48:00-08:00,2026-01-03,43,False
2026-01-03 19:51:00-08:00,2026-01-03,56,False
2026-01-03 19:54:00-08:00,2026-01-03,63,False
2026-01-03 19:57:00-08:00,2026-01-03,55,False
2026-01-03 20:00:00-08:00,2026-01-03,49,False
2026-01-03 20:03:00-08:00,2026-01-03,47,False
2026-01-03 20:06:00-08:00,2026-01-03,-1,True
2026-01-03 20:09:00-08:00,2026-01-03,-1,True
2026-01-03 20:12:00-08:00,2026-01-03,-1,True
2026-01-03 20:15:00-08:00,2026-01-03,-1,True
2026-01-03 20:18:00-08:00,2026-01-03,-1,True
2026-01-03 20:21:00-08:00,2026-01-03,-1,True
2026-01-03 20:24:00-08:00,2026-01-03,-1,True
2026-01-03 20:27:00-08:00,2026-01-03,-1,True
2026-01-03 20:30:00-08:00,2026-01-03,-1,True
2026-01-03 20:33:00-08:00,2026-01-03,-1,True
2026-01-03 20:36:00-08:00,2026-01-03,-1,True
2026-01-03 20:39:00-08:00,2026-01-03,65,False
2026-01-03 20:42:00-08:00,2026-01-03,54,False
2026-01-03 20:45:00-08:00,2026-01-03,51,False
2026-01-03 20:48:00-08:00,2026-01-03,56,False
2026-01-03 20:51:00-08:00,2026-01-03,64,False
2026-01-03 20:54:00-08:00,2026-01-03,56,False
2026-01-03 20:57:00-08:00,2026-01-03,40,False
2026-01-03 21:00:00-08:00,2026-01-03,46,False
2026-01-03 21:03:00-08:00,2026-01-03,43,False
2026-01-03 21:06:00-08:00,2026-01-03,32,False
2026-01-03 21:09:00-08:00,2026-01-03,40,False
2026-01-03 21:12:00-08:00,2026-01-03,32,False
2026-01-03 21:15:00-08:00,2026-01-03,24,False
2026-01-03 21:18:00-08:00,2026-01-03,24,False
2026-01-03 21:21:00-08:00,2026-01-03,22,False
2026-01-03 21:24:00-08:00,2026-01-03,24,False
2026-01-03 21:27:00-08:00,2026-01-03,19,False
2026-01-03 21:30:00-08:00,2026-01-03,22,False
2026-01-03 21:33:00-08:00,2026-01-03,19,False
2026-01-03 21:36:00-08:00,2026-01-03,17,False
2026-01-03 21:39:00-08:00,2026-01-03,17,False
2026-01-03 21:42:00-08:00,2026-01-03,25,False
2026-01-03 21:45:00-08:00,2026-01-03,23,False
2026-01-03 21:48:00-08:00,2026-01-03,18,False
2026-01-03 21:51:00-08:00,2026-01-03,36,False
2026-01-03 21:54:00-08:00,2026-01-03,28,False
2026-01-03 21:57:00-08:00,2026-01-03,37,False
2026-01-03 22:00:00-08:00,2026-01-03,-1,True
2026-01-03 22:03:00-08:00,2026-01-03,-1,True
2026-01-03 22:06:00-08:00,2026-01-03,31,False
2026-01-03 22:09:00-08:00,2026-01-03,21,False
2026-01-03 22:12:00-08:00,2026-01-03,22,False
2026-01-03 22:15:00-08:00,2026-01-03,19,False
2026-01-03 22:18:00-08:00,2026-01-03,21,False
2026-01-03 22:21:00-08:00,2026-01-03,19,False
2026-01-03 22:24:00-08:00,2026-01-03,12,True
2026-01-03 22:27:00-08:00,2026-01-03,12,True
2026-01-03 22:30:00-08:00,2026-01-03,13,True
2026-01-03 22:33:00-08:00,2026-01-03,11,True
2026-01-03 22:36:00-08:00,2026-01-03,13,True
2026-01-03 22:39:00-08:00,2026-01-03,12,True
2026-01-03 22:42:00-08:00,2026-01-03,9,True
2026-01-03 22:45:00-08:00,2026-01-03,8,True
2026-01-03 22:48:00-08:00,2026-01-03,11,True
2026-01-03 22:51:00-08:00,2026-01-03,9,True
2026-01-03 22:54:00-08:00,2026-01-03,10,True
2026-01-03 22:57:00-08:00,2026-01-03,10,True
2026-01-03 23:00:00-08:00,2026-01-03,12,True
2026-01-03 23:03:00-08:00,2026-01-03,13,True
2026-01-03 23:06:00-08:00,2026-01-03,13,True
2026-01-03 23:09:00-08:00,2026-01-03,13,True
2026-01-03 23:12:00-08:00,2026-01-03,13,True
2026-01-03 23:15:00-08:00,2026-01-03,13,True
2026-01-03 23:18:00-08:00,2026-01-03,12,True
2026-01-03 23:21:00-08:00,2026-01-03,11,True
2026-01-03 23:24:00-08:00,2026-01-03,14,True
2026-01-03 23:27:00-08:00,2026-01-03,9,True
2026-01-03 23:30:00-08:00,2026-01-03,16,False
2026-01-03 23:33:00-08:00,2026-01-03,15,False
2026-01-03 23:36:00-08:00,2026-01-03,15,False
2026-01-03 23:39:00-08:00,2026-01-03,14,True
2026-01-03 23:42:00-08:00,2026-01-03,13,True
2026-01-03 23:45:00-08:00,2026-01-03,13,True
2026-01-03 23:48:00-08:00,2026-01-03,11,True
2026-01-03 23:51:00-08:00,2026-01-03,13,True
2026-01-03 23:54:00-08:00,2026-01-03,15,False
2026-01-03 23:57:00-08:00,2026-01-03,14,True
2026-01-04 00:00:00-08:00,2026-01-04,13,True
2026-01-04 00:03:00-08:00,2026-01-04,13,True
2026-01-04 00:06:00-08:00,2026-01-04,13,True
2026-01-04 00:09:00-08:00,2026-01-04,14,True
2026-01-04 00:12:00-08:00,2026-01-04,11,True
2026-01-04 00:15:00-08:00,2026-01-04,11,True
2026-01-04 00:18:00-08:00,2026-01-04,11,True
2026-01-04 00:21:00-08:00,2026-01-04,11,True
2026-01-04 00:24:00-08:00,2026-01-04,11,True
2026-01-04 00:27:00-08:00,2026-01-04,11,True
2026-01-04 00:30:00-08:00,2026-01-04,9,True
2026-01-04 00:33:00-08:00,2026-01-04,11,True
2026-01-04 00:36:00-08:00,2026-01-04,10,True
2026-01-04 00:39:00-08:00,2026-01-04,11,True
2026-01-04 00:42:00-08:00,2026-01-04,18,False
2026-01-04 00:45:00-08:00,2026-01-04,8,True
2026-01-04 00:48:00-08:00,2026-01-04,16,False
2026-01-04 00:51:00-08:00,2026-01-04,16,False
2026-01-04 00:54:00-08:00,2026-01-04,18,False
2026-01-04 00:57:00-08:00,2026-01-04,16,False
2026-01-04 01:00:00-08:00,2026-01-04,15,False
2026-01-04 01:03:00-08:00,2026-01-04,17,False
2026-01-04 01:06:00-08:00,2026-01-04,15,False
2026-01-04 01:09:00-08:00,2026-01-04,16,False
2026-01-04 01:12:00-08:00,2026-01-04,16,False
2026-01-04 01:15:00-08:00,2026-01-04,8,True
2026-01-04 01:18:00-08:00,2026-01-04,10,True
2026-01-04 01:21:00-08:00,2026-01-04,9,True
2026-01-04 01:24:00-08:00,2026-01-04,19,False
2026-01-04 01:27:00-08:00,2026-01-04,20,False
2026-01-04 01:30:00-08:00,2026-01-04,16,False
2026-01-04 01:33:00-08:00,2026-01-04,15,False
2026-01-04 01:36:00-08:00,2026-01-04,13,True
2026-01-04 01:39:00-08:00,2026-01-04,20,False
2026-01-04 01:42:00-08:00,2026-01-04,10,True
2026-01-04 01:45:00-08:00,2026-01-04,9,True
2026-01-04 01:48:00-08:00,2026-01-04,7,True
2026-01-04 01:51:00-08:00,2026-01-04,9,True
2026-01-04 01:54:00-08:00,2026-01-04,11,True
2026-01-04 01:57:00-08:00,2026-01-04,11,True
2026-01-04 02:00:00-08:00,2026-01-04,-1,True
2026-01-04 02:03:00-08:00,2026-01-04,-1,True
2026-01-04 02:06:00-08:00,2026-01-04,-1,True
2026-01-04 02:09:00-08:00,2026-01-04,44,False
2026-01-04 02:12:00-08:00,2026-01-04,15,False
2026-01-04 02:15:00-08:00,2026-01-04,9,True
2026-01-04 02:18:00-08:00,2026-01-04,11,True
2026-01-04 02:21:00-08:00,2026-01-04,9,True
2026-01-04 02:24:00-08:00,2026-01-04,8,True
2026-01-04 02:27:00-08:00,2026-01-04,11,True
2026-01-04 02:30:00-08:00,2026-01-04,10,True
2026-01-04 02:33:00-08:00,2026-01-04,9,True
2026-01-04 02:36:00-08:00,2026-01-04,10,True
2026-01-04 02:39:00-08:00,2026-01-04,13,True
2026-01-04 02:42:00-08:00,2026-01-04,10,True
2026-01-04 02:45:00-08:00,2026-01-04,14,True
2026-01-04 02:48:00-08:00,2026-01-04,3,True
2026-01-04 02:51:00-08:00,2026-01-04,6,True
2026-01-04 02:54:00-08:00,2026-01-04,9,True
2026-01-04 02:57:00-08:00,2026-01-04,7,True
2026-01-04 03:00:00-08:00,2026-01-04,8,True
2026-01-04 03:03:00-08:00,2026-01-04,5,True
2026-01-04 03:06:00-08:00,2026-01-04,3,True
2026-01-04 03:09:00-08:00,2026-01-04,7,True
2026-01-04 03:12:00-08:00,2026-01-04,5,True
2026-01-04 03:15:00-08:00,2026-01-04,5,True
2026-01-04 03:18:00-08:00,2026-01-04,10,True
2026-01-04 03:21:00-08:00,2026-01-04,9,True
2026-01-04 03:24:00-08:00,2026-01-04,7,True
2026-01-04 03:27:00-08:00,2026-01-04,12,True
2026-01-04 03:30:00-08:00,2026-01-04,9,True
2026-01-04 03:33:00-08:00,2026-01-04,10,True
2026-01-04 03:36:00-08:00,2026-01-04,19,False
2026-01-04 03:39:00-08:00,2026-01-04,18,False
2026-01-04 03:42:00-08:00,2026-01-04,14,True
2026-01-04 03:45:00-08:00,2026-01-04,14,True
2026-01-04 03:48:00-08:00,2026-01-04,13,True
2026-01-04 03:51:00-08:00,2026-01-04,11,True
2026-01-04 03:54:00-08:00,2026-01-04,11,True
2026-01-04 03:57:00-08:00,2026-01-04,13,True
2026-01-04 04:00:00-08:00,2026-01-04,15,False
2026-01-04 04:03:00-08:00,2026-01-04,10,True
2026-01-04 04:06:00-08:00,2026-01-04,12,True
2026-01-04 04:09:00-08:00,2026-01-04,11,True
2026-01-04 04:12:00-08:00,2026-01-04,8,True
2026-01-04 04:15:00-08:00,2026-01-04,9,True
2026-01-04 04:18:00-08:00,2026-01-04,12,True
2026-01-04 04:21:00-08:00,2026-01-04,11,True
2026-01-04 04:24:00-08:00,2026-01-04,12,True
2026-01-04 04:27:00-08:00,2026-01-04,12,True
2026-01-04 04:30:00-08:00,2026-01-04,12,True
2026-01-04 04:33:00-08:00,2026-01-04,11,True
2026-01-04 04:36:00-08:00,2026-01-04,10,True
2026-01-04 04:39:00-08:00,2026-01-04,13,True
2026-01-04 04:42:00-08:00,2026-01-04,18,False
2026-01-04 04:45:00-08:00,2026-01-04,13,True
2026-01-04 04:48:00-08:00,2026-01-04,6,True
2026-01-04 04:51:00-08:00,2026-01-04,10,True
2026-01-04 04:54:00-08:00,2026-01-04,14,True
2026-01-04 04:57:00-08:00,2026-01-04,14,True
2026-01-04 05:00:00-08:00,2026-01-04,11,True
2026-01-04 05:03:00-08:00,2026-01-04,13,True
2026-01-04 05:06:00-08:00,2026-01-04,11,True
2026-01-04 05:09:00-08:00,2026-01-04,8,True
2026-01-04 05:12:00-08:00,2026-01-04,8,True
2026-01-04 05:15:00-08:00,2026-01-04,11,True
2026-01-04 05:18:00-08:00,2026-01-04,8,True
2026-01-04 05:21:00-08:00,2026-01-04,12,True
2026-01-04 05:24:00-08:00,2026-01-04,10,True
2026-01-04 05:27:00-08:00,2026-01-04,12,True
2026-01-04 05:30:00-08:00,2026-01-04,9,True
2026-01-04 05:33:00-08:00,2026-01-04,11,True
2026-01-04 05:36:00-08:00,2026-01-04,14,True
2026-01-04 05:39:00-08:00,2026-01-04,11,True
2026-01-04 05:42:00-08:00,2026-01-04,11,True
2026-01-04 05:45:00-08:00,2026-01-04,9,True
2026-01-04 05:48:00-08:00,2026-01-04,8,True
2026-01-04 05:51:00-08:00,2026-01-04,7,True
2026-01-04 05:54:00-08:00,2026-01-04,6,True
2026-01-04 05:57:00-08:00,2026-01-04,9,True
2026-01-04 06:00:00-08:00,2026-01-04,12,True
2026-01-04 06:03:00-08:00,2026-01-04,10,True
2026-01-04 06:06:00-08:00,2026-01-04,7,True
2026-01-04 06:09:00-08:00,2026-01-04,11,True
2026-01-04 06:12:00-08:00,2026-01-04,11,True
2026-01-04 06:15:00-08:00,2026-01-04,10,True
2026-01-04 06:18:00-08:00,2026-01-04,6,True
2026-01-04 06:21:00-08:00,2026-01-04,8,True
2026-01-04 06:24:00-08:00,2026-01-04,4,True
2026-01-04 06:27:00-08:00,2026-01-04,6,True
2026-01-04 06:30:00-08:00,2026-01-04,16,False
2026-01-04 06:33:00-08:00,2026-01-04,28,False
2026-01-04 06:36:00-08:00,2026-01-04,33,False
2026-01-04 06:39:00-08:00,2026-01-04,42,False
2026-01-04 06:42:00-08:00,2026-01-04,50,False
2026-01-04 06:45:00-08:00,2026-01-04,38,False
2026-01-04 06:48:00-08:00,2026-01-04,17,False
2026-01-04 06:51:00-08:00,2026-01-04,53,False
2026-01-04 06:54:00-08:00,2026-01-04,21,False
2026-01-04 06:57:00-08:00,2026-01-04,23,False
2026-01-04 07:00:00-08:00,2026-01-04,23,False
2026-01-04 07:03:00-08:00,2026-01-04,24,False
2026-01-04 07:06:00-08:00,2026-01-04,25,False
2026-01-04 07:09:00-08:00,2026-01-04,22,False
2026-01-04 07:12:00-08:00,2026-01-04,19,False
2026-01-04 07:15:00-08:00,2026-01-04,17,False
2026-01-04 07:18:00-08:00,2026-01-04,18,False
2026-01-04 07:21:00-08:00,2026-01-04,23,False
2026-01-04 07:24:00-08:00,2026-01-04,39,False
2026-01-04 07:27:00-08:00,2026-01-04,20,False
2026-01-04 07:30:00-08:00,2026-01-04,22,False
2026-01-04 07:33:00-08:00,2026-01-04,-1,True
2026-01-04 07:36:00-08:00,2026-01-04,79,False
2026-01-04 07:39:00-08:00,2026-01-04,80,False
2026-01-04 07:42:00-08:00,2026-01-04,59,False
2026-01-04 07:45:00-08:00,2026-01-04,68,False
2026-01-04 07:48:00-08:00,2026-01-04,23,False
2026-01-04 07:51:00-08:00,2026-01-04,20,False
2026-01-04 07:54:00-08:00,2026-01-04,20,False
2026-01-04 07:57:00-08:00,2026-01-04,20,False
2026-01-04 08:00:00-08:00,2026-01-04,23,False
2026-01-04 08:03:00-08:00,2026-01-04,15,False
2026-01-04 08:06:00-08:00,2026-01-04,21,False
2026-01-04 08:09:00-08:00,2026-01-04,20,False
2026-01-04 08:12:00-08:00,2026-01-04,16,False
2026-01-04 08:15:00-08:00,2026-01-04,23,False
2026-01-04 08:18:00-08:00,2026-01-04,25,False
2026-01-04 08:21:00-08:00,2026-01-04,24,False
2026-01-04 08:24:00-08:00,2026-01-04,28,False
2026-01-04 08:27:00-08:00,2026-01-04,22,False
2026-01-04 08:30:00-08:00,2026-01-04,16,False
2026-01-04 08:33:00-08:00,2026-01-04,22,False
2026-01-04 08:36:00-08:00,2026-01-04,16,False
2026-01-04 08:39:00-08:00,2026-01-04,20,False
2026-01-04 08:42:00-08:00,2026-01-04,20,False
2026-01-04 08:45:00-08:00,2026-01-04,23,False
2026-01-04 08:48:00-08:00,2026-01-04,24,False
2026-01-04 08:51:00-08:00,2026-01-04,20,False
2026-01-04 08:54:00-08:00,2026-01-04,21,False
2026-01-04 08:57:00-08:00,2026-01-04,22,False
2026-01-04 09:00:00-08:00,2026-01-04,20,False
2026-01-04 09:03:00-08:00,2026-01-04,25,False
2026-01-04 09:06:00-08:00,2026-01-04,19,False
2026-01-04 09:09:00-08:00,2026-01-04,23,False
2026-01-04 09:12:00-08:00,2026-01-04,31,False
2026-01-04 09:15:00-08:00,2026-01-04,19,False
2026-01-04 09:18:00-08:00,2026-01-04,20,False
2026-01-04 09:21:00-08:00,2026-01-04,15,False
2026-01-04 09:24:00-08:00,2026-01-04,18,False
2026-01-04 09:27:00-08:00,2026-01-04,17,False
2026-01-04 09:30:00-08:00,2026-01-04,-2,True
2026-01-04 09:33:00-08:00,2026-01-04,45,False
2026-01-04 09:36:00-08:00,2026-01-04,28,False
2026-01-04 09:39:00-08:00,2026-01-04,25,False
2026-01-04 09:42:00-08:00,2026-01-04,30,False
2026-01-04 09:45:00-08:00,2026-01-04,23,False
2026-01-04 09:48:00-08:00,2026-01-04,26,False
2026-01-04 09:51:00-08:00,2026-01-04,23,False
2026-01-04 09:54:00-08:00,2026-01-04,25,False
2026-01-04 09:57:00-08:00,2026-01-04,25,False
2026-01-04 10:00:00-08:00,2026-01-04,25,False
2026-01-04 10:03:00-08:00,2026-01-04,28,False
2026-01-04 10:06:00-08:00,2026-01-04,25,False
2026-01-04 10:09:00-08:00,2026-01-04,37,False
2026-01-04 10:12:00-08:00,2026-01-04,44,False
2026-01-04 10:15:00-08:00,2026-01-04,37,False
2026-01-04 10:18:00-08:00,2026-01-04,59,False
2026-01-04 10:21:00-08:00,2026-01-04,37,False
2026-01-04 10:24:00-08:00,2026-01-04,34,False
2026-01-04 10:27:00-08:00,2026-01-04,23,False
2026-01-04 10:30:00-08:00,2026-01-04,35,False
2026-01-04 10:33:00-08:00,2026-01-04,24,False
2026-01-04 10:36:00-08:00,2026-01-04,28,False
2026-01-04 10:39:00-08:00,2026-01-04,31,False
2026-01-04 10:42:00-08:00,2026-01-04,28,False
2026-01-04 10:45:00-08:00,2026-01-04,25,False
2026-01-04 10:48:00-08:00,2026-01-04,20,False
2026-01-04 10:51:00-08:00,2026-01-04,22,False
2026-01-04 10:54:00-08:00,2026-01-04,25,False
2026-01-04 10:57:00-08:00,2026-01-04,31,False
2026-01-04 11:00:00-08:00,2026-01-04,23,False
2026-01-04 11:03:00-08:00,2026-01-04,31,False
2026-01-04 11:06:00-08:00,2026-01-04,26,False
2026-01-04 11:09:00-08:00,2026-01-04,34,False
2026-01-04 11:12:00-08:00,2026-01-04,59,False
2026-01-04 11:15:00-08:00,2026-01-04,27,False
2026-01-04 11:18:00-08:00,2026-01-04,28,False
2026-01-04 11:21:00-08:00,2026-01-04,29,False
2026-01-04 11:24:00-08:00,2026-01-04,24,False
2026-01-04 11:27:00-08:00,2026-01-04,-2,True
2026-01-04 11:30:00-08:00,2026-01-04,-2,True
2026-01-04 11:33:00-08:00,2026-01-04,57,False
2026-01-04 11:36:00-08:00,2026-01-04,29,False
2026-01-04 11:39:00-08:00,2026-01-04,24,False
2026-01-04 11:42:00-08:00,2026-01-04,17,False
2026-01-04 11:45:00-08:00,2026-01-04,54,False
2026-01-04 11:48:00-08:00,2026-01-04,73,False
2026-01-04 11:51:00-08:00,2026-01-04,-2,True
2026-01-04 11:54:00-08:00,2026-01-04,-2,True
2026-01-04 11:57:00-08:00,2026-01-04,-1,True
2026-01-04 12:00:00-08:00,2026-01-04,62,False
2026-01-04 12:03:00-08:00,2026-01-04,80,False
2026-01-04 12:06:00-08:00,2026-01-04,58,False
2026-01-04 12:09:00-08:00,2026-01-04,61,False
2026-01-04 12:12:00-08:00,2026-01-04,53,False
2026-01-04 12:15:00-08:00,2026-01-04,47,False
2026-01-04 12:18:00-08:00,2026-01-04,44,False
2026-01-04 12:21:00-08:00,2026-01-04,64,False
2026-01-04 12:24:00-08:00,2026-01-04,51,False
2026-01-04 12:27:00-08:00,2026-01-04,54,False
2026-01-04 12:30:00-08:00,2026-01-04,53,False
2026-01-04 12:33:00-08:00,2026-01-04,56,False
2026-01-04 12:36:00-08:00,2026-01-04,50,False
2026-01-04 12:39:00-08:00,2026-01-04,47,False
2026-01-04 12:42:00-08:00,2026-01-04,43,False
2026-01-04 12:45:00-08:00,2026-01-04,38,False
2026-01-04 12:48:00-08:00,2026-01-04,-1,True
2026-01-04 12:51:00-08:00,2026-01-04,34,False
2026-01-04 12:54:00-08:00,2026-01-04,55,False
2026-01-04 12:57:00-08:00,2026-01-04,46,False
2026-01-04 13:00:00-08:00,2026-01-04,48,False
2026-01-04 13:03:00-08:00,2026-01-04,44,False
2026-01-04 13:06:00-08:00,2026-01-04,67,False
2026-01-04 13:09:00-08:00,2026-01-04,67,False
2026-01-04 13:12:00-08:00,2026-01-04,65,False
2026-01-04 13:15:00-08:00,2026-01-04,70,False
2026-01-04 13:18:00-08:00,2026-01-04,-2,True
2026-01-04 13:21:00-08:00,2026-01-04,73,False
2026-01-04 13:24:00-08:00,2026-01-04,70,False
2026-01-04 13:27:00-08:00,2026-01-04,64,False
2026-01-04 13:30:00-08:00,2026-01-04,72,False
2026-01-04 13:33:00-08:00,2026-01-04,82,False
2026-01-04 13:36:00-08:00,2026-01-04,54,False
2026-01-04 13:39:00-08:00,2026-01-04,70,False
2026-01-04 13:42:00-08:00,2026-01-04,73,False
2026-01-04 13:45:00-08:00,2026-01-04,71,False
2026-01-04 13:48:00-08:00,2026-01-04,70,False
2026-01-04 13:51:00-08:00,2026-01-04,68,False
2026-01-04 13:54:00-08:00,2026-01-04,57,False
2026-01-04 13:57:00-08:00,2026-01-04,69,False
2026-01-04 14:00:00-08:00,2026-01-04,75,False
2026-01-04 14:03:00-08:00,2026-01-04,74,False
2026-01-04 14:06:00-08:00,2026-01-04,72,False
2026-01-04 14:09:00-08:00,2026-01-04,69,False
2026-01-04 14:12:00-08:00,2026-01-04,69,False
2026-01-04 14:15:00-08:00,2026-01-04,65,False
2026-01-04 14:18:00-08:00,2026-01-04,64,False
2026-01-04 14:21:00-08:00,2026-01-04,-1,True
2026-01-04 14:24:00-08:00,2026-01-04,-2,True
2026-01-04 14:27:00-08:00,2026-01-04,-2,True
2026-01-04 14:30:00-08:00,2026-01-04,-2,True
2026-01-04 14:33:00-08:00,2026-01-04,-2,True
2026-01-04 14:36:00-08:00,2026-01-04,-2,True
2026-01-04 14:39:00-08:00,2026-01-04,-2,True
2026-01-04 14:42:00-08:00,2026-01-04,-2,True
2026-01-04 14:45:00-08:00,2026-01-04,-2,True
2026-01-04 14:48:00-08:00,2026-01-04,-1,True
2026-01-04 14:51:00-08:00,2026-01-04,-1,True
2026-01-04 14:54:00-08:00,2026-01-04,-1,True
2026-01-04 14:57:00-08:00,2026-01-04,85,False
2026-01-04 15:00:00-08:00,2026-01-04,-2,True
2026-01-04 15:03:00-08:00,2026-01-04,-1,True
2026-01-04 15:06:00-08:00,2026-01-04,-2,True
2026-01-04 15:09:00-08:00,2026-01-04,-2,True
2026-01-04 15:12:00-08:00,2026-01-04,77,False
2026-01-04 15:15:00-08:00,2026-01-04,79,False
2026-01-04 15:18:00-08:00,2026-01-04,-1,True
2026-01-04 15:21:00-08:00,2026-01-04,-2,True
2026-01-04 15:24:00-08:00,2026-01-04,-2,True
2026-01-04 15:27:00-08:00,2026-01-04,-2,True
2026-01-04 15:30:00-08:00,2026-01-04,-2,True
2026-01-04 15:33:00-08:00,2026-01-04,-1,True
2026-01-04 15:36:00-08:00,2026-01-04,-1,True
2026-01-04 15:39:00-08:00,2026-01-04,33,False
2026-01-04 15:42:00-08:00,2026-01-04,-1,True
2026-01-04 15:45:00-08:00,2026-01-04,55,False
2026-01-04 15:48:00-08:00,2026-01-04,65,False
2026-01-04 15:51:00-08:00,2026-01-04,77,False
2026-01-04 15:54:00-08:00,2026-01-04,82,False
2026-01-04 15:57:00-08:00,2026-01-04,91,False
2026-01-04 16:00:00-08:00,2026-01-04,88,False
2026-01-04 16:03:00-08:00,2026-01-04,91,False
2026-01-04 16:06:00-08:00,2026-01-04,88,False
2026-01-04 16:09:00-08:00,2026-01-04,85,False
2026-01-04 16:12:00-08:00,2026-01-04,91,False
2026-01-04 16:15:00-08:00,2026-01-04,91,False
2026-01-04 16:18:00-08:00,2026-01-04,91,False
2026-01-04 16:21:00-08:00,2026-01-04,91,False
2026-01-04 16:24:00-08:00,2026-01-04,-1,True
2026-01-04 16:27:00-08:00,2026-01-04,92,False
2026-01-04 16:30:00-08:00,2026-01-04,93,False
2026-01-04 16:33:00-08:00,2026-01-04,-1,True
2026-01-04 16:36:00-08:00,2026-01-04,-1,True
2026-01-04 16:39:00-08:00,2026-01-04,-1,True
2026-01-04 16:42:00-08:00,2026-01-04,-1,True
2026-01-04 16:45:00-08:00,2026-01-04,-2,True
2026-01-04 16:48:00-08:00,2026-01-04,-2,True
2026-01-04 16:51:00-08:00,2026-01-04,-1,True
2026-01-04 16:54:00-08:00,2026-01-04,74,False
2026-01-04 16:57:00-08:00,2026-01-04,-1,True
2026-01-04 17:00:00-08:00,2026-01-04,-1,True
2026-01-04 17:03:00-08:00,2026-01-04,-1,True
2026-01-04 17:06:00-08:00,2026-01-04,69,False
2026-01-04 17:09:00-08:00,2026-01-04,53,False
2026-01-04 17:12:00-08:00,2026-01-04,61,False
2026-01-04 17:15:00-08:00,2026-01-04,50,False
2026-01-04 17:18:00-08:00,2026-01-04,46,False
2026-01-04 17:21:00-08:00,2026-01-04,-1,True
2026-01-04 17:24:00-08:00,2026-01-04,-2,True
2026-01-04 17:27:00-08:00,2026-01-04,-1,True
2026-01-04 17:30:00-08:00,2026-01-04,-2,True
2026-01-04 17:33:00-08:00,2026-01-04,81,False
2026-01-04 17:36:00-08:00,2026-01-04,-2,True
2026-01-04 17:39:00-08:00,2026-01-04,-1,True
2026-01-04 17:42:00-08:00,2026-01-04,87,False
2026-01-04 17:45:00-08:00,2026-01-04,-1,True
2026-01-04 17:48:00-08:00,2026-01-04,-1,True
2026-01-04 17:51:00-08:00,2026-01-04,85,False
2026-01-04 17:54:00-08:00,2026-01-04,-1,True
2026-01-04 17:57:00-08:00,2026-01-04,89,False
2026-01-04 18:00:00-08:00,2026-01-04,88,False
2026-01-04 18:03:00-08:00,2026-01-04,79,False
2026-01-04 18:06:00-08:00,2026-01-04,76,False
2026-01-04 18:09:00-08:00,2026-01-04,77,False
2026-01-04 18:12:00-08:00,2026-01-04,81,False
2026-01-04 18:15:00-08:00,2026-01-04,-2,True
2026-01-04 18:18:00-08:00,2026-01-04,-1,True
2026-01-04 18:21:00-08:00,2026-01-04,88,False
2026-01-04 18:24:00-08:00,2026-01-04,88,False
2026-01-04 18:27:00-08:00,2026-01-04,85,False
2026-01-04 18:30:00-08:00,2026-01-04,90,False
2026-01-04 18:33:00-08:00,2026-01-04,79,False
2026-01-04 18:36:00-08:00,2026-01-04,-2,True
2026-01-04 18:39:00-08:00,2026-01-04,88,False
2026-01-04 18:42:00-08:00,2026-01-04,-1,True
2026-01-04 18:45:00-08:00,2026-01-04,-1,True
2026-01-04 18:48:00-08:00,2026-01-04,-1,True
2026-01-04 18:51:00-08:00,2026-01-04,81,False
2026-01-04 18:54:00-08:00,2026-01-04,77,False
2026-01-04 18:57:00-08:00,2026-01-04,82,False
2026-01-04 19:00:00-08:00,2026-01-04,65,False
2026-01-04 19:03:00-08:00,2026-01-04,84,False
2026-01-04 19:06:00-08:00,2026-01-04,87,False
2026-01-04 19:09:00-08:00,2026-01-04,91,False
2026-01-04 19:12:00-08:00,2026-01-04,-1,True
2026-01-04 19:15:00-08:00,2026-01-04,73,False
2026-01-04 19:18:00-08:00,2026-01-04,78,False
2026-01-04 19:21:00-08:00,2026-01-04,79,False
2026-01-04 19:24:00-08:00,2026-01-04,89,False
2026-01-04 19:27:00-08:00,2026-01-04,-1,True
2026-01-04 19:30:00-08:00,2026-01-04,-1,True
2026-01-04 19:33:00-08:00,2026-01-04,81,False
2026-01-04 19:36:00-08:00,2026-01-04,76,False
2026-01-04 19:39:00-08:00,2026-01-04,76,False
2026-01-04 19:42:00-08:00,2026-01-04,82,False
2026-01-04 19:45:00-08:00,2026-01-04,75,False
2026-01-04 19:48:00-08:00,2026-01-04,-1,True
2026-01-04 19:51:00-08:00,2026-01-04,82,False
2026-01-04 19:54:00-08:00,2026-01-04,74,False
2026-01-04 19:57:00-08:00,2026-01-04,70,False
2026-01-04 20:00:00-08:00,2026-01-04,81,False
2026-01-04 20:03:00-08:00,2026-01-04,-1,True
2026-01-04 20:06:00-08:00,2026-01-04,89,False
2026-01-04 20:09:00-08:00,2026-01-04,74,False
2026-01-04 20:12:00-08:00,2026-01-04,70,False
2026-01-04 20:15:00-08:00,2026-01-04,73,False
2026-01-04 20:18:00-08:00,2026-01-04,68,False
2026-01-04 20:21:00-08:00,2026-01-04,71,False
2026-01-04 20:24:00-08:00,2026-01-04,80,False
2026-01-04 20:27:00-08:00,2026-01-04,85,False
2026-01-04 20:30:00-08:00,2026-01-04,70,False
2026-01-04 20:33:00-08:00,2026-01-04,-1,True
2026-01-04 20:36:00-08:00,2026-01-04,62,False
2026-01-04 20:39:00-08:00,2026-01-04,54,False
2026-01-04 20:42:00-08:00,2026-01-04,-1,True
2026-01-04 20:45:00-08:00,2026-01-04,54,False
2026-01-04 20:48:00-08:00,2026-01-04,63,False
2026-01-04 20:51:00-08:00,2026-01-04,91,False
2026-01-04 20:54:00-08:00,2026-01-04,70,False
2026-01-04 20:57:00-08:00,2026-01-04,73,False
2026-01-04 21:00:00-08:00,2026-01-04,75,False
2026-01-04 21:03:00-08:00,2026-01-04,67,False
2026-01-04 21:06:00-08:00,2026-01-04,81,False
2026-01-04 21:09:00-08:00,2026-01-04,-1,True
2026-01-04 21:12:00-08:00,2026-01-04,68,False
2026-01-04 21:15:00-08:00,2026-01-04,76,False
2026-01-04 21:18:00-08:00,2026-01-04,56,False
2026-01-04 21:21:00-08:00,2026-01-04,46,False
2026-01-04 21:24:00-08:00,2026-01-04,44,False
2026-01-04 21:27:00-08:00,2026-01-04,34,False
2026-01-04 21:30:00-08:00,2026-01-04,45,False
2026-01-04 21:33:00-08:00,2026-01-04,73,False
2026-01-04 21:36:00-08:00,2026-01-04,68,False
2026-01-04 21:39:00-08:00,2026-01-04,69,False
2026-01-04 21:42:00-08:00,2026-01-04,46,False
2026-01-04 21:45:00-08:00,2026-01-04,57,False
2026-01-04 21:48:00-08:00,2026-01-04,61,False
2026-01-04 21:51:00-08:00,2026-01-04,55,False
2026-01-04 21:54:00-08:00,2026-01-04,66,False
2026-01-04 21:57:00-08:00,2026-01-04,68,False
2026-01-04 22:00:00-08:00,2026-01-04,64,False
2026-01-04 22:03:00-08:00,2026-01-04,66,False
2026-01-04 22:06:00-08:00,2026-01-04,62,False
2026-01-04 22:09:00-08:00,2026-01-04,75,False
2026-01-04 22:12:00-08:00,2026-01-04,67,False
2026-01-04 22:15:00-08:00,2026-01-04,76,False
2026-01-04 22:18:00-08:00,2026-01-04,-1,True
2026-01-04 22:21:00-08:00,2026-01-04,-1,True
2026-01-04 22:24:00-08:00,2026-01-04,-1,True
2026-01-04 22:27:00-08:00,2026-01-04,63,False
2026-01-04 22:30:00-08:00,2026-01-04,82,False
2026-01-04 22:33:00-08:00,2026-01-04,78,False
2026-01-04 22:36:00-08:00,2026-01-04,37,False
2026-01-04 22:39:00-08:00,2026-01-04,27,False
2026-01-04 22:42:00-08:00,2026-01-04,34,False
2026-01-04 22:45:00-08:00,2026-01-04,25,False
2026-01-04 22:48:00-08:00,2026-01-04,25,False
2026-01-04 22:51:00-08:00,2026-01-04,25,False
2026-01-04 22:54:00-08:00,2026-01-04,31,False
2026-01-04 22:57:00-08:00,2026-01-04,34,False
2026-01-04 23:00:00-08:00,2026-01-04,24,False
2026-01-04 23:03:00-08:00,2026-01-04,20,False
2026-01-04 23:06:00-08:00,2026-01-04,24,False
2026-01-04 23:09:00-08:00,2026-01-04,25,False
2026-01-04 23:12:00-08:00,2026-01-04,34,False
2026-01-04 23:15:00-08:00,2026-01-04,40,False
2026-01-04 23:18:00-08:00,2026-01-04,37,False
2026-01-04 23:21:00-08:00,2026-01-04,35,False
2026-01-04 23:24:00-08:00,2026-01-04,37,False
2026-01-04 23:27:00-08:00,2026-01-04,37,False
2026-01-04 23:30:00-08:00,2026-01-04,49,False
2026-01-04 23:33:00-08:00,2026-01-04,42,False
2026-01-04 23:36:00-08:00,2026-01-04,40,False
2026-01-04 23:39:00-08:00,2026-01-04,26,False
2026-01-04 23:42:00-08:00,2026-01-04,27,False
2026-01-04 23:45:00-08:00,2026-01-04,26,False
2026-01-04 23:48:00-08:00,2026-01-04,35,False
2026-01-04 23:51:00-08:00,2026-01-04,51,False
2026-01-04 23:54:00-08:00,2026-01-04,47,False
2026-01-04 23:57:00-08:00,2026-01-04,26,False
2026-01-05 00:00:00-08:00,2026-01-05,34,False
2026-01-05 00:03:00-08:00,2026-01-05,36,False
2026-01-05 00:06:00-08:00,2026-01-05,47,False
2026-01-05 00:09:00-08:00,2026-01-05,46,False
2026-01-05 00:12:00-08:00,2026-01-05,54,False
2026-01-05 00:15:00-08:00,2026-01-05,55,False
2026-01-05 00:18:00-08:00,2026-01-05,43,False
2026-01-05 00:21:00-08:00,2026-01-05,38,False
2026-01-05 00:24:00-08:00,2026-01-05,43,False
2026-01-05 00:27:00-08:00,2026-01-05,59,False
2026-01-05 00:30:00-08:00,2026-01-05,97,False
2026-01-05 00:33:00-08:00,2026-01-05,-1,True
2026-01-05 00:36:00-08:00,2026-01-05,29,False
2026-01-05 00:39:00-08:00,2026-01-05,19,False
2026-01-05 00:42:00-08:00,2026-01-05,29,False
2026-01-05 00:45:00-08:00,2026-01-05,23,False
2026-01-05 00:48:00-08:00,2026-01-05,28,False
2026-01-05 00:51:00-08:00,2026-01-05,13,True
2026-01-05 00:54:00-08:00,2026-01-05,12,True
2026-01-05 00:57:00-08:00,2026-01-05,15,False
2026-01-05 01:00:00-08:00,2026-01-05,15,False
2026-01-05 01:03:00-08:00,2026-01-05,16,False
2026-01-05 01:06:00-08:00,2026-01-05,14,True
2026-01-05 01:09:00-08:00,2026-01-05,18,False
2026-01-05 01:12:00-08:00,2026-01-05,18,False
2026-01-05 01:15:00-08:00,2026-01-05,19,False
2026-01-05 01:18:00-08:00,2026-01-05,22,False
2026-01-05 01:21:00-08:00,2026-01-05,14,True
2026-01-05 01:24:00-08:00,2026-01-05,16,False
2026-01-05 01:27:00-08:00,2026-01-05,18,False
2026-01-05 01:30:00-08:00,2026-01-05,16,False
2026-01-05 01:33:00-08:00,2026-01-05,14,True
2026-01-05 01:36:00-08:00,2026-01-05,23,False
2026-01-05 01:39:00-08:00,2026-01-05,24,False
2026-01-05 01:42:00-08:00,2026-01-05,19,False
2026-01-05 01:45:00-08:00,2026-01-05,17,False
2026-01-05 01:48:00-08:00,2026-01-05,17,False
2026-01-05 01:51:00-08:00,2026-01-05,19,False
2026-01-05 01:54:00-08:00,2026-01-05,18,False
2026-01-05 01:57:00-08:00,2026-01-05,20,False
2026-01-05 02:00:00-08:00,2026-01-05,17,False
2026-01-05 02:03:00-08:00,2026-01-05,18,False
2026-01-05 02:06:00-08:00,2026-01-05,16,False
2026-01-05 02:09:00-08:00,2026-01-05,16,False
2026-01-05 02:12:00-08:00,2026-01-05,14,True
2026-01-05 02:15:00-08:00,2026-01-05,25,False
2026-01-05 02:18:00-08:00,2026-01-05,23,False
2026-01-05 02:21:00-08:00,2026-01-05,24,False
2026-01-05 02:24:00-08:00,2026-01-05,22,False
2026-01-05 02:27:00-08:00,2026-01-05,15,False
2026-01-05 02:30:00-08:00,2026-01-05,17,False
2026-01-05 02:33:00-08:00,2026-01-05,27,False
2026-01-05 02:36:00-08:00,2026-01-05,15,False
2026-01-05 02:39:00-08:00,2026-01-05,11,True
2026-01-05 02:42:00-08:00,2026-01-05,10,True
2026-01-05 02:45:00-08:00,2026-01-05,14,True
2026-01-05 02:48:00-08:00,2026-01-05,15,False
2026-01-05 02:51:00-08:00,2026-01-05,14,True
2026-01-05 02:54:00-08:00,2026-01-05,17,False
2026-01-05 02:57:00-08:00,2026-01-05,22,False
2026-01-05 03:00:00-08:00,2026-01-05,16,False
2026-01-05 03:03:00-08:00,2026-01-05,17,False
2026-01-05 03:06:00-08:00,2026-01-05,17,False
2026-01-05 03:09:00-08:00,2026-01-05,15,False
2026-01-05 03:12:00-08:00,2026-01-05,11,True
2026-01-05 03:15:00-08:00,2026-01-05,12,True
2026-01-05 03:18:00-08:00,2026-01-05,11,True
2026-01-05 03:21:00-08:00,2026-01-05,11,True
2026-01-05 03:24:00-08:00,2026-01-05,10,True
2026-01-05 03:27:00-08:00,2026-01-05,9,True
2026-01-05 03:30:00-08:00,2026-01-05,7,True
2026-01-05 03:33:00-08:00,2026-01-05,6,True
2026-01-05 03:36:00-08:00,2026-01-05,16,False
2026-01-05 03:39:00-08:00,2026-01-05,15,False
2026-01-05 03:42:00-08:00,2026-01-05,14,True
2026-01-05 03:45:00-08:00,2026-01-05,9,True
2026-01-05 03:48:00-08:00,2026-01-05,10,True
2026-01-05 03:51:00-08:00,2026-01-05,11,True
2026-01-05 03:54:00-08:00,2026-01-05,11,True
2026-01-05 03:57:00-08:00,2026-01-05,11,True
2026-01-05 04:00:00-08:00,2026-01-05,10,True
2026-01-05 04:03:00-08:00,2026-01-05,7,True
2026-01-05 04:06:00-08:00,2026-01-05,8,True
2026-01-05 04:09:00-08:00,2026-01-05,8,True
2026-01-05 04:12:00-08:00,2026-01-05,9,True
2026-01-05 04:15:00-08:00,2026-01-05,8,True
2026-01-05 04:18:00-08:00,2026-01-05,10,True
2026-01-05 04:21:00-08:00,2026-01-05,8,True
2026-01-05 04:24:00-08:00,2026-01-05,17,False
2026-01-05 04:27:00-08:00,2026-01-05,17,False
2026-01-05 04:30:00-08:00,2026-01-05,12,True
2026-01-05 04:33:00-08:00,2026-01-05,12,True
2026-01-05 04:36:00-08:00,2026-01-05,12,True
2026-01-05 04:39:00-08:00,2026-01-05,8,True
2026-01-05 04:42:00-08:00,2026-01-05,10,True
2026-01-05 04:45:00-08:00,2026-01-05,13,True
2026-01-05 04:48:00-08:00,2026-01-05,14,True
2026-01-05 04:51:00-08:00,2026-01-05,11,True
2026-01-05 04:54:00-08:00,2026-01-05,7,True
2026-01-05 04:57:00-08:00,2026-01-05,7,True
2026-01-05 05:00:00-08:00,2026-01-05,9,True
2026-01-05 05:03:00-08:00,2026-01-05,9,True
2026-01-05 05:06:00-08:00,2026-01-05,13,True
2026-01-05 05:09:00-08:00,2026-01-05,16,False
2026-01-05 05:12:00-08:00,2026-01-05,18,False
2026-01-05 05:15:00-08:00,2026-01-05,15,False
2026-01-05 05:18:00-08:00,2026-01-05,15,False
2026-01-05 05:21:00-08:00,2026-01-05,14,True
2026-01-05 05:24:00-08:00,2026-01-05,13,True
2026-01-05 05:27:00-08:00,2026-01-05,15,False
2026-01-05 05:30:00-08:00,2026-01-05,15,False
2026-01-05 05:33:00-08:00,2026-01-05,10,True
2026-01-05 05:36:00-08:00,2026-01-05,13,True
2026-01-05 05:39:00-08:00,2026-01-05,21,False
2026-01-05 05:42:00-08:00,2026-01-05,17,False
2026-01-05 05:45:00-08:00,2026-01-05,18,False
2026-01-05 05:48:00-08:00,2026-01-05,16,False
2026-01-05 05:51:00-08:00,2026-01-05,15,False
2026-01-05 05:54:00-08:00,2026-01-05,16,False
2026-01-05 05:57:00-08:00,2026-01-05,17,False
2026-01-05 06:00:00-08:00,2026-01-05,19,False
2026-01-05 06:03:00-08:00,2026-01-05,13,True
2026-01-05 06:06:00-08:00,2026-01-05,16,False
2026-01-05 06:09:00-08:00,2026-01-05,16,False
2026-01-05 06:12:00-08:00,2026-01-05,16,False
2026-01-05 06:15:00-08:00,2026-01-05,19,False
2026-01-05 06:18:00-08:00,2026-01-05,15,False
2026-01-05 06:21:00-08:00,2026-01-05,11,True
2026-01-05 06:24:00-08:00,2026-01-05,14,True
2026-01-05 06:27:00-08:00,2026-01-05,12,True
2026-01-05 06:30:00-08:00,2026-01-05,13,True
2026-01-05 06:33:00-08:00,2026-01-05,15,False
2026-01-05 06:36:00-08:00,2026-01-05,12,True
2026-01-05 06:39:00-08:00,2026-01-05,14,True
2026-01-05 06:42:00-08:00,2026-01-05,14,True
2026-01-05 06:45:00-08:00,2026-01-05,16,False
2026-01-05 06:48:00-08:00,2026-01-05,19,False
2026-01-05 06:51:00-08:00,2026-01-05,14,True
2026-01-05 06:54:00-08:00,2026-01-05,13,True
2026-01-05 06:57:00-08:00,2026-01-05,14,True
2026-01-05 07:00:00-08:00,2026-01-05,22,False
2026-01-05 07:03:00-08:00,2026-01-05,28,False
2026-01-05 07:06:00-08:00,2026-01-05,32,False
2026-01-05 07:09:00-08:00,2026-01-05,53,False
2026-01-05 07:12:00-08:00,2026-01-05,37,False
2026-01-05 07:15:00-08:00,2026-01-05,25,False
2026-01-05 07:18:00-08:00,2026-01-05,69,False
2026-01-05 07:21:00-08:00,2026-01-05,30,False
2026-01-05 07:24:00-08:00,2026-01-05,43,False
2026-01-05 07:27:00-08:00,2026-01-05,48,False
2026-01-05 07:30:00-08:00,2026-01-05,37,False
2026-01-05 07:33:00-08:00,2026-01-05,36,False
2026-01-05 07:36:00-08:00,2026-01-05,38,False
2026-01-05 07:39:00-08:00,2026-01-05,49,False
2026-01-05 07:42:00-08:00,2026-01-05,32,False
2026-01-05 07:45:00-08:00,2026-01-05,59,False
2026-01-05 07:48:00-08:00,2026-01-05,52,False
2026-01-05 07:51:00-08:00,2026-01-05,44,False
2026-01-05 07:54:00-08:00,2026-01-05,-1,True
2026-01-05 07:57:00-08:00,2026-01-05,56,False
2026-01-05 08:00:00-08:00,2026-01-05,45,False
2026-01-05 08:03:00-08:00,2026-01-05,43,False
2026-01-05 08:06:00-08:00,2026-01-05,31,False
2026-01-05 08:09:00-08:00,2026-01-05,32,False
2026-01-05 08:12:00-08:00,2026-01-05,39,False
2026-01-05 08:15:00-08:00,2026-01-05,45,False
2026-01-05 08:18:00-08:00,2026-01-05,-1,True
2026-01-05 08:21:00-08:00,2026-01-05,32,False
2026-01-05 08:24:00-08:00,2026-01-05,34,False
2026-01-05 08:27:00-08:00,2026-01-05,24,False
2026-01-05 08:30:00-08:00,2026-01-05,15,False
2026-01-05 08:33:00-08:00,2026-01-05,27,False
2026-01-05 08:36:00-08:00,2026-01-05,33,False
2026-01-05 08:39:00-08:00,2026-01-05,41,False
2026-01-05 08:42:00-08:00,2026-01-05,55,False
2026-01-05 08:45:00-08:00,2026-01-05,47,False
2026-01-05 08:48:00-08:00,2026-01-05,25,False
2026-01-05 08:51:00-08:00,2026-01-05,28,False
2026-01-05 08:54:00-08:00,2026-01-05,31,False
2026-01-05 08:57:00-08:00,2026-01-05,31,False
2026-01-05 09:00:00-08:00,2026-01-05,39,False
2026-01-05 09:03:00-08:00,2026-01-05,43,False
2026-01-05 09:06:00-08:00,2026-01-05,54,False
2026-01-05 09:09:00-08:00,2026-01-05,30,False
2026-01-05 09:12:00-08:00,2026-01-05,30,False
2026-01-05 09:15:00-08:00,2026-01-05,26,False
2026-01-05 09:18:00-08:00,2026-01-05,18,False
2026-01-05 09:21:00-08:00,2026-01-05,21,False
2026-01-05 09:24:00-08:00,2026-01-05,19,False
2026-01-05 09:27:00-08:00,2026-01-05,24,False
2026-01-05 09:30:00-08:00,2026-01-05,25,False
2026-01-05 09:33:00-08:00,2026-01-05,23,False
2026-01-05 09:36:00-08:00,2026-01-05,20,False
2026-01-05 09:39:00-08:00,2026-01-05,-2,True
2026-01-05 09:42:00-08:00,2026-01-05,34,False
2026-01-05 09:45:00-08:00,2026-01-05,17,False
2026-01-05 09:48:00-08:00,2026-01-05,36,False
2026-01-05 09:51:00-08:00,2026-01-05,25,False
2026-01-05 09:54:00-08:00,2026-01-05,21,False
2026-01-05 09:57:00-08:00,2026-01-05,23,False
2026-01-05 10:00:00-08:00,2026-01-05,21,False
2026-01-05 10:03:00-08:00,2026-01-05,23,False
2026-01-05 10:06:00-08:00,2026-01-05,28,False
2026-01-05 10:09:00-08:00,2026-01-05,22,False
2026-01-05 10:12:00-08:00,2026-01-05,25,False
2026-01-05 10:15:00-08:00,2026-01-05,25,False
2026-01-05 10:18:00-08:00,2026-01-05,28,False
2026-01-05 10:21:00-08:00,2026-01-05,26,False
2026-01-05 10:24:00-08:00,2026-01-05,18,False
2026-01-05 10:27:00-08:00,2026-01-05,23,False
2026-01-05 10:30:00-08:00,2026-01-05,23,False
2026-01-05 10:33:00-08:00,2026-01-05,30,False
2026-01-05 10:36:00-08:00,2026-01-05,27,False
2026-01-05 10:39:00-08:00,2026-01-05,32,False
2026-01-05 10:42:00-08:00,2026-01-05,43,False
2026-01-05 10:45:00-08:00,2026-01-05,28,False
2026-01-05 10:48:00-08:00,2026-01-05,31,False
2026-01-05 10:51:00-08:00,2026-01-05,24,False
2026-01-05 10:54:00-08:00,2026-01-05,23,False
2026-01-05 10:57:00-08:00,2026-01-05,25,False
2026-01-05 11:00:00-08:00,2026-01-05,25,False
2026-01-05 11:03:00-08:00,2026-01-05,24,False
2026-01-05 11:06:00-08:00,2026-01-05,21,False
2026-01-05 11:09:00-08:00,2026-01-05,27,False
2026-01-05 11:12:00-08:00,2026-01-05,25,False
2026-01-05 11:15:00-08:00,2026-01-05,27,False
2026-01-05 11:18:00-08:00,2026-01-05,59,False
2026-01-05 11:21:00-08:00,2026-01-05,36,False
2026-01-05 11:24:00-08:00,2026-01-05,50,False
2026-01-05 11:27:00-08:00,2026-01-05,55,False
2026-01-05 11:30:00-08:00,2026-01-05,28,False
2026-01-05 11:33:00-08:00,2026-01-05,27,False
2026-01-05 11:36:00-08:00,2026-01-05,32,False
2026-01-05 11:39:00-08:00,2026-01-05,49,False
2026-01-05 11:42:00-08:00,2026-01-05,49,False
2026-01-05 11:45:00-08:00,2026-01-05,63,False
2026-01-05 11:48:00-08:00,2026-01-05,52,False
2026-01-05 11:51:00-08:00,2026-01-05,85,False
2026-01-05 11:54:00-08:00,2026-01-05,-1,True
2026-01-05 11:57:00-08:00,2026-01-05,51,False
2026-01-05 12:00:00-08:00,2026-01-05,-1,True
2026-01-05 12:03:00-08:00,2026-01-05,20,False
2026-01-05 12:06:00-08:00,2026-01-05,22,False
2026-01-05 12:09:00-08:00,2026-01-05,23,False
2026-01-05 12:12:00-08:00,2026-01-05,35,False
2026-01-05 12:15:00-08:00,2026-01-05,22,False
2026-01-05 12:18:00-08:00,2026-01-05,25,False
2026-01-05 12:21:00-08:00,2026-01-05,21,False
2026-01-05 12:24:00-08:00,2026-01-05,25,False
2026-01-05 12:27:00-08:00,2026-01-05,28,False
2026-01-05 12:30:00-08:00,2026-01-05,31,False
2026-01-05 12:33:00-08:00,2026-01-05,23,False
2026-01-05 12:36:00-08:00,2026-01-05,30,False
2026-01-05 12:39:00-08:00,2026-01-05,25,False
2026-01-05 12:42:00-08:00,2026-01-05,29,False
2026-01-05 12:45:00-08:00,2026-01-05,33,False
2026-01-05 12:48:00-08:00,2026-01-05,52,False
2026-01-05 12:51:00-08:00,2026-01-05,65,False
2026-01-05 12:54:00-08:00,2026-01-05,-1,True
2026-01-05 12:57:00-08:00,2026-01-05,24,False
2026-01-05 13:00:00-08:00,2026-01-05,28,False
2026-01-05 13:03:00-08:00,2026-01-05,29,False
2026-01-05 13:06:00-08:00,2026-01-05,-1,True
2026-01-05 13:09:00-08:00,2026-01-05,-2,True
2026-01-05 13:12:00-08:00,2026-01-05,-1,True
2026-01-05 13:15:00-08:00,2026-01-05,-2,True
2026-01-05 13:18:00-08:00,2026-01-05,-1,True
2026-01-05 13:21:00-08:00,2026-01-05,56,False
2026-01-05 13:24:00-08:00,2026-01-05,74,False
2026-01-05 13:27:00-08:00,2026-01-05,72,False
2026-01-05 13:30:00-08:00,2026-01-05,61,False
2026-01-05 13:33:00-08:00,2026-01-05,55,False
2026-01-05 13:36:00-08:00,2026-01-05,42,False
2026-01-05 13:39:00-08:00,2026-01-05,42,False
2026-01-05 13:42:00-08:00,2026-01-05,52,False
2026-01-05 13:45:00-08:00,2026-01-05,55,False
2026-01-05 13:48:00-08:00,2026-01-05,62,False
2026-01-05 13:51:00-08:00,2026-01-05,61,False
2026-01-05 13:54:00-08:00,2026-01-05,61,False
2026-01-05 13:57:00-08:00,2026-01-05,60,False
2026-01-05 14:00:00-08:00,2026-01-05,35,False
2026-01-05 14:03:00-08:00,2026-01-05,70,False
2026-01-05 14:06:00-08:00,2026-01-05,67,False
2026-01-05 14:09:00-08:00,2026-01-05,66,False
2026-01-05 14:12:00-08:00,2026-01-05,59,False
2026-01-05 14:15:00-08:00,2026-01-05,69,False
2026-01-05 14:18:00-08:00,2026-01-05,48,False
2026-01-05 14:21:00-08:00,2026-01-05,58,False
2026-01-05 14:24:00-08:00,2026-01-05,43,False
2026-01-05 14:27:00-08:00,2026-01-05,46,False
2026-01-05 14:30:00-08:00,2026-01-05,52,False
2026-01-05 14:33:00-08:00,2026-01-05,21,False
2026-01-05 14:36:00-08:00,2026-01-05,16,False
2026-01-05 14:39:00-08:00,2026-01-05,19,False
2026-01-05 14:42:00-08:00,2026-01-05,19,False
2026-01-05 14:45:00-08:00,2026-01-05,17,False
2026-01-05 14:48:00-08:00,2026-01-05,17,False
2026-01-05 14:51:00-08:00,2026-01-05,14,True
2026-01-05 14:54:00-08:00,2026-01-05,28,False
2026-01-05 14:57:00-08:00,2026-01-05,20,False
2026-01-05 15:00:00-08:00,2026-01-05,11,True
2026-01-05 15:03:00-08:00,2026-01-05,15,False
2026-01-05 15:06:00-08:00,2026-01-05,17,False
2026-01-05 15:09:00-08:00,2026-01-05,15,False
2026-01-05 15:12:00-08:00,2026-01-05,15,False
2026-01-05 15:15:00-08:00,2026-01-05,18,False
2026-01-05 15:18:00-08:00,2026-01-05,11,True
2026-01-05 15:21:00-08:00,2026-01-05,13,True
2026-01-05 15:24:00-08:00,2026-01-05,16,False
2026-01-05 15:27:00-08:00,2026-01-05,17,False
2026-01-05 15:30:00-08:00,2026-01-05,15,False
2026-01-05 15:33:00-08:00,2026-01-05,15,False
2026-01-05 15:36:00-08:00,2026-01-05,18,False
2026-01-05 15:39:00-08:00,2026-01-05,20,False
2026-01-05 15:42:00-08:00,2026-01-05,30,False
2026-01-05 15:45:00-08:00,2026-01-05,25,False
2026-01-05 15:48:00-08:00,2026-01-05,48,False
2026-01-05 15:51:00-08:00,2026-01-05,24,False
2026-01-05 15:54:00-08:00,2026-01-05,32,False
2026-01-05 15:57:00-08:00,2026-01-05,49,False
2026-01-05 16:00:00-08:00,2026-01-05,46,False
2026-01-05 16:03:00-08:00,2026-01-05,46,False
2026-01-05 16:06:00-08:00,2026-01-05,38,False
2026-01-05 16:09:00-08:00,2026-01-05,37,False
2026-01-05 16:12:00-08:00,2026-01-05,25,False
2026-01-05 16:15:00-08:00,2026-01-05,35,False
2026-01-05 16:18:00-08:00,2026-01-05,29,False
2026-01-05 16:21:00-08:00,2026-01-05,30,False
2026-01-05 16:24:00-08:00,2026-01-05,30,False
2026-01-05 16:27:00-08:00,2026-01-05,41,False
2026-01-05 16:30:00-08:00,2026-01-05,28,False
2026-01-05 16:33:00-08:00,2026-01-05,37,False
2026-01-05 16:36:00-08:00,2026-01-05,26,False
2026-01-05 16:39:00-08:00,2026-01-05,22,False
2026-01-05 16:42:00-08:00,2026-01-05,22,False
2026-01-05 16:45:00-08:00,2026-01-05,25,False
2026-01-05 16:48:00-08:00,2026-01-05,22,False
2026-01-05 16:51:00-08:00,2026-01-05,34,False
2026-01-05 16:54:00-08:00,2026-01-05,61,False
2026-01-05 16:57:00-08:00,2026-01-05,36,False
2026-01-05 17:00:00-08:00,2026-01-05,33,False
2026-01-05 17:03:00-08:00,2026-01-05,42,False
2026-01-05 17:06:00-08:00,2026-01-05,47,False
2026-01-05 17:09:00-08:00,2026-01-05,37,False
2026-01-05 17:12:00-08:00,2026-01-05,40,False
2026-01-05 17:15:00-08:00,2026-01-05,45,False
2026-01-05 17:18:00-08:00,2026-01-05,31,False
2026-01-05 17:21:00-08:00,2026-01-05,43,False
2026-01-05 17:24:00-08:00,2026-01-05,44,False
2026-01-05 17:27:00-08:00,2026-01-05,40,False
2026-01-05 17:30:00-08:00,2026-01-05,42,False
2026-01-05 17:33:00-08:00,2026-01-05,40,False
2026-01-05 17:36:00-08:00,2026-01-05,35,False
2026-01-05 17:39:00-08:00,2026-01-05,20,False
2026-01-05 17:42:00-08:00,2026-01-05,36,False
2026-01-05 17:45:00-08:00,2026-01-05,25,False
2026-01-05 17:48:00-08:00,2026-01-05,36,False
2026-01-05 17:51:00-08:00,2026-01-05,28,False
2026-01-05 17:54:00-08:00,2026-01-05,35,False
2026-01-05 17:57:00-08:00,2026-01-05,25,False
2026-01-05 18:00:00-08:00,2026-01-05,25,False
2026-01-05 18:03:00-08:00,2026-01-05,25,False
2026-01-05 18:06:00-08:00,2026-01-05,28,False
2026-01-05 18:09:00-08:00,2026-01-05,30,False
2026-01-05 18:12:00-08:00,2026-01-05,-1,True
2026-01-05 18:15:00-08:00,2026-01-05,-1,True
2026-01-05 18:18:00-08:00,2026-01-05,-1,True
2026-01-05 18:21:00-08:00,2026-01-05,63,False
2026-01-05 18:24:00-08:00,2026-01-05,-1,True
2026-01-05 18:27:00-08:00,2026-01-05,-1,True
2026-01-05 18:30:00-08:00,2026-01-05,24,False
2026-01-05 18:33:00-08:00,2026-01-05,28,False
2026-01-05 18:36:00-08:00,2026-01-05,30,False
2026-01-05 18:39:00-08:00,2026-01-05,39,False
2026-01-05 18:42:00-08:00,2026-01-05,32,False
2026-01-05 18:45:00-08:00,2026-01-05,30,False
2026-01-05 18:48:00-08:00,2026-01-05,41,False
2026-01-05 18:51:00-08:00,2026-01-05,62,False
2026-01-05 18:54:00-08:00,2026-01-05,42,False
2026-01-05 18:57:00-08:00,2026-01-05,62,False
2026-01-05 19:00:00-08:00,2026-01-05,54,False
2026-01-05 19:03:00-08:00,2026-01-05,41,False
2026-01-05 19:06:00-08:00,2026-01-05,47,False
2026-01-05 19:09:00-08:00,2026-01-05,59,False
2026-01-05 19:12:00-08:00,2026-01-05,40,False
2026-01-05 19:15:00-08:00,2026-01-05,45,False
2026-01-05 19:18:00-08:00,2026-01-05,46,False
2026-01-05 19:21:00-08:00,2026-01-05,64,False
2026-01-05 19:24:00-08:00,2026-01-05,44,False
2026-01-05 19:27:00-08:00,2026-01-05,53,False
2026-01-05 19:30:00-08:00,2026-01-05,63,False
2026-01-05 19:33:00-08:00,2026-01-05,60,False
2026-01-05 19:36:00-08:00,2026-01-05,30,False
2026-01-05 19:39:00-08:00,2026-01-05,39,False
2026-01-05 19:42:00-08:00,2026-01-05,52,False
2026-01-05 19:45:00-08:00,2026-01-05,51,False
2026-01-05 19:48:00-08:00,2026-01-05,62,False
2026-01-05 19:51:00-08:00,2026-01-05,59,False
2026-01-05 19:54:00-08:00,2026-01-05,54,False
2026-01-05 19:57:00-08:00,2026-01-05,59,False
2026-01-05 20:00:00-08:00,2026-01-05,49,False
2026-01-05 20:03:00-08:00,2026-01-05,64,False
2026-01-05 20:06:00-08:00,2026-01-05,47,False
2026-01-05 20:09:00-08:00,2026-01-05,46,False
2026-01-05 20:12:00-08:00,2026-01-05,48,False
2026-01-05 20:15:00-08:00,2026-01-05,53,False
2026-01-05 20:18:00-08:00,2026-01-05,40,False
2026-01-05 20:21:00-08:00,2026-01-05,-1,True
2026-01-05 20:24:00-08:00,2026-01-05,-1,True
2026-01-05 20:27:00-08:00,2026-01-05,-1,True
2026-01-05 20:30:00-08:00,2026-01-05,-1,True
2026-01-05 20:33:00-08:00,2026-01-05,66,False
2026-01-05 20:36:00-08:00,2026-01-05,20,False
2026-01-05 20:39:00-08:00,2026-01-05,24,False
2026-01-05 20:42:00-08:00,2026-01-05,15,False
2026-01-05 20:45:00-08:00,2026-01-05,23,False
2026-01-05 20:48:00-08:00,2026-01-05,23,False
2026-01-05 20:51:00-08:00,2026-01-05,20,False
2026-01-05 20:54:00-08:00,2026-01-05,8,True
2026-01-05 20:57:00-08:00,2026-01-05,17,False
2026-01-05 21:00:00-08:00,2026-01-05,12,True
2026-01-05 21:03:00-08:00,2026-01-05,15,False
2026-01-05 21:06:00-08:00,2026-01-05,12,True
2026-01-05 21:09:00-08:00,2026-01-05,15,False
2026-01-05 21:12:00-08:00,2026-01-05,13,True
2026-01-05 21:15:00-08:00,2026-01-05,15,False
2026-01-05 21:18:00-08:00,2026-01-05,15,False
2026-01-05 21:21:00-08:00,2026-01-05,11,True
2026-01-05 21:24:00-08:00,2026-01-05,13,True
2026-01-05 21:27:00-08:00,2026-01-05,15,False
2026-01-05 21:30:00-08:00,2026-01-05,21,False
2026-01-05 21:33:00-08:00,2026-01-05,13,True
2026-01-05 21:36:00-08:00,2026-01-05,12,True
2026-01-05 21:39:00-08:00,2026-01-05,12,True
2026-01-05 21:42:00-08:00,2026-01-05,15,False
2026-01-05 21:45:00-08:00,2026-01-05,17,False
2026-01-05 21:48:00-08:00,2026-01-05,18,False
2026-01-05 21:51:00-08:00,2026-01-05,18,False
2026-01-05 21:54:00-08:00,2026-01-05,27,False
2026-01-05 21:57:00-08:00,2026-01-05,21,False
2026-01-05 22:00:00-08:00,2026-01-05,16,False
2026-01-05 22:03:00-08:00,2026-01-05,9,True
2026-01-05 22:06:00-08:00,2026-01-05,8,True
2026-01-05 22:09:00-08:00,2026-01-05,8,True
2026-01-05 22:12:00-08:00,2026-01-05,7,True
2026-01-05 22:15:00-08:00,2026-01-05,9,True
2026-01-05 22:18:00-08:00,2026-01-05,7,True
2026-01-05 22:21:00-08:00,2026-01-05,6,True
2026-01-05 22:24:00-08:00,2026-01-05,10,True
2026-01-05 22:27:00-08:00,2026-01-05,13,True
2026-01-05 22:30:00-08:00,2026-01-05,19,False
2026-01-05 22:33:00-08:00,2026-01-05,13,True
2026-01-05 22:36:00-08:00,2026-01-05,13,True
2026-01-05 22:39:00-08:00,2026-01-05,11,True
2026-01-05 22:42:00-08:00,2026-01-05,14,True
2026-01-05 22:45:00-08:00,2026-01-05,17,False
2026-01-05 22:48:00-08:00,2026-01-05,11,True
2026-01-05 22:51:00-08:00,2026-01-05,-1,True
2026-01-05 22:54:00-08:00,2026-01-05,-1,True
2026-01-05 22:57:00-08:00,2026-01-05,27,False
2026-01-05 23:00:00-08:00,2026-01-05,11,True
2026-01-05 23:03:00-08:00,2026-01-05,8,True
2026-01-05 23:06:00-08:00,2026-01-05,11,True
2026-01-05 23:09:00-08:00,2026-01-05,14,True
2026-01-05 23:12:00-08:00,2026-01-05,11,True
2026-01-05 23:15:00-08:00,2026-01-05,16,False
2026-01-05 23:18:00-08:00,2026-01-05,15,False
2026-01-05 23:21:00-08:00,2026-01-05,23,False
2026-01-05 23:24:00-08:00,2026-01-05,11,True
2026-01-05 23:27:00-08:00,2026-01-05,11,True
2026-01-05 23:30:00-08:00,2026-01-05,12,True
2026-01-05 23:33:00-08:00,2026-01-05,13,True
2026-01-05 23:36:00-08:00,2026-01-05,15,False
2026-01-05 23:39:00-08:00,2026-01-05,13,True
2026-01-05 23:42:00-08:00,2026-01-05,13,True
2026-01-05 23:45:00-08:00,2026-01-05,16,False
2026-01-05 23:48:00-08:00,2026-01-05,10,True
2026-01-05 23:51:00-08:00,2026-01-05,7,True
2026-01-05 23:54:00-08:00,2026-01-05,9,True
2026-01-05 23:57:00-08:00,2026-01-05,8,True
2026-01-06 00:00:00-08:00,2026-01-06,11,True
2026-01-06 00:03:00-08:00,2026-01-06,5,True
2026-01-06 00:06:00-08:00,2026-01-06,9,True
2026-01-06 00:09:00-08:00,2026-01-06,20,False
2026-01-06 00:12:00-08:00,2026-01-06,15,False
2026-01-06 00:15:00-08:00,2026-01-06,11,True
2026-01-06 00:18:00-08:00,2026-01-06,11,True
2026-01-06 00:21:00-08:00,2026-01-06,15,False
2026-01-06 00:24:00-08:00,2026-01-06,15,False
2026-01-06 00:27:00-08:00,2026-01-06,15,False
2026-01-06 00:30:00-08:00,2026-01-06,13,True
2026-01-06 00:33:00-08:00,2026-01-06,16,False
2026-01-06 00:36:00-08:00,2026-01-06,17,False
2026-01-06 00:39:00-08:00,2026-01-06,14,True
2026-01-06 00:42:00-08:00,2026-01-06,15,False
2026-01-06 00:45:00-08:00,2026-01-06,12,True
2026-01-06 00:48:00-08:00,2026-01-06,13,True
2026-01-06 00:51:00-08:00,2026-01-06,14,True
2026-01-06 00:54:00-08:00,2026-01-06,17,False
2026-01-06 00:57:00-08:00,2026-01-06,16,False
2026-01-06 01:00:00-08:00,2026-01-06,16,False
2026-01-06 01:03:00-08:00,2026-01-06,15,False
2026-01-06 01:06:00-08:00,2026-01-06,16,False
2026-01-06 01:09:00-08:00,2026-01-06,17,False
2026-01-06 01:12:00-08:00,2026-01-06,18,False
2026-01-06 01:15:00-08:00,2026-01-06,17,False
2026-01-06 01:18:00-08:00,2026-01-06,18,False
2026-01-06 01:21:00-08:00,2026-01-06,14,True
2026-01-06 01:24:00-08:00,2026-01-06,12,True
2026-01-06 01:27:00-08:00,2026-01-06,25,False
2026-01-06 01:30:00-08:00,2026-01-06,22,False
2026-01-06 01:33:00-08:00,2026-01-06,22,False
2026-01-06 01:36:00-08:00,2026-01-06,16,False
2026-01-06 01:39:00-08:00,2026-01-06,13,True
2026-01-06 01:42:00-08:00,2026-01-06,14,True
2026-01-06 01:45:00-08:00,2026-01-06,11,True
2026-01-06 01:48:00-08:00,2026-01-06,15,False
2026-01-06 01:51:00-08:00,2026-01-06,12,True
2026-01-06 01:54:00-08:00,2026-01-06,11,True
2026-01-06 01:57:00-08:00,2026-01-06,13,True
2026-01-06 02:00:00-08:00,2026-01-06,8,True
2026-01-06 02:03:00-08:00,2026-01-06,8,True
2026-01-06 02:06:00-08:00,2026-01-06,7,True
2026-01-06 02:09:00-08:00,2026-01-06,7,True
2026-01-06 02:12:00-08:00,2026-01-06,9,True
2026-01-06 02:15:00-08:00,2026-01-06,9,True
2026-01-06 02:18:00-08:00,2026-01-06,11,True
2026-01-06 02:21:00-08:00,2026-01-06,8,True
2026-01-06 02:24:00-08:00,2026-01-06,9,True
2026-01-06 02:27:00-08:00,2026-01-06,9,True
2026-01-06 02:30:00-08:00,2026-01-06,13,True
2026-01-06 02:33:00-08:00,2026-01-06,13,True
2026-01-06 02:36:00-08:00,2026-01-06,9,True
2026-01-06 02:39:00-08:00,2026-01-06,9,True
2026-01-06 02:42:00-08:00,2026-01-06,11,True
2026-01-06 02:45:00-08:00,2026-01-06,8,True
2026-01-06 02:48:00-08:00,2026-01-06,8,True
2026-01-06 02:51:00-08:00,2026-01-06,10,True
2026-01-06 02:54:00-08:00,2026-01-06,11,True
2026-01-06 02:57:00-08:00,2026-01-06,15,False
2026-01-06 03:00:00-08:00,2026-01-06,20,False
2026-01-06 03:03:00-08:00,2026-01-06,21,False
2026-01-06 03:06:00-08:00,2026-01-06,22,False
2026-01-06 03:09:00-08:00,2026-01-06,19,False
2026-01-06 03:12:00-08:00,2026-01-06,22,False
2026-01-06 03:15:00-08:00,2026-01-06,15,False
2026-01-06 03:18:00-08:00,2026-01-06,18,False
2026-01-06 03:21:00-08:00,2026-01-06,17,False
2026-01-06 03:24:00-08:00,2026-01-06,17,False
2026-01-06 03:27:00-08:00,2026-01-06,21,False
2026-01-06 03:30:00-08:00,2026-01-06,23,False
2026-01-06 03:33:00-08:00,2026-01-06,23,False
2026-01-06 03:36:00-08:00,2026-01-06,21,False
2026-01-06 03:39:00-08:00,2026-01-06,20,False
2026-01-06 03:42:00-08:00,2026-01-06,16,False
2026-01-06 03:45:00-08:00,2026-01-06,11,True
2026-01-06 03:48:00-08:00,2026-01-06,14,True
2026-01-06 03:51:00-08:00,2026-01-06,11,True
2026-01-06 03:54:00-08:00,2026-01-06,15,False
2026-01-06 03:57:00-08:00,2026-01-06,13,True
2026-01-06 04:00:00-08:00,2026-01-06,11,True
2026-01-06 04:03:00-08:00,2026-01-06,9,True
2026-01-06 04:06:00-08:00,2026-01-06,9,True
2026-01-06 04:09:00-08:00,2026-01-06,11,True
2026-01-06 04:12:00-08:00,2026-01-06,10,True
2026-01-06 04:15:00-08:00,2026-01-06,10,True
2026-01-06 04:18:00-08:00,2026-01-06,11,True
2026-01-06 04:21:00-08:00,2026-01-06,11,True
2026-01-06 04:24:00-08:00,2026-01-06,11,True
2026-01-06 04:27:00-08:00,2026-01-06,10,True
2026-01-06 04:30:00-08:00,2026-01-06,12,True
2026-01-06 04:33:00-08:00,2026-01-06,7,True
2026-01-06 04:36:00-08:00,2026-01-06,10,True
2026-01-06 04:39:00-08:00,2026-01-06,14,True
2026-01-06 04:42:00-08:00,2026-01-06,9,True
2026-01-06 04:45:00-08:00,2026-01-06,19,False
2026-01-06 04:48:00-08:00,2026-01-06,31,False
2026-01-06 04:51:00-08:00,2026-01-06,16,False
2026-01-06 04:54:00-08:00,2026-01-06,23,False
2026-01-06 04:57:00-08:00,2026-01-06,22,False
2026-01-06 05:00:00-08:00,2026-01-06,15,False
2026-01-06 05:03:00-08:00,2026-01-06,11,True
2026-01-06 05:06:00-08:00,2026-01-06,19,False
2026-01-06 05:09:00-08:00,2026-01-06,30,False
2026-01-06 05:12:00-08:00,2026-01-06,25,False
2026-01-06 05:15:00-08:00,2026-01-06,61,False
2026-01-06 05:18:00-08:00,2026-01-06,40,False
2026-01-06 05:21:00-08:00,2026-01-06,29,False
2026-01-06 05:24:00-08:00,2026-01-06,40,False
2026-01-06 05:27:00-08:00,2026-01-06,25,False
2026-01-06 05:30:00-08:00,2026-01-06,21,False
2026-01-06 05:33:00-08:00,2026-01-06,24,False
2026-01-06 05:36:00-08:00,2026-01-06,24,False
2026-01-06 05:39:00-08:00,2026-01-06,25,False
2026-01-06 05:42:00-08:00,2026-01-06,25,False
2026-01-06 05:45:00-08:00,2026-01-06,15,False
2026-01-06 05:48:00-08:00,2026-01-06,21,False
2026-01-06 05:51:00-08:00,2026-01-06,29,False
2026-01-06 05:54:00-08:00,2026-01-06,24,False
2026-01-06 05:57:00-08:00,2026-01-06,19,False
2026-01-06 06:00:00-08:00,2026-01-06,21,False
2026-01-06 06:03:00-08:00,2026-01-06,28,False
2026-01-06 06:06:00-08:00,2026-01-06,30,False
2026-01-06 06:09:00-08:00,2026-01-06,34,False
2026-01-06 06:12:00-08:00,2026-01-06,74,False
2026-01-06 06:15:00-08:00,2026-01-06,31,False
2026-01-06 06:18:00-08:00,2026-01-06,35,False
2026-01-06 06:21:00-08:00,2026-01-06,53,False
2026-01-06 06:24:00-08:00,2026-01-06,56,False
2026-01-06 06:27:00-08:00,2026-01-06,40,False
2026-01-06 06:30:00-08:00,2026-01-06,24,False
2026-01-06 06:33:00-08:00,2026-01-06,35,False
2026-01-06 06:36:00-08:00,2026-01-06,34,False
2026-01-06 06:39:00-08:00,2026-01-06,31,False
2026-01-06 06:42:00-08:00,2026-01-06,37,False
2026-01-06 06:45:00-08:00,2026-01-06,37,False
2026-01-06 06:48:00-08:00,2026-01-06,23,False
2026-01-06 06:51:00-08:00,2026-01-06,32,False
2026-01-06 06:54:00-08:00,2026-01-06,28,False
2026-01-06 06:57:00-08:00,2026-01-06,47,False
2026-01-06 07:00:00-08:00,2026-01-06,49,False
2026-01-06 07:03:00-08:00,2026-01-06,30,False
2026-01-06 07:06:00-08:00,2026-01-06,37,False
2026-01-06 07:09:00-08:00,2026-01-06,48,False
2026-01-06 07:12:00-08:00,2026-01-06,28,False
2026-01-06 07:15:00-08:00,2026-01-06,58,False
2026-01-06 07:18:00-08:00,2026-01-06,36,False
2026-01-06 07:21:00-08:00,2026-01-06,25,False
2026-01-06 07:24:00-08:00,2026-01-06,25,False
2026-01-06 07:27:00-08:00,2026-01-06,41,False
2026-01-06 07:30:00-08:00,2026-01-06,40,False
2026-01-06 07:33:00-08:00,2026-01-06,-1,True
2026-01-06 07:36:00-08:00,2026-01-06,-1,True
2026-01-06 07:39:00-08:00,2026-01-06,31,False
2026-01-06 07:42:00-08:00,2026-01-06,28,False
2026-01-06 07:45:00-08:00,2026-01-06,-1,True
2026-01-06 07:48:00-08:00,2026-01-06,74,False
2026-01-06 07:51:00-08:00,2026-01-06,-1,True
2026-01-06 07:54:00-08:00,2026-01-06,32,False
2026-01-06 07:57:00-08:00,2026-01-06,25,False
2026-01-06 08:00:00-08:00,2026-01-06,28,False
2026-01-06 08:03:00-08:00,2026-01-06,37,False
2026-01-06 08:06:00-08:00,2026-01-06,48,False
2026-01-06 08:09:00-08:00,2026-01-06,51,False
2026-01-06 08:12:00-08:00,2026-01-06,46,False
2026-01-06 08:15:00-08:00,2026-01-06,46,False
2026-01-06 08:18:00-08:00,2026-01-06,39,False
2026-01-06 08:21:00-08:00,2026-01-06,49,False
2026-01-06 08:24:00-08:00,2026-01-06,31,False
2026-01-06 08:27:00-08:00,2026-01-06,26,False
2026-01-06 08:30:00-08:00,2026-01-06,41,False
2026-01-06 08:33:00-08:00,2026-01-06,37,False
2026-01-06 08:36:00-08:00,2026-01-06,32,False
2026-01-06 08:39:00-08:00,2026-01-06,25,False
2026-01-06 08:42:00-08:00,2026-01-06,28,False
2026-01-06 08:45:00-08:00,2026-01-06,31,False
2026-01-06 08:48:00-08:00,2026-01-06,25,False
2026-01-06 08:51:00-08:00,2026-01-06,25,False
2026-01-06 08:54:00-08:00,2026-01-06,34,False
2026-01-06 08:57:00-08:00,2026-01-06,25,False
2026-01-06 09:00:00-08:00,2026-01-06,17,False
2026-01-06 09:03:00-08:00,2026-01-06,21,False
2026-01-06 09:06:00-08:00,2026-01-06,22,False
2026-01-06 09:09:00-08:00,2026-01-06,25,False
2026-01-06 09:12:00-08:00,2026-01-06,29,False
2026-01-06 09:15:00-08:00,2026-01-06,28,False
2026-01-06 09:18:00-08:00,2026-01-06,22,False
2026-01-06 09:21:00-08:00,2026-01-06,25,False
2026-01-06 09:24:00-08:00,2026-01-06,23,False
2026-01-06 09:27:00-08:00,2026-01-06,-2,True
2026-01-06 09:30:00-08:00,2026-01-06,46,False
2026-01-06 09:33:00-08:00,2026-01-06,21,False
2026-01-06 09:36:00-08:00,2026-01-06,32,False
2026-01-06 09:39:00-08:00,2026-01-06,29,False
2026-01-06 09:42:00-08:00,2026-01-06,38,False
2026-01-06 09:45:00-08:00,2026-01-06,26,False
2026-01-06 09:48:00-08:00,2026-01-06,32,False
2026-01-06 09:51:00-08:00,2026-01-06,34,False
2026-01-06 09:54:00-08:00,2026-01-06,-2,True
2026-01-06 09:57:00-08:00,2026-01-06,-2,True
2026-01-06 10:00:00-08:00,2026-01-06,-1,True
2026-01-06 10:03:00-08:00,2026-01-06,73,False
2026-01-06 10:06:00-08:00,2026-01-06,21,False
2026-01-06 10:09:00-08:00,2026-01-06,22,False
2026-01-06 10:12:00-08:00,2026-01-06,25,False
2026-01-06 10:15:00-08:00,2026-01-06,37,False
2026-01-06 10:18:00-08:00,2026-01-06,34,False
2026-01-06 10:21:00-08:00,2026-01-06,29,False
2026-01-06 10:24:00-08:00,2026-01-06,28,False
2026-01-06 10:27:00-08:00,2026-01-06,28,False
2026-01-06 10:30:00-08:00,2026-01-06,34,False
2026-01-06 10:33:00-08:00,2026-01-06,41,False
2026-01-06 10:36:00-08:00,2026-01-06,-1,True
2026-01-06 10:39:00-08:00,2026-01-06,-1,True
2026-01-06 10:42:00-08:00,2026-01-06,64,False
2026-01-06 10:45:00-08:00,2026-01-06,38,False
2026-01-06 10:48:00-08:00,2026-01-06,42,False
2026-01-06 10:51:00-08:00,2026-01-06,37,False
2026-01-06 10:54:00-08:00,2026-01-06,37,False
2026-01-06 10:57:00-08:00,2026-01-06,49,False
2026-01-06 11:00:00-08:00,2026-01-06,52,False
2026-01-06 11:03:00-08:00,2026-01-06,-1,True
2026-01-06 11:06:00-08:00,2026-01-06,-2,True
2026-01-06 11:09:00-08:00,2026-01-06,81,False
2026-01-06 11:12:00-08:00,2026-01-06,-1,True
2026-01-06 11:15:00-08:00,2026-01-06,61,False
2026-01-06 11:18:00-08:00,2026-01-06,-1,True
2026-01-06 11:21:00-08:00,2026-01-06,37,False
2026-01-06 11:24:00-08:00,2026-01-06,40,False
2026-01-06 11:27:00-08:00,2026-01-06,30,False
2026-01-06 11:30:00-08:00,2026-01-06,28,False
2026-01-06 11:33:00-08:00,2026-01-06,27,False
2026-01-06 11:36:00-08:00,2026-01-06,24,False
2026-01-06 11:39:00-08:00,2026-01-06,31,False
2026-01-06 11:42:00-08:00,2026-01-06,43,False
2026-01-06 11:45:00-08:00,2026-01-06,30,False
2026-01-06 11:48:00-08:00,2026-01-06,25,False
2026-01-06 11:51:00-08:00,2026-01-06,29,False
2026-01-06 11:54:00-08:00,2026-01-06,28,False
2026-01-06 11:57:00-08:00,2026-01-06,33,False
2026-01-06 12:00:00-08:00,2026-01-06,27,False
2026-01-06 12:03:00-08:00,2026-01-06,25,False
2026-01-06 12:06:00-08:00,2026-01-06,24,False
2026-01-06 12:09:00-08:00,2026-01-06,-1,True
2026-01-06 12:12:00-08:00,2026-01-06,64,False
2026-01-06 12:15:00-08:00,2026-01-06,58,False
2026-01-06 12:18:00-08:00,2026-01-06,-1,True
2026-01-06 12:21:00-08:00,2026-01-06,28,False
2026-01-06 12:24:00-08:00,2026-01-06,23,False
2026-01-06 12:27:00-08:00,2026-01-06,22,False
2026-01-06 12:30:00-08:00,2026-01-06,25,False
2026-01-06 12:33:00-08:00,2026-01-06,60,False
2026-01-06 12:36:00-08:00,2026-01-06,35,False
2026-01-06 12:39:00-08:00,2026-01-06,46,False
2026-01-06 12:42:00-08:00,2026-01-06,66,False
2026-01-06 12:45:00-08:00,2026-01-06,72,False
2026-01-06 12:48:00-08:00,2026-01-06,67,False
2026-01-06 12:51:00-08:00,2026-01-06,64,False
2026-01-06 12:54:00-08:00,2026-01-06,61,False
2026-01-06 12:57:00-08:00,2026-01-06,53,False
2026-01-06 13:00:00-08:00,2026-01-06,60,False
2026-01-06 13:03:00-08:00,2026-01-06,52,False
2026-01-06 13:06:00-08:00,2026-01-06,51,False
2026-01-06 13:09:00-08:00,2026-01-06,55,False
2026-01-06 13:12:00-08:00,2026-01-06,75,False
2026-01-06 13:15:00-08:00,2026-01-06,63,False
2026-01-06 13:18:00-08:00,2026-01-06,61,False
2026-01-06 13:21:00-08:00,2026-01-06,61,False
2026-01-06 13:24:00-08:00,2026-01-06,76,False
2026-01-06 13:27:00-08:00,2026-01-06,76,False
2026-01-06 13:30:00-08:00,2026-01-06,74,False
2026-01-06 13:33:00-08:00,2026-01-06,42,False
2026-01-06 13:36:00-08:00,2026-01-06,46,False
2026-01-06 13:39:00-08:00,2026-01-06,34,False
2026-01-06 13:42:00-08:00,2026-01-06,30,False
2026-01-06 13:45:00-08:00,2026-01-06,35,False
2026-01-06 13:48:00-08:00,2026-01-06,29,False
2026-01-06 13:51:00-08:00,2026-01-06,35,False
2026-01-06 13:54:00-08:00,2026-01-06,25,False
2026-01-06 13:57:00-08:00,2026-01-06,31,False
2026-01-06 14:00:00-08:00,2026-01-06,28,False
2026-01-06 14:03:00-08:00,2026-01-06,34,False
2026-01-06 14:06:00-08:00,2026-01-06,34,False
2026-01-06 14:09:00-08:00,2026-01-06,64,False
2026-01-06 14:12:00-08:00,2026-01-06,43,False
2026-01-06 14:15:00-08:00,2026-01-06,42,False
2026-01-06 14:18:00-08:00,2026-01-06,36,False
2026-01-06 14:21:00-08:00,2026-01-06,30,False
2026-01-06 14:24:00-08:00,2026-01-06,27,False
2026-01-06 14:27:00-08:00,2026-01-06,31,False
2026-01-06 14:30:00-08:00,2026-01-06,55,False
2026-01-06 14:33:00-08:00,2026-01-06,51,False
2026-01-06 14:36:00-08:00,2026-01-06,-1,True
2026-01-06 14:39:00-08:00,2026-01-06,55,False
2026-01-06 14:42:00-08:00,2026-01-06,46,False
2026-01-06 14:45:00-08:00,2026-01-06,50,False
2026-01-06 14:48:00-08:00,2026-01-06,48,False
2026-01-06 14:51:00-08:00,2026-01-06,40,False
2026-01-06 14:54:00-08:00,2026-01-06,46,False
2026-01-06 14:57:00-08:00,2026-01-06,-1,True
2026-01-06 15:00:00-08:00,2026-01-06,38,False
2026-01-06 15:03:00-08:00,2026-01-06,22,False
2026-01-06 15:06:00-08:00,2026-01-06,25,False
2026-01-06 15:09:00-08:00,2026-01-06,25,False
2026-01-06 15:12:00-08:00,2026-01-06,25,False
2026-01-06 15:15:00-08:00,2026-01-06,26,False
2026-01-06 15:18:00-08:00,2026-01-06,36,False
2026-01-06 15:21:00-08:00,2026-01-06,31,False
2026-01-06 15:24:00-08:00,2026-01-06,29,False
2026-01-06 15:27:00-08:00,2026-01-06,30,False
2026-01-06 15:30:00-08:00,2026-01-06,25,False
2026-01-06 15:33:00-08:00,2026-01-06,31,False
2026-01-06 15:36:00-08:00,2026-01-06,34,False
2026-01-06 15:39:00-08:00,2026-01-06,27,False
2026-01-06 15:42:00-08:00,2026-01-06,20,False
2026-01-06 15:45:00-08:00,2026-01-06,26,False
2026-01-06 15:48:00-08:00,2026-01-06,22,False
2026-01-06 15:51:00-08:00,2026-01-06,-2,True
2026-01-06 15:54:00-08:00,2026-01-06,-1,True
2026-01-06 15:57:00-08:00,2026-01-06,-2,True
2026-01-06 16:00:00-08:00,2026-01-06,-1,True
2026-01-06 16:03:00-08:00,2026-01-06,-1,True
2026-01-06 16:06:00-08:00,2026-01-06,-1,True
2026-01-06 16:09:00-08:00,2026-01-06,-2,True
2026-01-06 16:12:00-08:00,2026-01-06,-2,True
2026-01-06 16:15:00-08:00,2026-01-06,-2,True
2026-01-06 16:18:00-08:00,2026-01-06,-2,True
2026-01-06 16:21:00-08:00,2026-01-06,-2,True
2026-01-06 16:24:00-08:00,2026-01-06,-2,True
2026-01-06 16:27:00-08:00,2026-01-06,-2,True
2026-01-06 16:30:00-08:00,2026-01-06,-2,True
2026-01-06 16:33:00-08:00,2026-01-06,-2,True
2026-01-06 16:36:00-08:00,2026-01-06,-2,True
2026-01-06 16:39:00-08:00,2026-01-06,-2,True
2026-01-06 16:42:00-08:00,2026-01-06,-2,True
2026-01-06 16:45:00-08:00,2026-01-06,-2,True
2026-01-06 16:48:00-08:00,2026-01-06,-2,True
2026-01-06 16:51:00-08:00,2026-01-06,-2,True
2026-01-06 16:54:00-08:00,2026-01-06,-2,True
2026-01-06 16:57:00-08:00,2026-01-06,-2,True
2026-01-06 17:00:00-08:00,2026-01-06,-2,True
2026-01-06 17:03:00-08:00,2026-01-06,-2,True
2026-01-06 17:06:00-08:00,2026-01-06,-2,True
2026-01-06 17:09:00-08:00,2026-01-06,-2,True
2026-01-06 17:12:00-08:00,2026-01-06,-2,True
2026-01-06 17:15:00-08:00,2026-01-06,-1,True
2026-01-06 17:18:00-08:00,2026-01-06,-2,True
2026-01-06 17:21:00-08:00,2026-01-06,-1,True
2026-01-06 17:24:00-08:00,2026-01-06,-1,True
2026-01-06 17:27:00-08:00,2026-01-06,-1,True
2026-01-06 17:30:00-08:00,2026-01-06,-1,True
2026-01-06 17:33:00-08:00,2026-01-06,-1,True
2026-01-06 17:36:00-08:00,2026-01-06,-1,True
2026-01-06 17:39:00-08:00,2026-01-06,-1,True
2026-01-06 17:42:00-08:00,2026-01-06,-1,True
2026-01-06 17:45:00-08:00,2026-01-06,-1,True
2026-01-06 17:48:00-08:00,2026-01-06,-1,True
2026-01-06 17:51:00-08:00,2026-01-06,-1,True
2026-01-06 17:54:00-08:00,2026-01-06,-1,True
2026-01-06 17:57:00-08:00,2026-01-06,-1,True
2026-01-06 18:00:00-08:00,2026-01-06,-1,True
2026-01-06 18:03:00-08:00,2026-01-06,-1,True
2026-01-06 18:06:00-08:00,2026-01-06,-1,True
2026-01-06 18:09:00-08:00,2026-01-06,-1,True
2026-01-06 18:12:00-08:00,2026-01-06,-1,True
2026-01-06 18:15:00-08:00,2026-01-06,-1,True
2026-01-06 18:18:00-08:00,2026-01-06,-1,True
2026-01-06 18:21:00-08:00,2026-01-06,-1,True
2026-01-06 18:24:00-08:00,2026-01-06,-1,True
2026-01-06 18:27:00-08:00,2026-01-06,-1,True
2026-01-06 18:30:00-08:00,2026-01-06,-1,True
2026-01-06 18:33:00-08:00,2026-01-06,-1,True
2026-01-06 18:36:00-08:00,2026-01-06,-1,True
2026-01-06 18:39:00-08:00,2026-01-06,-1,True
2026-01-06 18:42:00-08:00,2026-01-06,-1,True
2026-01-06 18:45:00-08:00,2026-01-06,-1,True
2026-01-06 18:48:00-08:00,2026-01-06,93,False
2026-01-06 18:51:00-08:00,2026-01-06,-2,True
2026-01-06 18:54:00-08:00,2026-01-06,-2,True
2026-01-06 18:57:00-08:00,2026-01-06,-2,True
2026-01-06 19:00:00-08:00,2026-01-06,-2,True
2026-01-06 19:03:00-08:00,2026-01-06,85,False
2026-01-06 19:06:00-08:00,2026-01-06,85,False
2026-01-06 19:09:00-08:00,2026-01-06,85,False
2026-01-06 19:12:00-08:00,2026-01-06,86,False
2026-01-06 19:15:00-08:00,2026-01-06,88,False
2026-01-06 19:18:00-08:00,2026-01-06,89,False
2026-01-06 19:21:00-08:00,2026-01-06,87,False
2026-01-06 19:24:00-08:00,2026-01-06,90,False
2026-01-06 19:27:00-08:00,2026-01-06,87,False
2026-01-06 19:30:00-08:00,2026-01-06,85,False
2026-01-06 19:33:00-08:00,2026-01-06,82,False
2026-01-06 19:36:00-08:00,2026-01-06,83,False
2026-01-06 19:39:00-08:00,2026-01-06,85,False
2026-01-06 19:42:00-08:00,2026-01-06,80,False
2026-01-06 19:45:00-08:00,2026-01-06,73,False
2026-01-06 19:48:00-08:00,2026-01-06,71,False
2026-01-06 19:51:00-08:00,2026-01-06,65,False
2026-01-06 19:54:00-08:00,2026-01-06,71,False
2026-01-06 19:57:00-08:00,2026-01-06,69,False
2026-01-06 20:00:00-08:00,2026-01-06,70,False
2026-01-06 20:03:00-08:00,2026-01-06,75,False
2026-01-06 20:06:00-08:00,2026-01-06,82,False
2026-01-06 20:09:00-08:00,2026-01-06,78,False
2026-01-06 20:12:00-08:00,2026-01-06,79,False
2026-01-06 20:15:00-08:00,2026-01-06,77,False
2026-01-06 20:18:00-08:00,2026-01-06,75,False
2026-01-06 20:21:00-08:00,2026-01-06,67,False
2026-01-06 20:24:00-08:00,2026-01-06,76,False
2026-01-06 20:27:00-08:00,2026-01-06,70,False
2026-01-06 20:30:00-08:00,2026-01-06,63,False
2026-01-06 20:33:00-08:00,2026-01-06,-1,True
2026-01-06 20:36:00-08:00,2026-01-06,61,False
2026-01-06 20:39:00-08:00,2026-01-06,61,False
2026-01-06 20:42:00-08:00,2026-01-06,61,False
2026-01-06 20:45:00-08:00,2026-01-06,53,False
2026-01-06 20:48:00-08:00,2026-01-06,51,False
2026-01-06 20:51:00-08:00,2026-01-06,60,False
2026-01-06 20:54:00-08:00,2026-01-06,52,False
2026-01-06 20:57:00-08:00,2026-01-06,38,False
2026-01-06 21:00:00-08:00,2026-01-06,35,False
2026-01-06 21:03:00-08:00,2026-01-06,34,False
2026-01-06 21:06:00-08:00,2026-01-06,33,False
2026-01-06 21:09:00-08:00,2026-01-06,33,False
2026-01-06 21:12:00-08:00,2026-01-06,34,False
2026-01-06 21:15:00-08:00,2026-01-06,31,False
2026-01-06 21:18:00-08:00,2026-01-06,58,False
2026-01-06 21:21:00-08:00,2026-01-06,46,False
2026-01-06 21:24:00-08:00,2026-01-06,31,False
2026-01-06 21:27:00-08:00,2026-01-06,55,False
2026-01-06 21:30:00-08:00,2026-01-06,49,False
2026-01-06 21:33:00-08:00,2026-01-06,63,False
2026-01-06 21:36:00-08:00,2026-01-06,50,False
2026-01-06 21:39:00-08:00,2026-01-06,44,False
2026-01-06 21:42:00-08:00,2026-01-06,-1,True
2026-01-06 21:45:00-08:00,2026-01-06,31,False
2026-01-06 21:48:00-08:00,2026-01-06,48,False
2026-01-06 21:51:00-08:00,2026-01-06,34,False
2026-01-06 21:54:00-08:00,2026-01-06,39,False
2026-01-06 21:57:00-08:00,2026-01-06,37,False
2026-01-06 22:00:00-08:00,2026-01-06,52,False
2026-01-06 22:03:00-08:00,2026-01-06,43,False
2026-01-06 22:06:00-08:00,2026-01-06,30,False
2026-01-06 22:09:00-08:00,2026-01-06,38,False
2026-01-06 22:12:00-08:00,2026-01-06,46,False
2026-01-06 22:15:00-08:00,2026-01-06,34,False
2026-01-06 22:18:00-08:00,2026-01-06,24,False
2026-01-06 22:21:00-08:00,2026-01-06,25,False
2026-01-06 22:24:00-08:00,2026-01-06,28,False
2026-01-06 22:27:00-08:00,2026-01-06,25,False
2026-01-06 22:30:00-08:00,2026-01-06,25,False
2026-01-06 22:33:00-08:00,2026-01-06,24,False
2026-01-06 22:36:00-08:00,2026-01-06,25,False
2026-01-06 22:39:00-08:00,2026-01-06,25,False
2026-01-06 22:42:00-08:00,2026-01-06,24,False
2026-01-06 22:45:00-08:00,2026-01-06,28,False
2026-01-06 22:48:00-08:00,2026-01-06,30,False
2026-01-06 22:51:00-08:00,2026-01-06,29,False
2026-01-06 22:54:00-08:00,2026-01-06,25,False
2026-01-06 22:57:00-08:00,2026-01-06,28,False
2026-01-06 23:00:00-08:00,2026-01-06,27,False
2026-01-06 23:03:00-08:00,2026-01-06,25,False
2026-01-06 23:06:00-08:00,2026-01-06,27,False
2026-01-06 23:09:00-08:00,2026-01-06,25,False
2026-01-06 23:12:00-08:00,2026-01-06,24,False
2026-01-06 23:15:00-08:00,2026-01-06,29,False
2026-01-06 23:18:00-08:00,2026-01-06,31,False
2026-01-06 23:21:00-08:00,2026-01-06,25,False
2026-01-06 23:24:00-08:00,2026-01-06,24,False
2026-01-06 23:27:00-08:00,2026-01-06,21,False
2026-01-06 23:30:00-08:00,2026-01-06,28,False
2026-01-06 23:33:00-08:00,2026-01-06,28,False
2026-01-06 23:36:00-08:00,2026-01-06,25,False
2026-01-06 23:39:00-08:00,2026-01-06,22,False
2026-01-06 23:42:00-08:00,2026-01-06,21,False
2026-01-06 23:45:00-08:00,2026-01-06,23,False
2026-01-06 23:48:00-08:00,2026-01-06,25,False
2026-01-06 23:51:00-08:00,2026-01-06,22,False
2026-01-06 23:54:00-08:00,2026-01-06,21,False
2026-01-06 23:57:00-08:00,2026-01-06,22,False
2026-01-07 00:00:00-08:00,2026-01-07,22,False
2026-01-07 00:03:00-08:00,2026-01-07,21,False
2026-01-07 00:06:00-08:00,2026-01-07,23,False
2026-01-07 00:09:00-08:00,2026-01-07,25,False
2026-01-07 00:12:00-08:00,2026-01-07,17,False
2026-01-07 00:15:00-08:00,2026-01-07,18,False
2026-01-07 00:18:00-08:00,2026-01-07,25,False
2026-01-07 00:21:00-08:00,2026-01-07,28,False
2026-01-07 00:24:00-08:00,2026-01-07,41,False
2026-01-07 00:27:00-08:00,2026-01-07,45,False
2026-01-07 00:30:00-08:00,2026-01-07,33,False
2026-01-07 00:33:00-08:00,2026-01-07,31,False
2026-01-07 00:36:00-08:00,2026-01-07,23,False
2026-01-07 00:39:00-08:00,2026-01-07,24,False
2026-01-07 00:42:00-08:00,2026-01-07,23,False
2026-01-07 00:45:00-08:00,2026-01-07,23,False
2026-01-07 00:48:00-08:00,2026-01-07,28,False
2026-01-07 00:51:00-08:00,2026-01-07,28,False
2026-01-07 00:54:00-08:00,2026-01-07,25,False
2026-01-07 00:57:00-08:00,2026-01-07,26,False
2026-01-07 01:00:00-08:00,2026-01-07,25,False
2026-01-07 01:03:00-08:00,2026-01-07,25,False
2026-01-07 01:06:00-08:00,2026-01-07,19,False
2026-01-07 01:09:00-08:00,2026-01-07,18,False
2026-01-07 01:12:00-08:00,2026-01-07,17,False
2026-01-07 01:15:00-08:00,2026-01-07,15,False
2026-01-07 01:18:00-08:00,2026-01-07,14,True
2026-01-07 01:21:00-08:00,2026-01-07,14,True
2026-01-07 01:24:00-08:00,2026-01-07,13,True
2026-01-07 01:27:00-08:00,2026-01-07,13,True
2026-01-07 01:30:00-08:00,2026-01-07,13,True
2026-01-07 01:33:00-08:00,2026-01-07,15,False
2026-01-07 01:36:00-08:00,2026-01-07,13,True
2026-01-07 01:39:00-08:00,2026-01-07,13,True
2026-01-07 01:42:00-08:00,2026-01-07,11,True
2026-01-07 01:45:00-08:00,2026-01-07,13,True
2026-01-07 01:48:00-08:00,2026-01-07,14,True
2026-01-07 01:51:00-08:00,2026-01-07,18,False
2026-01-07 01:54:00-08:00,2026-01-07,16,False
2026-01-07 01:57:00-08:00,2026-01-07,14,True
2026-01-07 02:00:00-08:00,2026-01-07,14,True
2026-01-07 02:03:00-08:00,2026-01-07,11,True
2026-01-07 02:06:00-08:00,2026-01-07,14,True
2026-01-07 02:09:00-08:00,2026-01-07,11,True
2026-01-07 02:12:00-08:00,2026-01-07,14,True
2026-01-07 02:15:00-08:00,2026-01-07,14,True
2026-01-07 02:18:00-08:00,2026-01-07,39,False
2026-01-07 02:21:00-08:00,2026-01-07,38,False
2026-01-07 02:24:00-08:00,2026-01-07,33,False
2026-01-07 02:27:00-08:00,2026-01-07,21,False
2026-01-07 02:30:00-08:00,2026-01-07,14,True
2026-01-07 02:33:00-08:00,2026-01-07,13,True
2026-01-07 02:36:00-08:00,2026-01-07,12,True
2026-01-07 02:39:00-08:00,2026-01-07,9,True
2026-01-07 02:42:00-08:00,2026-01-07,9,True
2026-01-07 02:45:00-08:00,2026-01-07,13,True
2026-01-07 02:48:00-08:00,2026-01-07,15,False
2026-01-07 02:51:00-08:00,2026-01-07,15,False
2026-01-07 02:54:00-08:00,2026-01-07,16,False
2026-01-07 02:57:00-08:00,2026-01-07,16,False
2026-01-07 03:00:00-08:00,2026-01-07,16,False
2026-01-07 03:03:00-08:00,2026-01-07,18,False
2026-01-07 03:06:00-08:00,2026-01-07,16,False
2026-01-07 03:09:00-08:00,2026-01-07,17,False
2026-01-07 03:12:00-08:00,2026-01-07,18,False
2026-01-07 03:15:00-08:00,2026-01-07,18,False
2026-01-07 03:18:00-08:00,2026-01-07,18,False
2026-01-07 03:21:00-08:00,2026-01-07,16,False
2026-01-07 03:24:00-08:00,2026-01-07,12,True
2026-01-07 03:27:00-08:00,2026-01-07,21,False
2026-01-07 03:30:00-08:00,2026-01-07,25,False
2026-01-07 03:33:00-08:00,2026-01-07,22,False
2026-01-07 03:36:00-08:00,2026-01-07,24,False
2026-01-07 03:39:00-08:00,2026-01-07,28,False
2026-01-07 03:42:00-08:00,2026-01-07,24,False
2026-01-07 03:45:00-08:00,2026-01-07,18,False
2026-01-07 03:48:00-08:00,2026-01-07,26,False
2026-01-07 03:51:00-08:00,2026-01-07,25,False
2026-01-07 03:54:00-08:00,2026-01-07,20,False
2026-01-07 03:57:00-08:00,2026-01-07,20,False
2026-01-07 04:00:00-08:00,2026-01-07,13,True
2026-01-07 04:03:00-08:00,2026-01-07,20,False
2026-01-07 04:06:00-08:00,2026-01-07,16,False
2026-01-07 04:09:00-08:00,2026-01-07,15,False
2026-01-07 04:12:00-08:00,2026-01-07,15,False
2026-01-07 04:15:00-08:00,2026-01-07,19,False
2026-01-07 04:18:00-08:00,2026-01-07,20,False
2026-01-07 04:21:00-08:00,2026-01-07,21,False
2026-01-07 04:24:00-08:00,2026-01-07,21,False
2026-01-07 04:27:00-08:00,2026-01-07,18,False
2026-01-07 04:30:00-08:00,2026-01-07,20,False
2026-01-07 04:33:00-08:00,2026-01-07,21,False
2026-01-07 04:36:00-08:00,2026-01-07,17,False
2026-01-07 04:39:00-08:00,2026-01-07,18,False
2026-01-07 04:42:00-08:00,2026-01-07,22,False
2026-01-07 04:45:00-08:00,2026-01-07,22,False
2026-01-07 04:48:00-08:00,2026-01-07,20,False
2026-01-07 04:51:00-08:00,2026-01-07,25,False
2026-01-07 04:54:00-08:00,2026-01-07,20,False
2026-01-07 04:57:00-08:00,2026-01-07,14,True
2026-01-07 05:00:00-08:00,2026-01-07,17,False
2026-01-07 05:03:00-08:00,2026-01-07,14,True
2026-01-07 05:06:00-08:00,2026-01-07,11,True
2026-01-07 05:09:00-08:00,2026-01-07,20,False
2026-01-07 05:12:00-08:00,2026-01-07,13,True
2026-01-07 05:15:00-08:00,2026-01-07,14,True
2026-01-07 05:18:00-08:00,2026-01-07,13,True
2026-01-07 05:21:00-08:00,2026-01-07,13,True
2026-01-07 05:24:00-08:00,2026-01-07,10,True
2026-01-07 05:27:00-08:00,2026-01-07,11,True
2026-01-07 05:30:00-08:00,2026-01-07,25,False
2026-01-07 05:33:00-08:00,2026-01-07,11,True
2026-01-07 05:36:00-08:00,2026-01-07,22,False
2026-01-07 05:39:00-08:00,2026-01-07,15,False
2026-01-07 05:42:00-08:00,2026-01-07,40,False
2026-01-07 05:45:00-08:00,2026-01-07,48,False
2026-01-07 05:48:00-08:00,2026-01-07,58,False
2026-01-07 05:51:00-08:00,2026-01-07,46,False
2026-01-07 05:54:00-08:00,2026-01-07,40,False
2026-01-07 05:57:00-08:00,2026-01-07,24,False
2026-01-07 06:00:00-08:00,2026-01-07,24,False
2026-01-07 06:03:00-08:00,2026-01-07,21,False
2026-01-07 06:06:00-08:00,2026-01-07,20,False
2026-01-07 06:09:00-08:00,2026-01-07,26,False
2026-01-07 06:12:00-08:00,2026-01-07,23,False
2026-01-07 06:15:00-08:00,2026-01-07,29,False
2026-01-07 06:18:00-08:00,2026-01-07,33,False
2026-01-07 06:21:00-08:00,2026-01-07,21,False
2026-01-07 06:24:00-08:00,2026-01-07,20,False
2026-01-07 06:27:00-08:00,2026-01-07,33,False
2026-01-07 06:30:00-08:00,2026-01-07,25,False
2026-01-07 06:33:00-08:00,2026-01-07,31,False
2026-01-07 06:36:00-08:00,2026-01-07,28,False
2026-01-07 06:39:00-08:00,2026-01-07,22,False
2026-01-07 06:42:00-08:00,2026-01-07,87,False
2026-01-07 06:45:00-08:00,2026-01-07,71,False
2026-01-07 06:48:00-08:00,2026-01-07,31,False
2026-01-07 06:51:00-08:00,2026-01-07,37,False
2026-01-07 06:54:00-08:00,2026-01-07,41,False
2026-01-07 06:57:00-08:00,2026-01-07,46,False
2026-01-07 07:00:00-08:00,2026-01-07,60,False
2026-01-07 07:03:00-08:00,2026-01-07,59,False
2026-01-07 07:06:00-08:00,2026-01-07,47,False
2026-01-07 07:09:00-08:00,2026-01-07,55,False
2026-01-07 07:12:00-08:00,2026-01-07,63,False
2026-01-07 07:15:00-08:00,2026-01-07,52,False
2026-01-07 07:18:00-08:00,2026-01-07,29,False
2026-01-07 07:21:00-08:00,2026-01-07,33,False
2026-01-07 07:24:00-08:00,2026-01-07,55,False
2026-01-07 07:27:00-08:00,2026-01-07,39,False
2026-01-07 07:30:00-08:00,2026-01-07,48,False
2026-01-07 07:33:00-08:00,2026-01-07,64,False
2026-01-07 07:36:00-08:00,2026-01-07,73,False
2026-01-07 07:39:00-08:00,2026-01-07,76,False
2026-01-07 07:42:00-08:00,2026-01-07,66,False
2026-01-07 07:45:00-08:00,2026-01-07,52,False
2026-01-07 07:48:00-08:00,2026-01-07,60,False
2026-01-07 07:51:00-08:00,2026-01-07,76,False
2026-01-07 07:54:00-08:00,2026-01-07,68,False
2026-01-07 07:57:00-08:00,2026-01-07,67,False
2026-01-07 08:00:00-08:00,2026-01-07,-2,True
2026-01-07 08:03:00-08:00,2026-01-07,89,False
2026-01-07 08:06:00-08:00,2026-01-07,-1,True
2026-01-07 08:09:00-08:00,2026-01-07,69,False
2026-01-07 08:12:00-08:00,2026-01-07,73,False
2026-01-07 08:15:00-08:00,2026-01-07,54,False
2026-01-07 08:18:00-08:00,2026-01-07,50,False
2026-01-07 08:21:00-08:00,2026-01-07,42,False
2026-01-07 08:24:00-08:00,2026-01-07,58,False
2026-01-07 08:27:00-08:00,2026-01-07,64,False
2026-01-07 08:30:00-08:00,2026-01-07,72,False
2026-01-07 08:33:00-08:00,2026-01-07,71,False
2026-01-07 08:36:00-08:00,2026-01-07,71,False
2026-01-07 08:39:00-08:00,2026-01-07,67,False
2026-01-07 08:42:00-08:00,2026-01-07,72,False
2026-01-07 08:45:00-08:00,2026-01-07,66,False
2026-01-07 08:48:00-08:00,2026-01-07,58,False
2026-01-07 08:51:00-08:00,2026-01-07,68,False
2026-01-07 08:54:00-08:00,2026-01-07,58,False
2026-01-07 08:57:00-08:00,2026-01-07,70,False
2026-01-07 09:00:00-08:00,2026-01-07,69,False
2026-01-07 09:03:00-08:00,2026-01-07,70,False
2026-01-07 09:06:00-08:00,2026-01-07,60,False
2026-01-07 09:09:00-08:00,2026-01-07,41,False
2026-01-07 09:12:00-08:00,2026-01-07,38,False
2026-01-07 09:15:00-08:00,2026-01-07,38,False
2026-01-07 09:18:00-08:00,2026-01-07,29,False
2026-01-07 09:21:00-08:00,2026-01-07,34,False
2026-01-07 09:24:00-08:00,2026-01-07,53,False
2026-01-07 09:27:00-08:00,2026-01-07,58,False
2026-01-07 09:30:00-08:00,2026-01-07,67,False
2026-01-07 09:33:00-08:00,2026-01-07,82,False
2026-01-07 09:36:00-08:00,2026-01-07,74,False
2026-01-07 09:39:00-08:00,2026-01-07,66,False
2026-01-07 09:42:00-08:00,2026-01-07,74,False
2026-01-07 09:45:00-08:00,2026-01-07,87,False
2026-01-07 09:48:00-08:00,2026-01-07,49,False
2026-01-07 09:51:00-08:00,2026-01-07,46,False
2026-01-07 09:54:00-08:00,2026-01-07,64,False
2026-01-07 09:57:00-08:00,2026-01-07,47,False
2026-01-07 10:00:00-08:00,2026-01-07,-1,True
2026-01-07 10:03:00-08:00,2026-01-07,-1,True
2026-01-07 10:06:00-08:00,2026-01-07,-1,True
2026-01-07 10:09:00-08:00,2026-01-07,-1,True
2026-01-07 10:12:00-08:00,2026-01-07,-1,True
2026-01-07 10:15:00-08:00,2026-01-07,-1,True
2026-01-07 10:18:00-08:00,2026-01-07,-2,True
2026-01-07 10:21:00-08:00,2026-01-07,-1,True
2026-01-07 10:24:00-08:00,2026-01-07,53,False
2026-01-07 10:27:00-08:00,2026-01-07,40,False
2026-01-07 10:30:00-08:00,2026-01-07,39,False
2026-01-07 10:33:00-08:00,2026-01-07,37,False
2026-01-07 10:36:00-08:00,2026-01-07,37,False
2026-01-07 10:39:00-08:00,2026-01-07,36,False
2026-01-07 10:42:00-08:00,2026-01-07,27,False
2026-01-07 10:45:00-08:00,2026-01-07,34,False
2026-01-07 10:48:00-08:00,2026-01-07,30,False
2026-01-07 10:51:00-08:00,2026-01-07,35,False
2026-01-07 10:54:00-08:00,2026-01-07,36,False
2026-01-07 10:57:00-08:00,2026-01-07,22,False
2026-01-07 11:00:00-08:00,2026-01-07,-1,True
2026-01-07 11:03:00-08:00,2026-01-07,73,False
2026-01-07 11:06:00-08:00,2026-01-07,24,False
2026-01-07 11:09:00-08:00,2026-01-07,37,False
2026-01-07 11:12:00-08:00,2026-01-07,28,False
2026-01-07 11:15:00-08:00,2026-01-07,-1,True
2026-01-07 11:18:00-08:00,2026-01-07,51,False
2026-01-07 11:21:00-08:00,2026-01-07,45,False
2026-01-07 11:24:00-08:00,2026-01-07,34,False
2026-01-07 11:27:00-08:00,2026-01-07,28,False
2026-01-07 11:30:00-08:00,2026-01-07,37,False
2026-01-07 11:33:00-08:00,2026-01-07,30,False
2026-01-07 11:36:00-08:00,2026-01-07,22,False
2026-01-07 11:39:00-08:00,2026-01-07,31,False
2026-01-07 11:42:00-08:00,2026-01-07,-1,True
2026-01-07 11:45:00-08:00,2026-01-07,-1,True
2026-01-07 11:48:00-08:00,2026-01-07,-2,True
2026-01-07 11:51:00-08:00,2026-01-07,88,False
2026-01-07 11:54:00-08:00,2026-01-07,-2,True
2026-01-07 11:57:00-08:00,2026-01-07,-1,True
2026-01-07 12:00:00-08:00,2026-01-07,-1,True
2026-01-07 12:03:00-08:00,2026-01-07,-1,True
2026-01-07 12:06:00-08:00,2026-01-07,-1,True
2026-01-07 12:09:00-08:00,2026-01-07,-2,True
2026-01-07 12:12:00-08:00,2026-01-07,91,False
2026-01-07 12:15:00-08:00,2026-01-07,70,False
2026-01-07 12:18:00-08:00,2026-01-07,-1,True
2026-01-07 12:21:00-08:00,2026-01-07,-1,True
2026-01-07 12:24:00-08:00,2026-01-07,60,False
2026-01-07 12:27:00-08:00,2026-01-07,50,False
2026-01-07 12:30:00-08:00,2026-01-07,62,False
2026-01-07 12:33:00-08:00,2026-01-07,49,False
2026-01-07 12:36:00-08:00,2026-01-07,61,False
2026-01-07 12:39:00-08:00,2026-01-07,58,False
2026-01-07 12:42:00-08:00,2026-01-07,67,False
2026-01-07 12:45:00-08:00,2026-01-07,82,False
2026-01-07 12:48:00-08:00,2026-01-07,-2,True
2026-01-07 12:51:00-08:00,2026-01-07,82,False
2026-01-07 12:54:00-08:00,2026-01-07,76,False
2026-01-07 12:57:00-08:00,2026-01-07,72,False
2026-01-07 13:00:00-08:00,2026-01-07,73,False
2026-01-07 13:03:00-08:00,2026-01-07,78,False
2026-01-07 13:06:00-08:00,2026-01-07,86,False
2026-01-07 13:09:00-08:00,2026-01-07,80,False
2026-01-07 13:12:00-08:00,2026-01-07,73,False
2026-01-07 13:15:00-08:00,2026-01-07,66,False
2026-01-07 13:18:00-08:00,2026-01-07,-1,True
2026-01-07 13:21:00-08:00,2026-01-07,-1,True
2026-01-07 13:24:00-08:00,2026-01-07,54,False
2026-01-07 13:27:00-08:00,2026-01-07,54,False
2026-01-07 13:30:00-08:00,2026-01-07,62,False
2026-01-07 13:33:00-08:00,2026-01-07,65,False
2026-01-07 13:36:00-08:00,2026-01-07,-2,True
2026-01-07 13:39:00-08:00,2026-01-07,-2,True
2026-01-07 13:42:00-08:00,2026-01-07,-1,True
2026-01-07 13:45:00-08:00,2026-01-07,-2,True
2026-01-07 13:48:00-08:00,2026-01-07,86,False
2026-01-07 13:51:00-08:00,2026-01-07,78,False
2026-01-07 13:54:00-08:00,2026-01-07,82,False
2026-01-07 13:57:00-08:00,2026-01-07,67,False
2026-01-07 14:00:00-08:00,2026-01-07,61,False
2026-01-07 14:03:00-08:00,2026-01-07,50,False
2026-01-07 14:06:00-08:00,2026-01-07,46,False
2026-01-07 14:09:00-08:00,2026-01-07,37,False
2026-01-07 14:12:00-08:00,2026-01-07,44,False
2026-01-07 14:15:00-08:00,2026-01-07,45,False
2026-01-07 14:18:00-08:00,2026-01-07,55,False
2026-01-07 14:21:00-08:00,2026-01-07,-1,True
2026-01-07 14:24:00-08:00,2026-01-07,65,False
2026-01-07 14:27:00-08:00,2026-01-07,46,False
2026-01-07 14:30:00-08:00,2026-01-07,55,False
2026-01-07 14:33:00-08:00,2026-01-07,57,False
2026-01-07 14:36:00-08:00,2026-01-07,62,False
2026-01-07 14:39:00-08:00,2026-01-07,68,False
2026-01-07 14:42:00-08:00,2026-01-07,57,False
2026-01-07 14:45:00-08:00,2026-01-07,46,False
2026-01-07 14:48:00-08:00,2026-01-07,55,False
2026-01-07 14:51:00-08:00,2026-01-07,66,False
2026-01-07 14:54:00-08:00,2026-01-07,49,False
2026-01-07 14:57:00-08:00,2026-01-07,72,False
2026-01-07 15:00:00-08:00,2026-01-07,73,False
2026-01-07 15:03:00-08:00,2026-01-07,82,False
2026-01-07 15:06:00-08:00,2026-01-07,79,False
2026-01-07 15:09:00-08:00,2026-01-07,75,False
2026-01-07 15:12:00-08:00,2026-01-07,67,False
2026-01-07 15:15:00-08:00,2026-01-07,61,False
2026-01-07 15:18:00-08:00,2026-01-07,47,False
2026-01-07 15:21:00-08:00,2026-01-07,64,False
2026-01-07 15:24:00-08:00,2026-01-07,62,False
2026-01-07 15:27:00-08:00,2026-01-07,79,False
2026-01-07 15:30:00-08:00,2026-01-07,71,False
2026-01-07 15:33:00-08:00,2026-01-07,65,False
2026-01-07 15:36:00-08:00,2026-01-07,34,False
2026-01-07 15:39:00-08:00,2026-01-07,40,False
2026-01-07 15:42:00-08:00,2026-01-07,36,False
2026-01-07 15:45:00-08:00,2026-01-07,-1,True
2026-01-07 15:48:00-08:00,2026-01-07,55,False
2026-01-07 15:51:00-08:00,2026-01-07,69,False
2026-01-07 15:54:00-08:00,2026-01-07,58,False
2026-01-07 15:57:00-08:00,2026-01-07,60,False
2026-01-07 16:00:00-08:00,2026-01-07,36,False
2026-01-07 16:03:00-08:00,2026-01-07,43,False
2026-01-07 16:06:00-08:00,2026-01-07,52,False
2026-01-07 16:09:00-08:00,2026-01-07,41,False
2026-01-07 16:12:00-08:00,2026-01-07,54,False
2026-01-07 16:15:00-08:00,2026-01-07,65,False
2026-01-07 16:18:00-08:00,2026-01-07,68,False
2026-01-07 16:21:00-08:00,2026-01-07,71,False
2026-01-07 16:24:00-08:00,2026-01-07,-2,True
2026-01-07 16:27:00-08:00,2026-01-07,64,False
2026-01-07 16:30:00-08:00,2026-01-07,-1,True
2026-01-07 16:33:00-08:00,2026-01-07,-1,True
2026-01-07 16:36:00-08:00,2026-01-07,-1,True
2026-01-07 16:39:00-08:00,2026-01-07,-1,True
2026-01-07 16:42:00-08:00,2026-01-07,-1,True
2026-01-07 16:45:00-08:00,2026-01-07,-1,True
2026-01-07 16:48:00-08:00,2026-01-07,50,False
2026-01-07 16:51:00-08:00,2026-01-07,-2,True
2026-01-07 16:54:00-08:00,2026-01-07,-1,True
2026-01-07 16:57:00-08:00,2026-01-07,-1,True
2026-01-07 17:00:00-08:00,2026-01-07,-1,True
2026-01-07 17:03:00-08:00,2026-01-07,42,False
2026-01-07 17:06:00-08:00,2026-01-07,-1,True
2026-01-07 17:09:00-08:00,2026-01-07,-1,True
2026-01-07 17:12:00-08:00,2026-01-07,54,False
2026-01-07 17:15:00-08:00,2026-01-07,39,False
2026-01-07 17:18:00-08:00,2026-01-07,47,False
2026-01-07 17:21:00-08:00,2026-01-07,43,False
2026-01-07 17:24:00-08:00,2026-01-07,61,False
2026-01-07 17:27:00-08:00,2026-01-07,55,False
2026-01-07 17:30:00-08:00,2026-01-07,70,False
2026-01-07 17:33:00-08:00,2026-01-07,55,False
2026-01-07 17:36:00-08:00,2026-01-07,-2,True
2026-01-07 17:39:00-08:00,2026-01-07,-2,True
2026-01-07 17:42:00-08:00,2026-01-07,-1,True
2026-01-07 17:45:00-08:00,2026-01-07,-2,True
2026-01-07 17:48:00-08:00,2026-01-07,-2,True
2026-01-07 17:51:00-08:00,2026-01-07,89,False
2026-01-07 17:54:00-08:00,2026-01-07,75,False
2026-01-07 17:57:00-08:00,2026-01-07,73,False
2026-01-07 18:00:00-08:00,2026-01-07,55,False
2026-01-07 18:03:00-08:00,2026-01-07,45,False
2026-01-07 18:06:00-08:00,2026-01-07,37,False
2026-01-07 18:09:00-08:00,2026-01-07,39,False
2026-01-07 18:12:00-08:00,2026-01-07,49,False
2026-01-07 18:15:00-08:00,2026-01-07,55,False
2026-01-07 18:18:00-08:00,2026-01-07,51,False
2026-01-07 18:21:00-08:00,2026-01-07,48,False
2026-01-07 18:24:00-08:00,2026-01-07,45,False
2026-01-07 18:27:00-08:00,2026-01-07,28,False
2026-01-07 18:30:00-08:00,2026-01-07,25,False
2026-01-07 18:33:00-08:00,2026-01-07,44,False
2026-01-07 18:36:00-08:00,2026-01-07,54,False
2026-01-07 18:39:00-08:00,2026-01-07,44,False
2026-01-07 18:42:00-08:00,2026-01-07,58,False
2026-01-07 18:45:00-08:00,2026-01-07,70,False
2026-01-07 18:48:00-08:00,2026-01-07,60,False
2026-01-07 18:51:00-08:00,2026-01-07,72,False
2026-01-07 18:54:00-08:00,2026-01-07,41,False
2026-01-07 18:57:00-08:00,2026-01-07,59,False
2026-01-07 19:00:00-08:00,2026-01-07,54,False
2026-01-07 19:03:00-08:00,2026-01-07,49,False
2026-01-07 19:06:00-08:00,2026-01-07,49,False
2026-01-07 19:09:00-08:00,2026-01-07,51,False
2026-01-07 19:12:00-08:00,2026-01-07,25,False
2026-01-07 19:15:00-08:00,2026-01-07,48,False
2026-01-07 19:18:00-08:00,2026-01-07,44,False
2026-01-07 19:21:00-08:00,2026-01-07,61,False
2026-01-07 19:24:00-08:00,2026-01-07,51,False
2026-01-07 19:27:00-08:00,2026-01-07,58,False
2026-01-07 19:30:00-08:00,2026-01-07,76,False
2026-01-07 19:33:00-08:00,2026-01-07,59,False
2026-01-07 19:36:00-08:00,2026-01-07,37,False
2026-01-07 19:39:00-08:00,2026-01-07,53,False
2026-01-07 19:42:00-08:00,2026-01-07,50,False
2026-01-07 19:45:00-08:00,2026-01-07,30,False
2026-01-07 19:48:00-08:00,2026-01-07,41,False
2026-01-07 19:51:00-08:00,2026-01-07,36,False
2026-01-07 19:54:00-08:00,2026-01-07,39,False
2026-01-07 19:57:00-08:00,2026-01-07,24,False
2026-01-07 20:00:00-08:00,2026-01-07,23,False
2026-01-07 20:03:00-08:00,2026-01-07,22,False
2026-01-07 20:06:00-08:00,2026-01-07,-1,True
2026-01-07 20:09:00-08:00,2026-01-07,22,False
2026-01-07 20:12:00-08:00,2026-01-07,25,False
2026-01-07 20:15:00-08:00,2026-01-07,25,False
2026-01-07 20:18:00-08:00,2026-01-07,30,False
2026-01-07 20:21:00-08:00,2026-01-07,30,False
2026-01-07 20:24:00-08:00,2026-01-07,23,False
2026-01-07 20:27:00-08:00,2026-01-07,24,False
2026-01-07 20:30:00-08:00,2026-01-07,28,False
2026-01-07 20:33:00-08:00,2026-01-07,27,False
2026-01-07 20:36:00-08:00,2026-01-07,22,False
2026-01-07 20:39:00-08:00,2026-01-07,26,False
2026-01-07 20:42:00-08:00,2026-01-07,22,False
2026-01-07 20:45:00-08:00,2026-01-07,22,False
2026-01-07 20:48:00-08:00,2026-01-07,21,False
2026-01-07 20:51:00-08:00,2026-01-07,22,False
2026-01-07 20:54:00-08:00,2026-01-07,20,False
2026-01-07 20:57:00-08:00,2026-01-07,19,False
2026-01-07 21:00:00-08:00,2026-01-07,19,False
2026-01-07 21:03:00-08:00,2026-01-07,24,False
2026-01-07 21:06:00-08:00,2026-01-07,35,False
2026-01-07 21:09:00-08:00,2026-01-07,24,False
2026-01-07 21:12:00-08:00,2026-01-07,24,False
2026-01-07 21:15:00-08:00,2026-01-07,23,False
2026-01-07 21:18:00-08:00,2026-01-07,19,False
2026-01-07 21:21:00-08:00,2026-01-07,19,False
2026-01-07 21:24:00-08:00,2026-01-07,15,False
2026-01-07 21:27:00-08:00,2026-01-07,21,False
2026-01-07 21:30:00-08:00,2026-01-07,16,False
2026-01-07 21:33:00-08:00,2026-01-07,21,False
2026-01-07 21:36:00-08:00,2026-01-07,48,False
2026-01-07 21:39:00-08:00,2026-01-07,14,True
2026-01-07 21:42:00-08:00,2026-01-07,25,False
2026-01-07 21:45:00-08:00,2026-01-07,18,False
2026-01-07 21:48:00-08:00,2026-01-07,15,False
2026-01-07 21:51:00-08:00,2026-01-07,15,False
2026-01-07 21:54:00-08:00,2026-01-07,19,False
2026-01-07 21:57:00-08:00,2026-01-07,19,False
2026-01-07 22:00:00-08:00,2026-01-07,20,False
2026-01-07 22:03:00-08:00,2026-01-07,15,False
2026-01-07 22:06:00-08:00,2026-01-07,13,True
2026-01-07 22:09:00-08:00,2026-01-07,17,False
2026-01-07 22:12:00-08:00,2026-01-07,21,False
2026-01-07 22:15:00-08:00,2026-01-07,24,False
2026-01-07 22:18:00-08:00,2026-01-07,21,False
2026-01-07 22:21:00-08:00,2026-01-07,20,False
2026-01-07 22:24:00-08:00,2026-01-07,19,False
2026-01-07 22:27:00-08:00,2026-01-07,18,False
2026-01-07 22:30:00-08:00,2026-01-07,25,False
2026-01-07 22:33:00-08:00,2026-01-07,24,False
2026-01-07 22:36:00-08:00,2026-01-07,21,False
2026-01-07 22:39:00-08:00,2026-01-07,24,False
2026-01-07 22:42:00-08:00,2026-01-07,20,False
2026-01-07 22:45:00-08:00,2026-01-07,-1,True
2026-01-07 22:48:00-08:00,2026-01-07,31,False
2026-01-07 22:51:00-08:00,2026-01-07,22,False
2026-01-07 22:54:00-08:00,2026-01-07,13,True
2026-01-07 22:57:00-08:00,2026-01-07,12,True
2026-01-07 23:00:00-08:00,2026-01-07,12,True
2026-01-07 23:03:00-08:00,2026-01-07,12,True
2026-01-07 23:06:00-08:00,2026-01-07,13,True
2026-01-07 23:09:00-08:00,2026-01-07,15,False
2026-01-07 23:12:00-08:00,2026-01-07,15,False
2026-01-07 23:15:00-08:00,2026-01-07,18,False
2026-01-07 23:18:00-08:00,2026-01-07,11,True
2026-01-07 23:21:00-08:00,2026-01-07,14,True
2026-01-07 23:24:00-08:00,2026-01-07,14,True
2026-01-07 23:27:00-08:00,2026-01-07,13,True
2026-01-07 23:30:00-08:00,2026-01-07,14,True
2026-01-07 23:33:00-08:00,2026-01-07,13,True
2026-01-07 23:36:00-08:00,2026-01-07,11,True
2026-01-07 23:39:00-08:00,2026-01-07,12,True
2026-01-07 23:42:00-08:00,2026-01-07,15,False
2026-01-07 23:45:00-08:00,2026-01-07,13,True
2026-01-07 23:48:00-08:00,2026-01-07,9,True
2026-01-07 23:51:00-08:00,2026-01-07,15,False
2026-01-07 23:54:00-08:00,2026-01-07,11,True
2026-01-07 23:57:00-08:00,2026-01-07,8,True
2026-01-08 00:00:00-08:00,2026-01-08,7,True
2026-01-08 00:03:00-08:00,2026-01-08,5,True
2026-01-08 00:06:00-08:00,2026-01-08,8,True
2026-01-08 00:09:00-08:00,2026-01-08,7,True
2026-01-08 00:12:00-08:00,2026-01-08,7,True
2026-01-08 00:15:00-08:00,2026-01-08,10,True
2026-01-08 00:18:00-08:00,2026-01-08,8,True
2026-01-08 00:21:00-08:00,2026-01-08,8,True
2026-01-08 00:24:00-08:00,2026-01-08,15,False
2026-01-08 00:27:00-08:00,2026-01-08,12,True
2026-01-08 00:30:00-08:00,2026-01-08,9,True
2026-01-08 00:33:00-08:00,2026-01-08,8,True
2026-01-08 00:36:00-08:00,2026-01-08,11,True
2026-01-08 00:39:00-08:00,2026-01-08,8,True
2026-01-08 00:42:00-08:00,2026-01-08,10,True
2026-01-08 00:45:00-08:00,2026-01-08,9,True
2026-01-08 00:48:00-08:00,2026-01-08,10,True
2026-01-08 00:51:00-08:00,2026-01-08,8,True
2026-01-08 00:54:00-08:00,2026-01-08,8,True
2026-01-08 00:57:00-08:00,2026-01-08,8,True
2026-01-08 01:00:00-08:00,2026-01-08,6,True
2026-01-08 01:03:00-08:00,2026-01-08,6,True
2026-01-08 01:06:00-08:00,2026-01-08,4,True
2026-01-08 01:09:00-08:00,2026-01-08,6,True
2026-01-08 01:12:00-08:00,2026-01-08,7,True
2026-01-08 01:15:00-08:00,2026-01-08,10,True
2026-01-08 01:18:00-08:00,2026-01-08,9,True
2026-01-08 01:21:00-08:00,2026-01-08,15,False
2026-01-08 01:24:00-08:00,2026-01-08,10,True
2026-01-08 01:27:00-08:00,2026-01-08,7,True
2026-01-08 01:30:00-08:00,2026-01-08,12,True
2026-01-08 01:33:00-08:00,2026-01-08,11,True
2026-01-08 01:36:00-08:00,2026-01-08,10,True
2026-01-08 01:39:00-08:00,2026-01-08,12,True
2026-01-08 01:42:00-08:00,2026-01-08,10,True
2026-01-08 01:45:00-08:00,2026-01-08,8,True
2026-01-08 01:48:00-08:00,2026-01-08,9,True
2026-01-08 01:51:00-08:00,2026-01-08,7,True
2026-01-08 01:54:00-08:00,2026-01-08,5,True
2026-01-08 01:57:00-08:00,2026-01-08,6,True
2026-01-08 02:00:00-08:00,2026-01-08,5,True
2026-01-08 02:03:00-08:00,2026-01-08,14,True
2026-01-08 02:06:00-08:00,2026-01-08,17,False
2026-01-08 02:09:00-08:00,2026-01-08,15,False
2026-01-08 02:12:00-08:00,2026-01-08,15,False
2026-01-08 02:15:00-08:00,2026-01-08,12,True
2026-01-08 02:18:00-08:00,2026-01-08,12,True
2026-01-08 02:21:00-08:00,2026-01-08,13,True
2026-01-08 02:24:00-08:00,2026-01-08,11,True
2026-01-08 02:27:00-08:00,2026-01-08,8,True
2026-01-08 02:30:00-08:00,2026-01-08,12,True
2026-01-08 02:33:00-08:00,2026-01-08,9,True
2026-01-08 02:36:00-08:00,2026-01-08,10,True
2026-01-08 02:39:00-08:00,2026-01-08,11,True
2026-01-08 02:42:00-08:00,2026-01-08,10,True
2026-01-08 02:45:00-08:00,2026-01-08,10,True
2026-01-08 02:48:00-08:00,2026-01-08,12,True
2026-01-08 02:51:00-08:00,2026-01-08,25,False
2026-01-08 02:54:00-08:00,2026-01-08,12,True
2026-01-08 02:57:00-08:00,2026-01-08,7,True
2026-01-08 03:00:00-08:00,2026-01-08,10,True
2026-01-08 03:03:00-08:00,2026-01-08,10,True
2026-01-08 03:06:00-08:00,2026-01-08,5,True
2026-01-08 03:09:00-08:00,2026-01-08,8,True
2026-01-08 03:12:00-08:00,2026-01-08,9,True
2026-01-08 03:15:00-08:00,2026-01-08,5,True
2026-01-08 03:18:00-08:00,2026-01-08,7,True
2026-01-08 03:21:00-08:00,2026-01-08,12,True
2026-01-08 03:24:00-08:00,2026-01-08,6,True
2026-01-08 03:27:00-08:00,2026-01-08,4,True
2026-01-08 03:30:00-08:00,2026-01-08,7,True
2026-01-08 03:33:00-08:00,2026-01-08,8,True
2026-01-08 03:36:00-08:00,2026-01-08,8,True
2026-01-08 03:39:00-08:00,2026-01-08,7,True
2026-01-08 03:42:00-08:00,2026-01-08,7,True
2026-01-08 03:45:00-08:00,2026-01-08,10,True
2026-01-08 03:48:00-08:00,2026-01-08,10,True
2026-01-08 03:51:00-08:00,2026-01-08,9,True
2026-01-08 03:54:00-08:00,2026-01-08,10,True
2026-01-08 03:57:00-08:00,2026-01-08,9,True
2026-01-08 04:00:00-08:00,2026-01-08,14,True
2026-01-08 04:03:00-08:00,2026-01-08,14,True
2026-01-08 04:06:00-08:00,2026-01-08,10,True
2026-01-08 04:09:00-08:00,2026-01-08,10,True
2026-01-08 04:12:00-08:00,2026-01-08,12,True
2026-01-08 04:15:00-08:00,2026-01-08,16,False
2026-01-08 04:18:00-08:00,2026-01-08,11,True
2026-01-08 04:21:00-08:00,2026-01-08,13,True
2026-01-08 04:24:00-08:00,2026-01-08,12,True
2026-01-08 04:27:00-08:00,2026-01-08,11,True
2026-01-08 04:30:00-08:00,2026-01-08,8,True
2026-01-08 04:33:00-08:00,2026-01-08,11,True
2026-01-08 04:36:00-08:00,2026-01-08,6,True
2026-01-08 04:39:00-08:00,2026-01-08,9,True
2026-01-08 04:42:00-08:00,2026-01-08,8,True
2026-01-08 04:45:00-08:00,2026-01-08,5,True
2026-01-08 04:48:00-08:00,2026-01-08,6,True
2026-01-08 04:51:00-08:00,2026-01-08,6,True
2026-01-08 04:54:00-08:00,2026-01-08,7,True
2026-01-08 04:57:00-08:00,2026-01-08,5,True
2026-01-08 05:00:00-08:00,2026-01-08,8,True
2026-01-08 05:03:00-08:00,2026-01-08,10,True
2026-01-08 05:06:00-08:00,2026-01-08,10,True
2026-01-08 05:09:00-08:00,2026-01-08,9,True
2026-01-08 05:12:00-08:00,2026-01-08,8,True
2026-01-08 05:15:00-08:00,2026-01-08,12,True
2026-01-08 05:18:00-08:00,2026-01-08,11,True
2026-01-08 05:21:00-08:00,2026-01-08,9,True
2026-01-08 05:24:00-08:00,2026-01-08,11,True
2026-01-08 05:27:00-08:00,2026-01-08,5,True
2026-01-08 05:30:00-08:00,2026-01-08,9,True
2026-01-08 05:33:00-08:00,2026-01-08,9,True
2026-01-08 05:36:00-08:00,2026-01-08,5,True
2026-01-08 05:39:00-08:00,2026-01-08,3,True
2026-01-08 05:42:00-08:00,2026-01-08,4,True
2026-01-08 05:45:00-08:00,2026-01-08,7,True
2026-01-08 05:48:00-08:00,2026-01-08,11,True
2026-01-08 05:51:00-08:00,2026-01-08,10,True
2026-01-08 05:54:00-08:00,2026-01-08,6,True
2026-01-08 05:57:00-08:00,2026-01-08,6,True
2026-01-08 06:00:00-08:00,2026-01-08,16,False
2026-01-08 06:03:00-08:00,2026-01-08,10,True
2026-01-08 06:06:00-08:00,2026-01-08,10,True
2026-01-08 06:09:00-08:00,2026-01-08,11,True
2026-01-08 06:12:00-08:00,2026-01-08,52,False
2026-01-08 06:15:00-08:00,2026-01-08,-1,True
2026-01-08 06:18:00-08:00,2026-01-08,61,False
2026-01-08 06:21:00-08:00,2026-01-08,34,False
2026-01-08 06:24:00-08:00,2026-01-08,47,False
2026-01-08 06:27:00-08:00,2026-01-08,26,False
2026-01-08 06:30:00-08:00,2026-01-08,41,False
2026-01-08 06:33:00-08:00,2026-01-08,34,False
2026-01-08 06:36:00-08:00,2026-01-08,46,False
2026-01-08 06:39:00-08:00,2026-01-08,27,False
2026-01-08 06:42:00-08:00,2026-01-08,24,False
2026-01-08 06:45:00-08:00,2026-01-08,34,False
2026-01-08 06:48:00-08:00,2026-01-08,44,False
2026-01-08 06:51:00-08:00,2026-01-08,39,False
2026-01-08 06:54:00-08:00,2026-01-08,29,False
2026-01-08 06:57:00-08:00,2026-01-08,52,False
2026-01-08 07:00:00-08:00,2026-01-08,43,False
2026-01-08 07:03:00-08:00,2026-01-08,31,False
2026-01-08 07:06:00-08:00,2026-01-08,43,False
2026-01-08 07:09:00-08:00,2026-01-08,34,False
2026-01-08 07:12:00-08:00,2026-01-08,55,False
2026-01-08 07:15:00-08:00,2026-01-08,58,False
2026-01-08 07:18:00-08:00,2026-01-08,42,False
2026-01-08 07:21:00-08:00,2026-01-08,34,False
2026-01-08 07:24:00-08:00,2026-01-08,46,False
2026-01-08 07:27:00-08:00,2026-01-08,37,False
2026-01-08 07:30:00-08:00,2026-01-08,25,False
2026-01-08 07:33:00-08:00,2026-01-08,29,False
2026-01-08 07:36:00-08:00,2026-01-08,45,False
2026-01-08 07:39:00-08:00,2026-01-08,33,False
2026-01-08 07:42:00-08:00,2026-01-08,42,False
2026-01-08 07:45:00-08:00,2026-01-08,91,False
2026-01-08 07:48:00-08:00,2026-01-08,79,False
2026-01-08 07:51:00-08:00,2026-01-08,58,False
2026-01-08 07:54:00-08:00,2026-01-08,55,False
2026-01-08 07:57:00-08:00,2026-01-08,25,False
2026-01-08 08:00:00-08:00,2026-01-08,28,False
2026-01-08 08:03:00-08:00,2026-01-08,33,False
2026-01-08 08:06:00-08:00,2026-01-08,23,False
2026-01-08 08:09:00-08:00,2026-01-08,32,False
2026-01-08 08:12:00-08:00,2026-01-08,46,False
2026-01-08 08:15:00-08:00,2026-01-08,40,False
2026-01-08 08:18:00-08:00,2026-01-08,34,False
2026-01-08 08:21:00-08:00,2026-01-08,22,False
2026-01-08 08:24:00-08:00,2026-01-08,31,False
2026-01-08 08:27:00-08:00,2026-01-08,25,False
2026-01-08 08:30:00-08:00,2026-01-08,37,False
2026-01-08 08:33:00-08:00,2026-01-08,35,False
2026-01-08 08:36:00-08:00,2026-01-08,21,False
2026-01-08 08:39:00-08:00,2026-01-08,22,False
2026-01-08 08:42:00-08:00,2026-01-08,28,False
2026-01-08 08:45:00-08:00,2026-01-08,34,False
2026-01-08 08:48:00-08:00,2026-01-08,-1,True
2026-01-08 08:51:00-08:00,2026-01-08,-1,True
2026-01-08 08:54:00-08:00,2026-01-08,25,False
2026-01-08 08:57:00-08:00,2026-01-08,25,False
2026-01-08 09:00:00-08:00,2026-01-08,34,False
2026-01-08 09:03:00-08:00,2026-01-08,27,False
2026-01-08 09:06:00-08:00,2026-01-08,23,False
2026-01-08 09:09:00-08:00,2026-01-08,24,False
2026-01-08 09:12:00-08:00,2026-01-08,23,False
2026-01-08 09:15:00-08:00,2026-01-08,24,False
2026-01-08 09:18:00-08:00,2026-01-08,20,False
2026-01-08 09:21:00-08:00,2026-01-08,37,False
2026-01-08 09:24:00-08:00,2026-01-08,25,False
2026-01-08 09:27:00-08:00,2026-01-08,22,False
2026-01-08 09:30:00-08:00,2026-01-08,22,False
2026-01-08 09:33:00-08:00,2026-01-08,49,False
2026-01-08 09:36:00-08:00,2026-01-08,51,False
2026-01-08 09:39:00-08:00,2026-01-08,24,False
2026-01-08 09:42:00-08:00,2026-01-08,15,False
2026-01-08 09:45:00-08:00,2026-01-08,19,False
2026-01-08 09:48:00-08:00,2026-01-08,15,False
2026-01-08 09:51:00-08:00,2026-01-08,16,False
2026-01-08 09:54:00-08:00,2026-01-08,19,False
2026-01-08 09:57:00-08:00,2026-01-08,24,False
2026-01-08 10:00:00-08:00,2026-01-08,23,False
2026-01-08 10:03:00-08:00,2026-01-08,15,False
2026-01-08 10:06:00-08:00,2026-01-08,18,False
2026-01-08 10:09:00-08:00,2026-01-08,20,False
2026-01-08 10:12:00-08:00,2026-01-08,15,False
2026-01-08 10:15:00-08:00,2026-01-08,19,False
2026-01-08 10:18:00-08:00,2026-01-08,21,False
2026-01-08 10:21:00-08:00,2026-01-08,23,False
2026-01-08 10:24:00-08:00,2026-01-08,24,False
2026-01-08 10:27:00-08:00,2026-01-08,19,False
2026-01-08 10:30:00-08:00,2026-01-08,-2,True
2026-01-08 10:33:00-08:00,2026-01-08,-1,True
2026-01-08 10:36:00-08:00,2026-01-08,52,False
2026-01-08 10:39:00-08:00,2026-01-08,-1,True
2026-01-08 10:42:00-08:00,2026-01-08,-1,True
2026-01-08 10:45:00-08:00,2026-01-08,-1,True
2026-01-08 10:48:00-08:00,2026-01-08,-1,True
2026-01-08 10:51:00-08:00,2026-01-08,-2,True
2026-01-08 10:54:00-08:00,2026-01-08,-1,True
2026-01-08 10:57:00-08:00,2026-01-08,-1,True
2026-01-08 11:00:00-08:00,2026-01-08,-2,True
2026-01-08 11:03:00-08:00,2026-01-08,-2,True
2026-01-08 11:06:00-08:00,2026-01-08,-1,True
2026-01-08 11:09:00-08:00,2026-01-08,-1,True
2026-01-08 11:12:00-08:00,2026-01-08,43,False
2026-01-08 11:15:00-08:00,2026-01-08,28,False
2026-01-08 11:18:00-08:00,2026-01-08,36,False
2026-01-08 11:21:00-08:00,2026-01-08,51,False
2026-01-08 11:24:00-08:00,2026-01-08,25,False
2026-01-08 11:27:00-08:00,2026-01-08,63,False
2026-01-08 11:30:00-08:00,2026-01-08,25,False
2026-01-08 11:33:00-08:00,2026-01-08,31,False
2026-01-08 11:36:00-08:00,2026-01-08,-1,True
2026-01-08 11:39:00-08:00,2026-01-08,84,False
2026-01-08 11:42:00-08:00,2026-01-08,-1,True
2026-01-08 11:45:00-08:00,2026-01-08,61,False
2026-01-08 11:48:00-08:00,2026-01-08,71,False
2026-01-08 11:51:00-08:00,2026-01-08,-1,True
2026-01-08 11:54:00-08:00,2026-01-08,46,False
2026-01-08 11:57:00-08:00,2026-01-08,60,False
2026-01-08 12:00:00-08:00,2026-01-08,-1,True
2026-01-08 12:03:00-08:00,2026-01-08,-1,True
2026-01-08 12:06:00-08:00,2026-01-08,-2,True
2026-01-08 12:09:00-08:00,2026-01-08,-1,True
2026-01-08 12:12:00-08:00,2026-01-08,55,False
2026-01-08 12:15:00-08:00,2026-01-08,41,False
2026-01-08 12:18:00-08:00,2026-01-08,-1,True
2026-01-08 12:21:00-08:00,2026-01-08,37,False
2026-01-08 12:24:00-08:00,2026-01-08,34,False
2026-01-08 12:27:00-08:00,2026-01-08,-1,True
2026-01-08 12:30:00-08:00,2026-01-08,-1,True
2026-01-08 12:33:00-08:00,2026-01-08,25,False
2026-01-08 12:36:00-08:00,2026-01-08,49,False
2026-01-08 12:39:00-08:00,2026-01-08,38,False
2026-01-08 12:42:00-08:00,2026-01-08,31,False
2026-01-08 12:45:00-08:00,2026-01-08,52,False
2026-01-08 12:48:00-08:00,2026-01-08,35,False
2026-01-08 12:51:00-08:00,2026-01-08,-1,True
2026-01-08 12:54:00-08:00,2026-01-08,-2,True
2026-01-08 12:57:00-08:00,2026-01-08,-1,True
2026-01-08 13:00:00-08:00,2026-01-08,-1,True
2026-01-08 13:03:00-08:00,2026-01-08,-2,True
2026-01-08 13:06:00-08:00,2026-01-08,-2,True
2026-01-08 13:09:00-08:00,2026-01-08,-1,True
2026-01-08 13:12:00-08:00,2026-01-08,-2,True
2026-01-08 13:15:00-08:00,2026-01-08,-1,True
2026-01-08 13:18:00-08:00,2026-01-08,65,False
2026-01-08 13:21:00-08:00,2026-01-08,65,False
2026-01-08 13:24:00-08:00,2026-01-08,73,False
2026-01-08 13:27:00-08:00,2026-01-08,58,False
2026-01-08 13:30:00-08:00,2026-01-08,49,False
2026-01-08 13:33:00-08:00,2026-01-08,40,False
2026-01-08 13:36:00-08:00,2026-01-08,41,False
2026-01-08 13:39:00-08:00,2026-01-08,37,False
2026-01-08 13:42:00-08:00,2026-01-08,36,False
2026-01-08 13:45:00-08:00,2026-01-08,49,False
2026-01-08 13:48:00-08:00,2026-01-08,37,False
2026-01-08 13:51:00-08:00,2026-01-08,37,False
2026-01-08 13:54:00-08:00,2026-01-08,34,False
2026-01-08 13:57:00-08:00,2026-01-08,43,False
2026-01-08 14:00:00-08:00,2026-01-08,-1,True
2026-01-08 14:03:00-08:00,2026-01-08,-1,True
2026-01-08 14:06:00-08:00,2026-01-08,69,False
2026-01-08 14:09:00-08:00,2026-01-08,59,False
2026-01-08 14:12:00-08:00,2026-01-08,43,False
2026-01-08 14:15:00-08:00,2026-01-08,55,False
2026-01-08 14:18:00-08:00,2026-01-08,40,False
2026-01-08 14:21:00-08:00,2026-01-08,-2,True
2026-01-08 14:24:00-08:00,2026-01-08,-2,True
2026-01-08 14:27:00-08:00,2026-01-08,44,False
2026-01-08 14:30:00-08:00,2026-01-08,25,False
2026-01-08 14:33:00-08:00,2026-01-08,-1,True
2026-01-08 14:36:00-08:00,2026-01-08,25,False
2026-01-08 14:39:00-08:00,2026-01-08,24,False
2026-01-08 14:42:00-08:00,2026-01-08,23,False
2026-01-08 14:45:00-08:00,2026-01-08,25,False
2026-01-08 14:48:00-08:00,2026-01-08,25,False
2026-01-08 14:51:00-08:00,2026-01-08,28,False
2026-01-08 14:54:00-08:00,2026-01-08,32,False
2026-01-08 14:57:00-08:00,2026-01-08,23,False
2026-01-08 15:00:00-08:00,2026-01-08,28,False
2026-01-08 15:03:00-08:00,2026-01-08,25,False
2026-01-08 15:06:00-08:00,2026-01-08,37,False
2026-01-08 15:09:00-08:00,2026-01-08,52,False
2026-01-08 15:12:00-08:00,2026-01-08,25,False
2026-01-08 15:15:00-08:00,2026-01-08,31,False
2026-01-08 15:18:00-08:00,2026-01-08,34,False
2026-01-08 15:21:00-08:00,2026-01-08,25,False
2026-01-08 15:24:00-08:00,2026-01-08,59,False
2026-01-08 15:27:00-08:00,2026-01-08,49,False
2026-01-08 15:30:00-08:00,2026-01-08,30,False
2026-01-08 15:33:00-08:00,2026-01-08,46,False
2026-01-08 15:36:00-08:00,2026-01-08,32,False
2026-01-08 15:39:00-08:00,2026-01-08,32,False
2026-01-08 15:42:00-08:00,2026-01-08,42,False
2026-01-08 15:45:00-08:00,2026-01-08,40,False
2026-01-08 15:48:00-08:00,2026-01-08,55,False
2026-01-08 15:51:00-08:00,2026-01-08,40,False
2026-01-08 15:54:00-08:00,2026-01-08,60,False
2026-01-08 15:57:00-08:00,2026-01-08,58,False
2026-01-08 16:00:00-08:00,2026-01-08,61,False
2026-01-08 16:03:00-08:00,2026-01-08,43,False
2026-01-08 16:06:00-08:00,2026-01-08,46,False
2026-01-08 16:09:00-08:00,2026-01-08,50,False
2026-01-08 16:12:00-08:00,2026-01-08,52,False
2026-01-08 16:15:00-08:00,2026-01-08,81,False
2026-01-08 16:18:00-08:00,2026-01-08,82,False
2026-01-08 16:21:00-08:00,2026-01-08,56,False
2026-01-08 16:24:00-08:00,2026-01-08,61,False
2026-01-08 16:27:00-08:00,2026-01-08,39,False
2026-01-08 16:30:00-08:00,2026-01-08,26,False
2026-01-08 16:33:00-08:00,2026-01-08,31,False
2026-01-08 16:36:00-08:00,2026-01-08,30,False
2026-01-08 16:39:00-08:00,2026-01-08,27,False
2026-01-08 16:42:00-08:00,2026-01-08,28,False
2026-01-08 16:45:00-08:00,2026-01-08,58,False
2026-01-08 16:48:00-08:00,2026-01-08,74,False
2026-01-08 16:51:00-08:00,2026-01-08,55,False
2026-01-08 16:54:00-08:00,2026-01-08,31,False
2026-01-08 16:57:00-08:00,2026-01-08,28,False
2026-01-08 17:00:00-08:00,2026-01-08,34,False
2026-01-08 17:03:00-08:00,2026-01-08,48,False
2026-01-08 17:06:00-08:00,2026-01-08,25,False
2026-01-08 17:09:00-08:00,2026-01-08,37,False
2026-01-08 17:12:00-08:00,2026-01-08,-1,True
2026-01-08 17:15:00-08:00,2026-01-08,24,False
2026-01-08 17:18:00-08:00,2026-01-08,26,False
2026-01-08 17:21:00-08:00,2026-01-08,41,False
2026-01-08 17:24:00-08:00,2026-01-08,43,False
2026-01-08 17:27:00-08:00,2026-01-08,31,False
2026-01-08 17:30:00-08:00,2026-01-08,40,False
2026-01-08 17:33:00-08:00,2026-01-08,33,False
2026-01-08 17:36:00-08:00,2026-01-08,40,False
2026-01-08 17:39:00-08:00,2026-01-08,44,False
2026-01-08 17:42:00-08:00,2026-01-08,37,False
2026-01-08 17:45:00-08:00,2026-01-08,30,False
2026-01-08 17:48:00-08:00,2026-01-08,25,False
2026-01-08 17:51:00-08:00,2026-01-08,28,False
2026-01-08 17:54:00-08:00,2026-01-08,28,False
2026-01-08 17:57:00-08:00,2026-01-08,34,False
2026-01-08 18:00:00-08:00,2026-01-08,30,False
2026-01-08 18:03:00-08:00,2026-01-08,28,False
2026-01-08 18:06:00-08:00,2026-01-08,25,False
2026-01-08 18:09:00-08:00,2026-01-08,25,False
2026-01-08 18:12:00-08:00,2026-01-08,25,False
2026-01-08 18:15:00-08:00,2026-01-08,26,False
2026-01-08 18:18:00-08:00,2026-01-08,24,False
2026-01-08 18:21:00-08:00,2026-01-08,-1,True
2026-01-08 18:24:00-08:00,2026-01-08,49,False
2026-01-08 18:27:00-08:00,2026-01-08,22,False
2026-01-08 18:30:00-08:00,2026-01-08,17,False
2026-01-08 18:33:00-08:00,2026-01-08,20,False
2026-01-08 18:36:00-08:00,2026-01-08,22,False
2026-01-08 18:39:00-08:00,2026-01-08,23,False
2026-01-08 18:42:00-08:00,2026-01-08,23,False
2026-01-08 18:45:00-08:00,2026-01-08,20,False
2026-01-08 18:48:00-08:00,2026-01-08,26,False
2026-01-08 18:51:00-08:00,2026-01-08,20,False
2026-01-08 18:54:00-08:00,2026-01-08,42,False
2026-01-08 18:57:00-08:00,2026-01-08,28,False
2026-01-08 19:00:00-08:00,2026-01-08,64,False
2026-01-08 19:03:00-08:00,2026-01-08,84,False
2026-01-08 19:06:00-08:00,2026-01-08,77,False
2026-01-08 19:09:00-08:00,2026-01-08,82,False
2026-01-08 19:12:00-08:00,2026-01-08,88,False
2026-01-08 19:15:00-08:00,2026-01-08,85,False
2026-01-08 19:18:00-08:00,2026-01-08,79,False
2026-01-08 19:21:00-08:00,2026-01-08,88,False
2026-01-08 19:24:00-08:00,2026-01-08,90,False
2026-01-08 19:27:00-08:00,2026-01-08,92,False
2026-01-08 19:30:00-08:00,2026-01-08,88,False
2026-01-08 19:33:00-08:00,2026-01-08,88,False
2026-01-08 19:36:00-08:00,2026-01-08,-2,True
2026-01-08 19:39:00-08:00,2026-01-08,-1,True
2026-01-08 19:42:00-08:00,2026-01-08,93,False
2026-01-08 19:45:00-08:00,2026-01-08,-1,True
2026-01-08 19:48:00-08:00,2026-01-08,55,False
2026-01-08 19:51:00-08:00,2026-01-08,-1,True
2026-01-08 19:54:00-08:00,2026-01-08,-1,True
2026-01-08 19:57:00-08:00,2026-01-08,-1,True
2026-01-08 20:00:00-08:00,2026-01-08,-1,True
2026-01-08 20:03:00-08:00,2026-01-08,-1,True
2026-01-08 20:06:00-08:00,2026-01-08,87,False
2026-01-08 20:09:00-08:00,2026-01-08,-1,True
2026-01-08 20:12:00-08:00,2026-01-08,85,False
2026-01-08 20:15:00-08:00,2026-01-08,74,False
2026-01-08 20:18:00-08:00,2026-01-08,60,False
2026-01-08 20:21:00-08:00,2026-01-08,50,False
2026-01-08 20:24:00-08:00,2026-01-08,66,False
2026-01-08 20:27:00-08:00,2026-01-08,61,False
2026-01-08 20:30:00-08:00,2026-01-08,70,False
2026-01-08 20:33:00-08:00,2026-01-08,66,False
2026-01-08 20:36:00-08:00,2026-01-08,59,False
2026-01-08 20:39:00-08:00,2026-01-08,-1,True
2026-01-08 20:42:00-08:00,2026-01-08,45,False
2026-01-08 20:45:00-08:00,2026-01-08,53,False
2026-01-08 20:48:00-08:00,2026-01-08,46,False
2026-01-08 20:51:00-08:00,2026-01-08,39,False
2026-01-08 20:54:00-08:00,2026-01-08,48,False
2026-01-08 20:57:00-08:00,2026-01-08,33,False
2026-01-08 21:00:00-08:00,2026-01-08,40,False
2026-01-08 21:03:00-08:00,2026-01-08,37,False
2026-01-08 21:06:00-08:00,2026-01-08,43,False
2026-01-08 21:09:00-08:00,2026-01-08,46,False
2026-01-08 21:12:00-08:00,2026-01-08,54,False
2026-01-08 21:15:00-08:00,2026-01-08,41,False
2026-01-08 21:18:00-08:00,2026-01-08,44,False
2026-01-08 21:21:00-08:00,2026-01-08,41,False
2026-01-08 21:24:00-08:00,2026-01-08,54,False
2026-01-08 21:27:00-08:00,2026-01-08,46,False
2026-01-08 21:30:00-08:00,2026-01-08,37,False
2026-01-08 21:33:00-08:00,2026-01-08,52,False
2026-01-08 21:36:00-08:00,2026-01-08,34,False
2026-01-08 21:39:00-08:00,2026-01-08,28,False
2026-01-08 21:42:00-08:00,2026-01-08,23,False
2026-01-08 21:45:00-08:00,2026-01-08,23,False
2026-01-08 21:48:00-08:00,2026-01-08,28,False
2026-01-08 21:51:00-08:00,2026-01-08,26,False
2026-01-08 21:54:00-08:00,2026-01-08,24,False
2026-01-08 21:57:00-08:00,2026-01-08,25,False
2026-01-08 22:00:00-08:00,2026-01-08,24,False
2026-01-08 22:03:00-08:00,2026-01-08,25,False
2026-01-08 22:06:00-08:00,2026-01-08,24,False
2026-01-08 22:09:00-08:00,2026-01-08,21,False
2026-01-08 22:12:00-08:00,2026-01-08,20,False
2026-01-08 22:15:00-08:00,2026-01-08,21,False
2026-01-08 22:18:00-08:00,2026-01-08,18,False
2026-01-08 22:21:00-08:00,2026-01-08,17,False
2026-01-08 22:24:00-08:00,2026-01-08,21,False
2026-01-08 22:27:00-08:00,2026-01-08,21,False
2026-01-08 22:30:00-08:00,2026-01-08,18,False
2026-01-08 22:33:00-08:00,2026-01-08,21,False
2026-01-08 22:36:00-08:00,2026-01-08,20,False
2026-01-08 22:39:00-08:00,2026-01-08,18,False
2026-01-08 22:42:00-08:00,2026-01-08,20,False
2026-01-08 22:45:00-08:00,2026-01-08,17,False
2026-01-08 22:48:00-08:00,2026-01-08,17,False
2026-01-08 22:51:00-08:00,2026-01-08,22,False
2026-01-08 22:54:00-08:00,2026-01-08,24,False
2026-01-08 22:57:00-08:00,2026-01-08,16,False
2026-01-08 23:00:00-08:00,2026-01-08,18,False
2026-01-08 23:03:00-08:00,2026-01-08,16,False
2026-01-08 23:06:00-08:00,2026-01-08,18,False
2026-01-08 23:09:00-08:00,2026-01-08,20,False
2026-01-08 23:12:00-08:00,2026-01-08,18,False
2026-01-08 23:15:00-08:00,2026-01-08,19,False
2026-01-08 23:18:00-08:00,2026-01-08,13,True
2026-01-08 23:21:00-08:00,2026-01-08,-1,True
2026-01-08 23:24:00-08:00,2026-01-08,89,False
2026-01-08 23:27:00-08:00,2026-01-08,88,False
2026-01-08 23:30:00-08:00,2026-01-08,82,False
2026-01-08 23:33:00-08:00,2026-01-08,19,False
2026-01-08 23:36:00-08:00,2026-01-08,18,False
2026-01-08 23:39:00-08:00,2026-01-08,15,False
2026-01-08 23:42:00-08:00,2026-01-08,11,True
2026-01-08 23:45:00-08:00,2026-01-08,-1,True
2026-01-08 23:48:00-08:00,2026-01-08,18,False
2026-01-08 23:51:00-08:00,2026-01-08,20,False
2026-01-08 23:54:00-08:00,2026-01-08,29,False
2026-01-08 23:57:00-08:00,2026-01-08,28,False
2026-01-09 00:00:00-08:00,2026-01-09,49,False
2026-01-09 00:03:00-08:00,2026-01-09,16,False
2026-01-09 00:06:00-08:00,2026-01-09,16,False
2026-01-09 00:09:00-08:00,2026-01-09,16,False
2026-01-09 00:12:00-08:00,2026-01-09,20,False
2026-01-09 00:15:00-08:00,2026-01-09,23,False
2026-01-09 00:18:00-08:00,2026-01-09,21,False
2026-01-09 00:21:00-08:00,2026-01-09,21,False
2026-01-09 00:24:00-08:00,2026-01-09,20,False
2026-01-09 00:27:00-08:00,2026-01-09,21,False
2026-01-09 00:30:00-08:00,2026-01-09,22,False
2026-01-09 00:33:00-08:00,2026-01-09,24,False
2026-01-09 00:36:00-08:00,2026-01-09,25,False
2026-01-09 00:39:00-08:00,2026-01-09,21,False
2026-01-09 00:42:00-08:00,2026-01-09,17,False
2026-01-09 00:45:00-08:00,2026-01-09,17,False
2026-01-09 00:48:00-08:00,2026-01-09,19,False
2026-01-09 00:51:00-08:00,2026-01-09,18,False
2026-01-09 00:54:00-08:00,2026-01-09,22,False
2026-01-09 00:57:00-08:00,2026-01-09,25,False
2026-01-09 01:00:00-08:00,2026-01-09,25,False
2026-01-09 01:03:00-08:00,2026-01-09,22,False
2026-01-09 01:06:00-08:00,2026-01-09,24,False
2026-01-09 01:09:00-08:00,2026-01-09,25,False
2026-01-09 01:12:00-08:00,2026-01-09,19,False
2026-01-09 01:15:00-08:00,2026-01-09,24,False
2026-01-09 01:18:00-08:00,2026-01-09,25,False
2026-01-09 01:21:00-08:00,2026-01-09,31,False
2026-01-09 01:24:00-08:00,2026-01-09,25,False
2026-01-09 01:27:00-08:00,2026-01-09,25,False
2026-01-09 01:30:00-08:00,2026-01-09,25,False
2026-01-09 01:33:00-08:00,2026-01-09,22,False
2026-01-09 01:36:00-08:00,2026-01-09,16,False
2026-01-09 01:39:00-08:00,2026-01-09,13,True
2026-01-09 01:42:00-08:00,2026-01-09,23,False
2026-01-09 01:45:00-08:00,2026-01-09,23,False
2026-01-09 01:48:00-08:00,2026-01-09,13,True
2026-01-09 01:51:00-08:00,2026-01-09,14,True
2026-01-09 01:54:00-08:00,2026-01-09,18,False
2026-01-09 01:57:00-08:00,2026-01-09,18,False
2026-01-09 02:00:00-08:00,2026-01-09,13,True
2026-01-09 02:03:00-08:00,2026-01-09,15,False
2026-01-09 02:06:00-08:00,2026-01-09,15,False
2026-01-09 02:09:00-08:00,2026-01-09,16,False
2026-01-09 02:12:00-08:00,2026-01-09,18,False
2026-01-09 02:15:00-08:00,2026-01-09,18,False
2026-01-09 02:18:00-08:00,2026-01-09,17,False
2026-01-09 02:21:00-08:00,2026-01-09,15,False
2026-01-09 02:24:00-08:00,2026-01-09,13,True
2026-01-09 02:27:00-08:00,2026-01-09,13,True
2026-01-09 02:30:00-08:00,2026-01-09,9,True
2026-01-09 02:33:00-08:00,2026-01-09,8,True
2026-01-09 02:36:00-08:00,2026-01-09,8,True
2026-01-09 02:39:00-08:00,2026-01-09,12,True
2026-01-09 02:42:00-08:00,2026-01-09,17,False
2026-01-09 02:45:00-08:00,2026-01-09,20,False
2026-01-09 02:48:00-08:00,2026-01-09,17,False
2026-01-09 02:51:00-08:00,2026-01-09,13,True
2026-01-09 02:54:00-08:00,2026-01-09,22,False
2026-01-09 02:57:00-08:00,2026-01-09,20,False
2026-01-09 03:00:00-08:00,2026-01-09,16,False
2026-01-09 03:03:00-08:00,2026-01-09,16,False
2026-01-09 03:06:00-08:00,2026-01-09,22,False
2026-01-09 03:09:00-08:00,2026-01-09,24,False
2026-01-09 03:12:00-08:00,2026-01-09,21,False
2026-01-09 03:15:00-08:00,2026-01-09,24,False
2026-01-09 03:18:00-08:00,2026-01-09,23,False
2026-01-09 03:21:00-08:00,2026-01-09,22,False
2026-01-09 03:24:00-08:00,2026-01-09,20,False
2026-01-09 03:27:00-08:00,2026-01-09,21,False
2026-01-09 03:30:00-08:00,2026-01-09,21,False
2026-01-09 03:33:00-08:00,2026-01-09,21,False
2026-01-09 03:36:00-08:00,2026-01-09,22,False
2026-01-09 03:39:00-08:00,2026-01-09,22,False
2026-01-09 03:42:00-08:00,2026-01-09,22,False
2026-01-09 03:45:00-08:00,2026-01-09,20,False
2026-01-09 03:48:00-08:00,2026-01-09,14,True
2026-01-09 03:51:00-08:00,2026-01-09,9,True
2026-01-09 03:54:00-08:00,2026-01-09,5,True
2026-01-09 03:57:00-08:00,2026-01-09,6,True
2026-01-09 04:00:00-08:00,2026-01-09,14,True
2026-01-09 04:03:00-08:00,2026-01-09,10,True
2026-01-09 04:06:00-08:00,2026-01-09,22,False
2026-01-09 04:09:00-08:00,2026-01-09,29,False
2026-01-09 04:12:00-08:00,2026-01-09,15,False
2026-01-09 04:15:00-08:00,2026-01-09,14,True
2026-01-09 04:18:00-08:00,2026-01-09,26,False
2026-01-09 04:21:00-08:00,2026-01-09,24,False
2026-01-09 04:24:00-08:00,2026-01-09,13,True
2026-01-09 04:27:00-08:00,2026-01-09,18,False
2026-01-09 04:30:00-08:00,2026-01-09,14,True
2026-01-09 04:33:00-08:00,2026-01-09,15,False
2026-01-09 04:36:00-08:00,2026-01-09,14,True
2026-01-09 04:39:00-08:00,2026-01-09,25,False
2026-01-09 04:42:00-08:00,2026-01-09,14,True
2026-01-09 04:45:00-08:00,2026-01-09,16,False
2026-01-09 04:48:00-08:00,2026-01-09,18,False
2026-01-09 04:51:00-08:00,2026-01-09,19,False
2026-01-09 04:54:00-08:00,2026-01-09,14,True
2026-01-09 04:57:00-08:00,2026-01-09,20,False
2026-01-09 05:00:00-08:00,2026-01-09,18,False
2026-01-09 05:03:00-08:00,2026-01-09,19,False
2026-01-09 05:06:00-08:00,2026-01-09,21,False
2026-01-09 05:09:00-08:00,2026-01-09,17,False
2026-01-09 05:12:00-08:00,2026-01-09,12,True
2026-01-09 05:15:00-08:00,2026-01-09,17,False
2026-01-09 05:18:00-08:00,2026-01-09,20,False
2026-01-09 05:21:00-08:00,2026-01-09,15,False
2026-01-09 05:24:00-08:00,2026-01-09,21,False
2026-01-09 05:27:00-08:00,2026-01-09,18,False
2026-01-09 05:30:00-08:00,2026-01-09,11,True
2026-01-09 05:33:00-08:00,2026-01-09,15,False
2026-01-09 05:36:00-08:00,2026-01-09,19,False
2026-01-09 05:39:00-08:00,2026-01-09,16,False
2026-01-09 05:42:00-08:00,2026-01-09,24,False
2026-01-09 05:45:00-08:00,2026-01-09,25,False
2026-01-09 05:48:00-08:00,2026-01-09,17,False
2026-01-09 05:51:00-08:00,2026-01-09,23,False
2026-01-09 05:54:00-08:00,2026-01-09,25,False
2026-01-09 05:57:00-08:00,2026-01-09,22,False
2026-01-09 06:00:00-08:00,2026-01-09,-1,True
2026-01-09 06:03:00-08:00,2026-01-09,-1,True
2026-01-09 06:06:00-08:00,2026-01-09,32,False
2026-01-09 06:09:00-08:00,2026-01-09,28,False
2026-01-09 06:12:00-08:00,2026-01-09,34,False
2026-01-09 06:15:00-08:00,2026-01-09,32,False
2026-01-09 06:18:00-08:00,2026-01-09,28,False
2026-01-09 06:21:00-08:00,2026-01-09,-2,True
2026-01-09 06:24:00-08:00,2026-01-09,37,False
2026-01-09 06:27:00-08:00,2026-01-09,25,False
2026-01-09 06:30:00-08:00,2026-01-09,21,False
2026-01-09 06:33:00-08:00,2026-01-09,18,False
2026-01-09 06:36:00-08:00,2026-01-09,16,False
2026-01-09 06:39:00-08:00,2026-01-09,22,False
2026-01-09 06:42:00-08:00,2026-01-09,34,False
2026-01-09 06:45:00-08:00,2026-01-09,44,False
2026-01-09 06:48:00-08:00,2026-01-09,70,False
2026-01-09 06:51:00-08:00,2026-01-09,41,False
2026-01-09 06:54:00-08:00,2026-01-09,40,False
2026-01-09 06:57:00-08:00,2026-01-09,42,False
2026-01-09 07:00:00-08:00,2026-01-09,49,False
2026-01-09 07:03:00-08:00,2026-01-09,46,False
2026-01-09 07:06:00-08:00,2026-01-09,34,False
2026-01-09 07:09:00-08:00,2026-01-09,54,False
2026-01-09 07:12:00-08:00,2026-01-09,64,False
2026-01-09 07:15:00-08:00,2026-01-09,56,False
2026-01-09 07:18:00-08:00,2026-01-09,46,False
2026-01-09 07:21:00-08:00,2026-01-09,59,False
2026-01-09 07:24:00-08:00,2026-01-09,52,False
2026-01-09 07:27:00-08:00,2026-01-09,31,False
2026-01-09 07:30:00-08:00,2026-01-09,27,False
2026-01-09 07:33:00-08:00,2026-01-09,28,False
2026-01-09 07:36:00-08:00,2026-01-09,53,False
2026-01-09 07:39:00-08:00,2026-01-09,40,False
2026-01-09 07:42:00-08:00,2026-01-09,31,False
2026-01-09 07:45:00-08:00,2026-01-09,30,False
2026-01-09 07:48:00-08:00,2026-01-09,23,False
2026-01-09 07:51:00-08:00,2026-01-09,47,False
2026-01-09 07:54:00-08:00,2026-01-09,30,False
2026-01-09 07:57:00-08:00,2026-01-09,-1,True
2026-01-09 08:00:00-08:00,2026-01-09,-2,True
2026-01-09 08:03:00-08:00,2026-01-09,-2,True
2026-01-09 08:06:00-08:00,2026-01-09,-1,True
2026-01-09 08:09:00-08:00,2026-01-09,50,False
2026-01-09 08:12:00-08:00,2026-01-09,24,False
2026-01-09 08:15:00-08:00,2026-01-09,-1,True
2026-01-09 08:18:00-08:00,2026-01-09,23,False
2026-01-09 08:21:00-08:00,2026-01-09,23,False
2026-01-09 08:24:00-08:00,2026-01-09,21,False
2026-01-09 08:27:00-08:00,2026-01-09,24,False
2026-01-09 08:30:00-08:00,2026-01-09,18,False
2026-01-09 08:33:00-08:00,2026-01-09,37,False
2026-01-09 08:36:00-08:00,2026-01-09,35,False
2026-01-09 08:39:00-08:00,2026-01-09,29,False
2026-01-09 08:42:00-08:00,2026-01-09,23,False
2026-01-09 08:45:00-08:00,2026-01-09,20,False
2026-01-09 08:48:00-08:00,2026-01-09,-2,True
2026-01-09 08:51:00-08:00,2026-01-09,-1,True
2026-01-09 08:54:00-08:00,2026-01-09,-1,True
2026-01-09 08:57:00-08:00,2026-01-09,34,False
2026-01-09 09:00:00-08:00,2026-01-09,-1,True
2026-01-09 09:03:00-08:00,2026-01-09,18,False
2026-01-09 09:06:00-08:00,2026-01-09,12,True
2026-01-09 09:09:00-08:00,2026-01-09,20,False
2026-01-09 09:12:00-08:00,2026-01-09,22,False
2026-01-09 09:15:00-08:00,2026-01-09,24,False
2026-01-09 09:18:00-08:00,2026-01-09,37,False
2026-01-09 09:21:00-08:00,2026-01-09,24,False
2026-01-09 09:24:00-08:00,2026-01-09,24,False
2026-01-09 09:27:00-08:00,2026-01-09,24,False
2026-01-09 09:30:00-08:00,2026-01-09,20,False
2026-01-09 09:33:00-08:00,2026-01-09,27,False
2026-01-09 09:36:00-08:00,2026-01-09,36,False
2026-01-09 09:39:00-08:00,2026-01-09,23,False
2026-01-09 09:42:00-08:00,2026-01-09,44,False
2026-01-09 09:45:00-08:00,2026-01-09,37,False
2026-01-09 09:48:00-08:00,2026-01-09,34,False
2026-01-09 09:51:00-08:00,2026-01-09,24,False
2026-01-09 09:54:00-08:00,2026-01-09,19,False
2026-01-09 09:57:00-08:00,2026-01-09,21,False
2026-01-09 10:00:00-08:00,2026-01-09,29,False
2026-01-09 10:03:00-08:00,2026-01-09,24,False
2026-01-09 10:06:00-08:00,2026-01-09,23,False
2026-01-09 10:09:00-08:00,2026-01-09,21,False
2026-01-09 10:12:00-08:00,2026-01-09,-2,True
2026-01-09 10:15:00-08:00,2026-01-09,-1,True
2026-01-09 10:18:00-08:00,2026-01-09,45,False
2026-01-09 10:21:00-08:00,2026-01-09,50,False
2026-01-09 10:24:00-08:00,2026-01-09,-1,True
2026-01-09 10:27:00-08:00,2026-01-09,-1,True
2026-01-09 10:30:00-08:00,2026-01-09,-1,True
2026-01-09 10:33:00-08:00,2026-01-09,-1,True
2026-01-09 10:36:00-08:00,2026-01-09,-1,True
2026-01-09 10:39:00-08:00,2026-01-09,-1,True
2026-01-09 10:42:00-08:00,2026-01-09,-2,True
2026-01-09 10:45:00-08:00,2026-01-09,-2,True
2026-01-09 10:48:00-08:00,2026-01-09,-2,True
2026-01-09 10:51:00-08:00,2026-01-09,-1,True
2026-01-09 10:54:00-08:00,2026-01-09,41,False
2026-01-09 10:57:00-08:00,2026-01-09,59,False
2026-01-09 11:00:00-08:00,2026-01-09,-1,True
2026-01-09 11:03:00-08:00,2026-01-09,73,False
2026-01-09 11:06:00-08:00,2026-01-09,70,False
2026-01-09 11:09:00-08:00,2026-01-09,48,False
2026-01-09 11:12:00-08:00,2026-01-09,68,False
2026-01-09 11:15:00-08:00,2026-01-09,82,False
2026-01-09 11:18:00-08:00,2026-01-09,-1,True
2026-01-09 11:21:00-08:00,2026-01-09,95,False
2026-01-09 11:24:00-08:00,2026-01-09,91,False
2026-01-09 11:27:00-08:00,2026-01-09,95,False
2026-01-09 11:30:00-08:00,2026-01-09,96,False
2026-01-09 11:33:00-08:00,2026-01-09,97,False
2026-01-09 11:36:00-08:00,2026-01-09,94,False
2026-01-09 11:39:00-08:00,2026-01-09,93,False
2026-01-09 11:42:00-08:00,2026-01-09,92,False
2026-01-09 11:45:00-08:00,2026-01-09,90,False
2026-01-09 11:48:00-08:00,2026-01-09,77,False
2026-01-09 11:51:00-08:00,2026-01-09,-1,True
2026-01-09 11:54:00-08:00,2026-01-09,80,False
2026-01-09 11:57:00-08:00,2026-01-09,83,False
2026-01-09 12:00:00-08:00,2026-01-09,-1,True
2026-01-09 12:03:00-08:00,2026-01-09,94,False
2026-01-09 12:06:00-08:00,2026-01-09,91,False
2026-01-09 12:09:00-08:00,2026-01-09,87,False
2026-01-09 12:12:00-08:00,2026-01-09,-1,True
2026-01-09 12:15:00-08:00,2026-01-09,-1,True
2026-01-09 12:18:00-08:00,2026-01-09,-1,True
2026-01-09 12:21:00-08:00,2026-01-09,-1,True
2026-01-09 12:24:00-08:00,2026-01-09,-1,True
2026-01-09 12:27:00-08:00,2026-01-09,-1,True
2026-01-09 12:30:00-08:00,2026-01-09,-1,True
2026-01-09 12:33:00-08:00,2026-01-09,-1,True
2026-01-09 12:36:00-08:00,2026-01-09,-1,True
2026-01-09 12:39:00-08:00,2026-01-09,-1,True
2026-01-09 12:42:00-08:00,2026-01-09,-1,True
2026-01-09 12:45:00-08:00,2026-01-09,-1,True
2026-01-09 12:48:00-08:00,2026-01-09,-1,True
2026-01-09 12:51:00-08:00,2026-01-09,-1,True
2026-01-09 12:54:00-08:00,2026-01-09,-1,True
2026-01-09 12:57:00-08:00,2026-01-09,38,False
2026-01-09 13:00:00-08:00,2026-01-09,37,False
2026-01-09 13:03:00-08:00,2026-01-09,37,False
2026-01-09 13:06:00-08:00,2026-01-09,46,False
2026-01-09 13:09:00-08:00,2026-01-09,53,False
2026-01-09 13:12:00-08:00,2026-01-09,34,False
2026-01-09 13:15:00-08:00,2026-01-09,53,False
2026-01-09 13:18:00-08:00,2026-01-09,42,False
2026-01-09 13:21:00-08:00,2026-01-09,-2,True
2026-01-09 13:24:00-08:00,2026-01-09,42,False
2026-01-09 13:27:00-08:00,2026-01-09,32,False
2026-01-09 13:30:00-08:00,2026-01-09,44,False
2026-01-09 13:33:00-08:00,2026-01-09,26,False
2026-01-09 13:36:00-08:00,2026-01-09,31,False
2026-01-09 13:39:00-08:00,2026-01-09,24,False
2026-01-09 13:42:00-08:00,2026-01-09,26,False
2026-01-09 13:45:00-08:00,2026-01-09,38,False
2026-01-09 13:48:00-08:00,2026-01-09,52,False
2026-01-09 13:51:00-08:00,2026-01-09,52,False
2026-01-09 13:54:00-08:00,2026-01-09,30,False
2026-01-09 13:57:00-08:00,2026-01-09,45,False
2026-01-09 14:00:00-08:00,2026-01-09,57,False
2026-01-09 14:03:00-08:00,2026-01-09,79,False
2026-01-09 14:06:00-08:00,2026-01-09,47,False
2026-01-09 14:09:00-08:00,2026-01-09,35,False
2026-01-09 14:12:00-08:00,2026-01-09,40,False
2026-01-09 14:15:00-08:00,2026-01-09,24,False
2026-01-09 14:18:00-08:00,2026-01-09,37,False
2026-01-09 14:21:00-08:00,2026-01-09,38,False
2026-01-09 14:24:00-08:00,2026-01-09,49,False
2026-01-09 14:27:00-08:00,2026-01-09,55,False
2026-01-09 14:30:00-08:00,2026-01-09,44,False
2026-01-09 14:33:00-08:00,2026-01-09,55,False
2026-01-09 14:36:00-08:00,2026-01-09,24,False
2026-01-09 14:39:00-08:00,2026-01-09,32,False
2026-01-09 14:42:00-08:00,2026-01-09,60,False
2026-01-09 14:45:00-08:00,2026-01-09,64,False
2026-01-09 14:48:00-08:00,2026-01-09,-2,True
2026-01-09 14:51:00-08:00,2026-01-09,-1,True
2026-01-09 14:54:00-08:00,2026-01-09,-1,True
2026-01-09 14:57:00-08:00,2026-01-09,85,False
2026-01-09 15:00:00-08:00,2026-01-09,78,False
2026-01-09 15:03:00-08:00,2026-01-09,69,False
2026-01-09 15:06:00-08:00,2026-01-09,82,False
2026-01-09 15:09:00-08:00,2026-01-09,69,False
2026-01-09 15:12:00-08:00,2026-01-09,79,False
2026-01-09 15:15:00-08:00,2026-01-09,73,False
2026-01-09 15:18:00-08:00,2026-01-09,-1,True
2026-01-09 15:21:00-08:00,2026-01-09,-1,True
2026-01-09 15:24:00-08:00,2026-01-09,82,False
2026-01-09 15:27:00-08:00,2026-01-09,78,False
2026-01-09 15:30:00-08:00,2026-01-09,-1,True
2026-01-09 15:33:00-08:00,2026-01-09,81,False
2026-01-09 15:36:00-08:00,2026-01-09,76,False
2026-01-09 15:39:00-08:00,2026-01-09,69,False
2026-01-09 15:42:00-08:00,2026-01-09,76,False
2026-01-09 15:45:00-08:00,2026-01-09,79,False
2026-01-09 15:48:00-08:00,2026-01-09,-1,True
2026-01-09 15:51:00-08:00,2026-01-09,67,False
2026-01-09 15:54:00-08:00,2026-01-09,67,False
2026-01-09 15:57:00-08:00,2026-01-09,55,False
2026-01-09 16:00:00-08:00,2026-01-09,67,False
2026-01-09 16:03:00-08:00,2026-01-09,58,False
2026-01-09 16:06:00-08:00,2026-01-09,59,False
2026-01-09 16:09:00-08:00,2026-01-09,31,False
2026-01-09 16:12:00-08:00,2026-01-09,31,False
2026-01-09 16:15:00-08:00,2026-01-09,31,False
2026-01-09 16:18:00-08:00,2026-01-09,31,False
2026-01-09 16:21:00-08:00,2026-01-09,24,False
2026-01-09 16:24:00-08:00,2026-01-09,24,False
2026-01-09 16:27:00-08:00,2026-01-09,31,False
2026-01-09 16:30:00-08:00,2026-01-09,27,False
2026-01-09 16:33:00-08:00,2026-01-09,31,False
2026-01-09 16:36:00-08:00,2026-01-09,34,False
2026-01-09 16:39:00-08:00,2026-01-09,35,False
2026-01-09 16:42:00-08:00,2026-01-09,40,False
2026-01-09 16:45:00-08:00,2026-01-09,32,False
2026-01-09 16:48:00-08:00,2026-01-09,24,False
2026-01-09 16:51:00-08:00,2026-01-09,25,False
2026-01-09 16:54:00-08:00,2026-01-09,40,False
2026-01-09 16:57:00-08:00,2026-01-09,31,False
2026-01-09 17:00:00-08:00,2026-01-09,-1,True
2026-01-09 17:03:00-08:00,2026-01-09,-1,True
2026-01-09 17:06:00-08:00,2026-01-09,-1,True
2026-01-09 17:09:00-08:00,2026-01-09,-1,True
2026-01-09 17:12:00-08:00,2026-01-09,-1,True
2026-01-09 17:15:00-08:00,2026-01-09,-1,True
2026-01-09 17:18:00-08:00,2026-01-09,-1,True
2026-01-09 17:21:00-08:00,2026-01-09,-1,True
2026-01-09 17:24:00-08:00,2026-01-09,-1,True
2026-01-09 17:27:00-08:00,2026-01-09,-1,True
2026-01-09 17:30:00-08:00,2026-01-09,-1,True
2026-01-09 17:33:00-08:00,2026-01-09,-1,True
2026-01-09 17:36:00-08:00,2026-01-09,-1,True
2026-01-09 17:39:00-08:00,2026-01-09,-1,True
2026-01-09 17:42:00-08:00,2026-01-09,-1,True
2026-01-09 17:45:00-08:00,2026-01-09,-1,True
2026-01-09 17:48:00-08:00,2026-01-09,-1,True
2026-01-09 17:51:00-08:00,2026-01-09,-1,True
2026-01-09 17:54:00-08:00,2026-01-09,-1,True
2026-01-09 17:57:00-08:00,2026-01-09,-1,True
2026-01-09 18:00:00-08:00,2026-01-09,-1,True
2026-01-09 18:03:00-08:00,2026-01-09,-1,True
2026-01-09 18:06:00-08:00,2026-01-09,-1,True
2026-01-09 18:09:00-08:00,2026-01-09,-1,True
2026-01-09 18:12:00-08:00,2026-01-09,-1,True
2026-01-09 18:15:00-08:00,2026-01-09,-1,True
2026-01-09 18:18:00-08:00,2026-01-09,-1,True
2026-01-09 18:21:00-08:00,2026-01-09,-1,True
2026-01-09 18:24:00-08:00,2026-01-09,-1,True
2026-01-09 18:27:00-08:00,2026-01-09,-1,True
2026-01-09 18:30:00-08:00,2026-01-09,-1,True
2026-01-09 18:33:00-08:00,2026-01-09,-1,True
2026-01-09 18:36:00-08:00,2026-01-09,-1,True
2026-01-09 18:39:00-08:00,2026-01-09,-1,True
2026-01-09 18:42:00-08:00,2026-01-09,-1,True
2026-01-09 18:45:00-08:00,2026-01-09,-1,True
2026-01-09 18:48:00-08:00,2026-01-09,-1,True
2026-01-09 18:51:00-08:00,2026-01-09,-1,True
2026-01-09 18:54:00-08:00,2026-01-09,-1,True
2026-01-09 18:57:00-08:00,2026-01-09,-1,True
2026-01-09 19:00:00-08:00,2026-01-09,-1,True
2026-01-09 19:03:00-08:00,2026-01-09,-1,True
2026-01-09 19:06:00-08:00,2026-01-09,-1,True
2026-01-09 19:09:00-08:00,2026-01-09,-1,True
2026-01-09 19:12:00-08:00,2026-01-09,-1,True
2026-01-09 19:15:00-08:00,2026-01-09,-1,True
2026-01-09 19:18:00-08:00,2026-01-09,-1,True
2026-01-09 19:21:00-08:00,2026-01-09,-1,True
2026-01-09 19:24:00-08:00,2026-01-09,-1,True
2026-01-09 19:27:00-08:00,2026-01-09,30,False
2026-01-09 19:30:00-08:00,2026-01-09,-1,True
2026-01-09 19:33:00-08:00,2026-01-09,-1,True
2026-01-09 19:36:00-08:00,2026-01-09,-1,True
2026-01-09 19:39:00-08:00,2026-01-09,-1,True
2026-01-09 19:42:00-08:00,2026-01-09,-1,True
2026-01-09 19:45:00-08:00,2026-01-09,-1,True
2026-01-09 19:48:00-08:00,2026-01-09,-1,True
2026-01-09 19:51:00-08:00,2026-01-09,-1,True
2026-01-09 19:54:00-08:00,2026-01-09,-1,True
2026-01-09 19:57:00-08:00,2026-01-09,-1,True
2026-01-09 20:00:00-08:00,2026-01-09,-1,True
2026-01-09 20:03:00-08:00,2026-01-09,-1,True
2026-01-09 20:06:00-08:00,2026-01-09,61,False
2026-01-09 20:09:00-08:00,2026-01-09,96,False
2026-01-09 20:12:00-08:00,2026-01-09,94,False
2026-01-09 20:15:00-08:00,2026-01-09,98,False
2026-01-09 20:18:00-08:00,2026-01-09,95,False
2026-01-09 20:21:00-08:00,2026-01-09,97,False
2026-01-09 20:24:00-08:00,2026-01-09,91,False
2026-01-09 20:27:00-08:00,2026-01-09,-1,True
2026-01-09 20:30:00-08:00,2026-01-09,90,False
2026-01-09 20:33:00-08:00,2026-01-09,-1,True
2026-01-09 20:36:00-08:00,2026-01-09,-1,True
2026-01-09 20:39:00-08:00,2026-01-09,-1,True
2026-01-09 20:42:00-08:00,2026-01-09,-1,True
2026-01-09 20:45:00-08:00,2026-01-09,-1,True
2026-01-09 20:48:00-08:00,2026-01-09,-1,True
2026-01-09 20:51:00-08:00,2026-01-09,-1,True
2026-01-09 20:54:00-08:00,2026-01-09,-1,True
2026-01-09 20:57:00-08:00,2026-01-09,-1,True
2026-01-09 21:00:00-08:00,2026-01-09,-1,True
2026-01-09 21:03:00-08:00,2026-01-09,-1,True
2026-01-09 21:06:00-08:00,2026-01-09,20,False
2026-01-09 21:09:00-08:00,2026-01-09,22,False
2026-01-09 21:12:00-08:00,2026-01-09,25,False
2026-01-09 21:15:00-08:00,2026-01-09,22,False
2026-01-09 21:18:00-08:00,2026-01-09,22,False
2026-01-09 21:21:00-08:00,2026-01-09,21,False
2026-01-09 21:24:00-08:00,2026-01-09,22,False
2026-01-09 21:27:00-08:00,2026-01-09,19,False
2026-01-09 21:30:00-08:00,2026-01-09,22,False
2026-01-09 21:33:00-08:00,2026-01-09,22,False
2026-01-09 21:36:00-08:00,2026-01-09,-1,True
2026-01-09 21:39:00-08:00,2026-01-09,29,False
2026-01-09 21:42:00-08:00,2026-01-09,17,False
2026-01-09 21:45:00-08:00,2026-01-09,22,False
2026-01-09 21:48:00-08:00,2026-01-09,22,False
2026-01-09 21:51:00-08:00,2026-01-09,22,False
2026-01-09 21:54:00-08:00,2026-01-09,20,False
2026-01-09 21:57:00-08:00,2026-01-09,21,False
2026-01-09 22:00:00-08:00,2026-01-09,24,False
2026-01-09 22:03:00-08:00,2026-01-09,29,False
2026-01-09 22:06:00-08:00,2026-01-09,31,False
2026-01-09 22:09:00-08:00,2026-01-09,24,False
2026-01-09 22:12:00-08:00,2026-01-09,16,False
2026-01-09 22:15:00-08:00,2026-01-09,22,False
2026-01-09 22:18:00-08:00,2026-01-09,19,False
2026-01-09 22:21:00-08:00,2026-01-09,19,False
2026-01-09 22:24:00-08:00,2026-01-09,22,False
2026-01-09 22:27:00-08:00,2026-01-09,17,False
2026-01-09 22:30:00-08:00,2026-01-09,-1,True
2026-01-09 22:33:00-08:00,2026-01-09,-1,True
2026-01-09 22:36:00-08:00,2026-01-09,21,False
2026-01-09 22:39:00-08:00,2026-01-09,10,True
2026-01-09 22:42:00-08:00,2026-01-09,12,True
2026-01-09 22:45:00-08:00,2026-01-09,12,True
2026-01-09 22:48:00-08:00,2026-01-09,10,True
2026-01-09 22:51:00-08:00,2026-01-09,8,True
2026-01-09 22:54:00-08:00,2026-01-09,5,True
2026-01-09 22:57:00-08:00,2026-01-09,3,True
2026-01-09 23:00:00-08:00,2026-01-09,3,True
2026-01-09 23:03:00-08:00,2026-01-09,7,True
2026-01-09 23:06:00-08:00,2026-01-09,9,True
2026-01-09 23:09:00-08:00,2026-01-09,5,True
2026-01-09 23:12:00-08:00,2026-01-09,6,True
2026-01-09 23:15:00-08:00,2026-01-09,9,True
2026-01-09 23:18:00-08:00,2026-01-09,8,True
2026-01-09 23:21:00-08:00,2026-01-09,6,True
2026-01-09 23:24:00-08:00,2026-01-09,9,True
2026-01-09 23:27:00-08:00,2026-01-09,6,True
2026-01-09 23:30:00-08:00,2026-01-09,5,True
2026-01-09 23:33:00-08:00,2026-01-09,7,True
2026-01-09 23:36:00-08:00,2026-01-09,7,True
2026-01-09 23:39:00-08:00,2026-01-09,8,True
2026-01-09 23:42:00-08:00,2026-01-09,7,True
2026-01-09 23:45:00-08:00,2026-01-09,6,True
2026-01-09 23:48:00-08:00,2026-01-09,6,True
2026-01-09 23:51:00-08:00,2026-01-09,18,False
2026-01-09 23:54:00-08:00,2026-01-09,18,False
2026-01-09 23:57:00-08:00,2026-01-09,15,False
2026-01-10 00:00:00-08:00,2026-01-10,12,True
2026-01-10 00:03:00-08:00,2026-01-10,9,True
2026-01-10 00:06:00-08:00,2026-01-10,8,True
2026-01-10 00:09:00-08:00,2026-01-10,8,True
2026-01-10 00:12:00-08:00,2026-01-10,8,True
2026-01-10 00:15:00-08:00,2026-01-10,9,True
2026-01-10 00:18:00-08:00,2026-01-10,8,True
2026-01-10 00:21:00-08:00,2026-01-10,7,True
2026-01-10 00:24:00-08:00,2026-01-10,8,True
2026-01-10 00:27:00-08:00,2026-01-10,5,True
2026-01-10 00:30:00-08:00,2026-01-10,6,True
2026-01-10 00:33:00-08:00,2026-01-10,5,True
2026-01-10 00:36:00-08:00,2026-01-10,5,True
2026-01-10 00:39:00-08:00,2026-01-10,6,True
2026-01-10 00:42:00-08:00,2026-01-10,5,True
2026-01-10 00:45:00-08:00,2026-01-10,6,True
2026-01-10 00:48:00-08:00,2026-01-10,6,True
2026-01-10 00:51:00-08:00,2026-01-10,7,True
2026-01-10 00:54:00-08:00,2026-01-10,5,True
2026-01-10 00:57:00-08:00,2026-01-10,6,True
2026-01-10 01:00:00-08:00,2026-01-10,9,True
2026-01-10 01:03:00-08:00,2026-01-10,5,True
2026-01-10 01:06:00-08:00,2026-01-10,8,True
2026-01-10 01:09:00-08:00,2026-01-10,15,False
2026-01-10 01:12:00-08:00,2026-01-10,18,False
2026-01-10 01:15:00-08:00,2026-01-10,17,False
2026-01-10 01:18:00-08:00,2026-01-10,10,True
2026-01-10 01:21:00-08:00,2026-01-10,8,True
2026-01-10 01:24:00-08:00,2026-01-10,9,True
2026-01-10 01:27:00-08:00,2026-01-10,10,True
2026-01-10 01:30:00-08:00,2026-01-10,9,True
2026-01-10 01:33:00-08:00,2026-01-10,8,True
2026-01-10 01:36:00-08:00,2026-01-10,6,True
2026-01-10 01:39:00-08:00,2026-01-10,8,True
2026-01-10 01:42:00-08:00,2026-01-10,9,True
2026-01-10 01:45:00-08:00,2026-01-10,7,True
2026-01-10 01:48:00-08:00,2026-01-10,8,True
2026-01-10 01:51:00-08:00,2026-01-10,9,True
2026-01-10 01:54:00-08:00,2026-01-10,13,True
2026-01-10 01:57:00-08:00,2026-01-10,10,True
2026-01-10 02:00:00-08:00,2026-01-10,13,True
2026-01-10 02:03:00-08:00,2026-01-10,13,True
2026-01-10 02:06:00-08:00,2026-01-10,5,True
2026-01-10 02:09:00-08:00,2026-01-10,11,True
2026-01-10 02:12:00-08:00,2026-01-10,12,True
2026-01-10 02:15:00-08:00,2026-01-10,9,True
2026-01-10 02:18:00-08:00,2026-01-10,13,True
2026-01-10 02:21:00-08:00,2026-01-10,14,True
2026-01-10 02:24:00-08:00,2026-01-10,15,False
2026-01-10 02:27:00-08:00,2026-01-10,14,True
2026-01-10 02:30:00-08:00,2026-01-10,12,True
2026-01-10 02:33:00-08:00,2026-01-10,10,True
2026-01-10 02:36:00-08:00,2026-01-10,10,True
2026-01-10 02:39:00-08:00,2026-01-10,10,True
2026-01-10 02:42:00-08:00,2026-01-10,14,True
2026-01-10 02:45:00-08:00,2026-01-10,13,True
2026-01-10 02:48:00-08:00,2026-01-10,11,True
2026-01-10 02:51:00-08:00,2026-01-10,8,True
2026-01-10 02:54:00-08:00,2026-01-10,13,True
2026-01-10 02:57:00-08:00,2026-01-10,13,True
2026-01-10 03:00:00-08:00,2026-01-10,15,False
2026-01-10 03:03:00-08:00,2026-01-10,44,False
2026-01-10 03:06:00-08:00,2026-01-10,50,False
2026-01-10 03:09:00-08:00,2026-01-10,16,False
2026-01-10 03:12:00-08:00,2026-01-10,14,True
2026-01-10 03:15:00-08:00,2026-01-10,17,False
2026-01-10 03:18:00-08:00,2026-01-10,10,True
2026-01-10 03:21:00-08:00,2026-01-10,25,False
2026-01-10 03:24:00-08:00,2026-01-10,16,False
2026-01-10 03:27:00-08:00,2026-01-10,14,True
2026-01-10 03:30:00-08:00,2026-01-10,12,True
2026-01-10 03:33:00-08:00,2026-01-10,8,True
2026-01-10 03:36:00-08:00,2026-01-10,6,True
2026-01-10 03:39:00-08:00,2026-01-10,8,True
2026-01-10 03:42:00-08:00,2026-01-10,8,True
2026-01-10 03:45:00-08:00,2026-01-10,8,True
2026-01-10 03:48:00-08:00,2026-01-10,9,True
2026-01-10 03:51:00-08:00,2026-01-10,9,True
2026-01-10 03:54:00-08:00,2026-01-10,6,True
2026-01-10 03:57:00-08:00,2026-01-10,10,True
2026-01-10 04:00:00-08:00,2026-01-10,8,True
2026-01-10 04:03:00-08:00,2026-01-10,11,True
2026-01-10 04:06:00-08:00,2026-01-10,13,True
2026-01-10 04:09:00-08:00,2026-01-10,13,True
2026-01-10 04:12:00-08:00,2026-01-10,10,True
2026-01-10 04:15:00-08:00,2026-01-10,9,True
2026-01-10 04:18:00-08:00,2026-01-10,9,True
2026-01-10 04:21:00-08:00,2026-01-10,10,True
2026-01-10 04:24:00-08:00,2026-01-10,11,True
2026-01-10 04:27:00-08:00,2026-01-10,10,True
2026-01-10 04:30:00-08:00,2026-01-10,11,True
2026-01-10 04:33:00-08:00,2026-01-10,11,True
2026-01-10 04:36:00-08:00,2026-01-10,13,True
2026-01-10 04:39:00-08:00,2026-01-10,10,True
2026-01-10 04:42:00-08:00,2026-01-10,11,True
2026-01-10 04:45:00-08:00,2026-01-10,10,True
2026-01-10 04:48:00-08:00,2026-01-10,8,True
2026-01-10 04:51:00-08:00,2026-01-10,7,True
2026-01-10 04:54:00-08:00,2026-01-10,5,True
2026-01-10 04:57:00-08:00,2026-01-10,8,True
2026-01-10 05:00:00-08:00,2026-01-10,14,True
2026-01-10 05:03:00-08:00,2026-01-10,6,True
2026-01-10 05:06:00-08:00,2026-01-10,15,False
2026-01-10 05:09:00-08:00,2026-01-10,14,True
2026-01-10 05:12:00-08:00,2026-01-10,9,True
2026-01-10 05:15:00-08:00,2026-01-10,9,True
2026-01-10 05:18:00-08:00,2026-01-10,15,False
2026-01-10 05:21:00-08:00,2026-01-10,23,False
2026-01-10 05:24:00-08:00,2026-01-10,31,False
2026-01-10 05:27:00-08:00,2026-01-10,14,True
2026-01-10 05:30:00-08:00,2026-01-10,40,False
2026-01-10 05:33:00-08:00,2026-01-10,-1,True
2026-01-10 05:36:00-08:00,2026-01-10,31,False
2026-01-10 05:39:00-08:00,2026-01-10,23,False
2026-01-10 05:42:00-08:00,2026-01-10,17,False
2026-01-10 05:45:00-08:00,2026-01-10,21,False
2026-01-10 05:48:00-08:00,2026-01-10,21,False
2026-01-10 05:51:00-08:00,2026-01-10,21,False
2026-01-10 05:54:00-08:00,2026-01-10,19,False
2026-01-10 05:57:00-08:00,2026-01-10,21,False
2026-01-10 06:00:00-08:00,2026-01-10,20,False
2026-01-10 06:03:00-08:00,2026-01-10,23,False
2026-01-10 06:06:00-08:00,2026-01-10,22,False
2026-01-10 06:09:00-08:00,2026-01-10,19,False
2026-01-10 06:12:00-08:00,2026-01-10,22,False
2026-01-10 06:15:00-08:00,2026-01-10,19,False
2026-01-10 06:18:00-08:00,2026-01-10,19,False
2026-01-10 06:21:00-08:00,2026-01-10,25,False
2026-01-10 06:24:00-08:00,2026-01-10,21,False
2026-01-10 06:27:00-08:00,2026-01-10,20,False
2026-01-10 06:30:00-08:00,2026-01-10,28,False
2026-01-10 06:33:00-08:00,2026-01-10,18,False
2026-01-10 06:36:00-08:00,2026-01-10,17,False
2026-01-10 06:39:00-08:00,2026-01-10,-1,True
2026-01-10 06:42:00-08:00,2026-01-10,8,True
2026-01-10 06:45:00-08:00,2026-01-10,20,False
2026-01-10 06:48:00-08:00,2026-01-10,21,False
2026-01-10 06:51:00-08:00,2026-01-10,43,False
2026-01-10 06:54:00-08:00,2026-01-10,-1,True
2026-01-10 06:57:00-08:00,2026-01-10,48,False
2026-01-10 07:00:00-08:00,2026-01-10,26,False
2026-01-10 07:03:00-08:00,2026-01-10,28,False
2026-01-10 07:06:00-08:00,2026-01-10,35,False
2026-01-10 07:09:00-08:00,2026-01-10,36,False
2026-01-10 07:12:00-08:00,2026-01-10,22,False
2026-01-10 07:15:00-08:00,2026-01-10,21,False
2026-01-10 07:18:00-08:00,2026-01-10,20,False
2026-01-10 07:21:00-08:00,2026-01-10,21,False
2026-01-10 07:24:00-08:00,2026-01-10,23,False
2026-01-10 07:27:00-08:00,2026-01-10,22,False
2026-01-10 07:30:00-08:00,2026-01-10,21,False
2026-01-10 07:33:00-08:00,2026-01-10,21,False
2026-01-10 07:36:00-08:00,2026-01-10,20,False
2026-01-10 07:39:00-08:00,2026-01-10,17,False
2026-01-10 07:42:00-08:00,2026-01-10,22,False
2026-01-10 07:45:00-08:00,2026-01-10,17,False
2026-01-10 07:48:00-08:00,2026-01-10,23,False
2026-01-10 07:51:00-08:00,2026-01-10,16,False
2026-01-10 07:54:00-08:00,2026-01-10,19,False
2026-01-10 07:57:00-08:00,2026-01-10,22,False
2026-01-10 08:00:00-08:00,2026-01-10,25,False
2026-01-10 08:03:00-08:00,2026-01-10,25,False
2026-01-10 08:06:00-08:00,2026-01-10,21,False
2026-01-10 08:09:00-08:00,2026-01-10,24,False
2026-01-10 08:12:00-08:00,2026-01-10,20,False
2026-01-10 08:15:00-08:00,2026-01-10,15,False
2026-01-10 08:18:00-08:00,2026-01-10,21,False
2026-01-10 08:21:00-08:00,2026-01-10,23,False
2026-01-10 08:24:00-08:00,2026-01-10,18,False
2026-01-10 08:27:00-08:00,2026-01-10,-2,True
2026-01-10 08:30:00-08:00,2026-01-10,-1,True
2026-01-10 08:33:00-08:00,2026-01-10,68,False
2026-01-10 08:36:00-08:00,2026-01-10,-1,True
2026-01-10 08:39:00-08:00,2026-01-10,59,False
2026-01-10 08:42:00-08:00,2026-01-10,19,False
2026-01-10 08:45:00-08:00,2026-01-10,18,False
2026-01-10 08:48:00-08:00,2026-01-10,23,False
2026-01-10 08:51:00-08:00,2026-01-10,18,False
2026-01-10 08:54:00-08:00,2026-01-10,16,False
2026-01-10 08:57:00-08:00,2026-01-10,13,True
2026-01-10 09:00:00-08:00,2026-01-10,19,False
2026-01-10 09:03:00-08:00,2026-01-10,24,False
2026-01-10 09:06:00-08:00,2026-01-10,25,False
2026-01-10 09:09:00-08:00,2026-01-10,28,False
2026-01-10 09:12:00-08:00,2026-01-10,22,False
2026-01-10 09:15:00-08:00,2026-01-10,23,False
2026-01-10 09:18:00-08:00,2026-01-10,18,False
2026-01-10 09:21:00-08:00,2026-01-10,32,False
2026-01-10 09:24:00-08:00,2026-01-10,25,False
2026-01-10 09:27:00-08:00,2026-01-10,25,False
2026-01-10 09:30:00-08:00,2026-01-10,28,False
2026-01-10 09:33:00-08:00,2026-01-10,40,False
2026-01-10 09:36:00-08:00,2026-01-10,-1,True
2026-01-10 09:39:00-08:00,2026-01-10,-1,True
2026-01-10 09:42:00-08:00,2026-01-10,-1,True
2026-01-10 09:45:00-08:00,2026-01-10,-1,True
2026-01-10 09:48:00-08:00,2026-01-10,-2,True
2026-01-10 09:51:00-08:00,2026-01-10,58,False
2026-01-10 09:54:00-08:00,2026-01-10,25,False
2026-01-10 09:57:00-08:00,2026-01-10,31,False
2026-01-10 10:00:00-08:00,2026-01-10,-1,True
2026-01-10 10:03:00-08:00,2026-01-10,-1,True
2026-01-10 10:06:00-08:00,2026-01-10,-2,True
2026-01-10 10:09:00-08:00,2026-01-10,67,False
2026-01-10 10:12:00-08:00,2026-01-10,-1,True
2026-01-10 10:15:00-08:00,2026-01-10,-1,True
2026-01-10 10:18:00-08:00,2026-01-10,-2,True
2026-01-10 10:21:00-08:00,2026-01-10,60,False
2026-01-10 10:24:00-08:00,2026-01-10,-2,True
2026-01-10 10:27:00-08:00,2026-01-10,-1,True
2026-01-10 10:30:00-08:00,2026-01-10,-1,True
2026-01-10 10:33:00-08:00,2026-01-10,-2,True
2026-01-10 10:36:00-08:00,2026-01-10,61,False
2026-01-10 10:39:00-08:00,2026-01-10,41,False
2026-01-10 10:42:00-08:00,2026-01-10,-1,True
2026-01-10 10:45:00-08:00,2026-01-10,-1,True
2026-01-10 10:48:00-08:00,2026-01-10,50,False
2026-01-10 10:51:00-08:00,2026-01-10,40,False
2026-01-10 10:54:00-08:00,2026-01-10,32,False
2026-01-10 10:57:00-08:00,2026-01-10,31,False
2026-01-10 11:00:00-08:00,2026-01-10,49,False
2026-01-10 11:03:00-08:00,2026-01-10,27,False
2026-01-10 11:06:00-08:00,2026-01-10,30,False
2026-01-10 11:09:00-08:00,2026-01-10,20,False
2026-01-10 11:12:00-08:00,2026-01-10,32,False
2026-01-10 11:15:00-08:00,2026-01-10,32,False
2026-01-10 11:18:00-08:00,2026-01-10,32,False
2026-01-10 11:21:00-08:00,2026-01-10,-1,True
2026-01-10 11:24:00-08:00,2026-01-10,-1,True
2026-01-10 11:27:00-08:00,2026-01-10,-2,True
2026-01-10 11:30:00-08:00,2026-01-10,-2,True
2026-01-10 11:33:00-08:00,2026-01-10,-2,True
2026-01-10 11:36:00-08:00,2026-01-10,-2,True
2026-01-10 11:39:00-08:00,2026-01-10,-2,True
2026-01-10 11:42:00-08:00,2026-01-10,-2,True
2026-01-10 11:45:00-08:00,2026-01-10,-1,True
2026-01-10 11:48:00-08:00,2026-01-10,-1,True
2026-01-10 11:51:00-08:00,2026-01-10,37,False
2026-01-10 11:54:00-08:00,2026-01-10,36,False
2026-01-10 11:57:00-08:00,2026-01-10,48,False
2026-01-10 12:00:00-08:00,2026-01-10,71,False
2026-01-10 12:03:00-08:00,2026-01-10,53,False
2026-01-10 12:06:00-08:00,2026-01-10,25,False
2026-01-10 12:09:00-08:00,2026-01-10,29,False
2026-01-10 12:12:00-08:00,2026-01-10,36,False
2026-01-10 12:15:00-08:00,2026-01-10,29,False
2026-01-10 12:18:00-08:00,2026-01-10,34,False
2026-01-10 12:21:00-08:00,2026-01-10,36,False
2026-01-10 12:24:00-08:00,2026-01-10,44,False
2026-01-10 12:27:00-08:00,2026-01-10,58,False
2026-01-10 12:30:00-08:00,2026-01-10,34,False
2026-01-10 12:33:00-08:00,2026-01-10,58,False
2026-01-10 12:36:00-08:00,2026-01-10,51,False
2026-01-10 12:39:00-08:00,2026-01-10,59,False
2026-01-10 12:42:00-08:00,2026-01-10,94,False
2026-01-10 12:45:00-08:00,2026-01-10,73,False
2026-01-10 12:48:00-08:00,2026-01-10,35,False
2026-01-10 12:51:00-08:00,2026-01-10,49,False
2026-01-10 12:54:00-08:00,2026-01-10,49,False
2026-01-10 12:57:00-08:00,2026-01-10,36,False
2026-01-10 13:00:00-08:00,2026-01-10,59,False
2026-01-10 13:03:00-08:00,2026-01-10,37,False
2026-01-10 13:06:00-08:00,2026-01-10,49,False
2026-01-10 13:09:00-08:00,2026-01-10,37,False
2026-01-10 13:12:00-08:00,2026-01-10,63,False
2026-01-10 13:15:00-08:00,2026-01-10,75,False
2026-01-10 13:18:00-08:00,2026-01-10,73,False
2026-01-10 13:21:00-08:00,2026-01-10,49,False
2026-01-10 13:24:00-08:00,2026-01-10,60,False
2026-01-10 13:27:00-08:00,2026-01-10,51,False
2026-01-10 13:30:00-08:00,2026-01-10,62,False
2026-01-10 13:33:00-08:00,2026-01-10,54,False
2026-01-10 13:36:00-08:00,2026-01-10,49,False
2026-01-10 13:39:00-08:00,2026-01-10,49,False
2026-01-10 13:42:00-08:00,2026-01-10,-1,True
2026-01-10 13:45:00-08:00,2026-01-10,-2,True
2026-01-10 13:48:00-08:00,2026-01-10,-2,True
2026-01-10 13:51:00-08:00,2026-01-10,-2,True
2026-01-10 13:54:00-08:00,2026-01-10,-1,True
2026-01-10 13:57:00-08:00,2026-01-10,86,False
2026-01-10 14:00:00-08:00,2026-01-10,58,False
2026-01-10 14:03:00-08:00,2026-01-10,61,False
2026-01-10 14:06:00-08:00,2026-01-10,59,False
2026-01-10 14:09:00-08:00,2026-01-10,60,False
2026-01-10 14:12:00-08:00,2026-01-10,75,False
2026-01-10 14:15:00-08:00,2026-01-10,85,False
2026-01-10 14:18:00-08:00,2026-01-10,82,False
2026-01-10 14:21:00-08:00,2026-01-10,-2,True
2026-01-10 14:24:00-08:00,2026-01-10,-2,True
2026-01-10 14:27:00-08:00,2026-01-10,-1,True
2026-01-10 14:30:00-08:00,2026-01-10,52,False
2026-01-10 14:33:00-08:00,2026-01-10,39,False
2026-01-10 14:36:00-08:00,2026-01-10,26,False
2026-01-10 14:39:00-08:00,2026-01-10,22,False
2026-01-10 14:42:00-08:00,2026-01-10,24,False
2026-01-10 14:45:00-08:00,2026-01-10,25,False
2026-01-10 14:48:00-08:00,2026-01-10,40,False
2026-01-10 14:51:00-08:00,2026-01-10,31,False
2026-01-10 14:54:00-08:00,2026-01-10,34,False
2026-01-10 14:57:00-08:00,2026-01-10,38,False
2026-01-10 15:00:00-08:00,2026-01-10,40,False
2026-01-10 15:03:00-08:00,2026-01-10,53,False
2026-01-10 15:06:00-08:00,2026-01-10,61,False
2026-01-10 15:09:00-08:00,2026-01-10,-1,True
2026-01-10 15:12:00-08:00,2026-01-10,80,False
2026-01-10 15:15:00-08:00,2026-01-10,-1,True
2026-01-10 15:18:00-08:00,2026-01-10,62,False
2026-01-10 15:21:00-08:00,2026-01-10,43,False
2026-01-10 15:24:00-08:00,2026-01-10,57,False
2026-01-10 15:27:00-08:00,2026-01-10,81,False
2026-01-10 15:30:00-08:00,2026-01-10,45,False
2026-01-10 15:33:00-08:00,2026-01-10,35,False
2026-01-10 15:36:00-08:00,2026-01-10,21,False
2026-01-10 15:39:00-08:00,2026-01-10,37,False
2026-01-10 15:42:00-08:00,2026-01-10,43,False
2026-01-10 15:45:00-08:00,2026-01-10,32,False
2026-01-10 15:48:00-08:00,2026-01-10,34,False
2026-01-10 15:51:00-08:00,2026-01-10,49,False
2026-01-10 15:54:00-08:00,2026-01-10,39,False
2026-01-10 15:57:00-08:00,2026-01-10,48,False
2026-01-10 16:00:00-08:00,2026-01-10,-1,True
2026-01-10 16:03:00-08:00,2026-01-10,-1,True
2026-01-10 16:06:00-08:00,2026-01-10,-2,True
2026-01-10 16:09:00-08:00,2026-01-10,-2,True
2026-01-10 16:12:00-08:00,2026-01-10,-2,True
2026-01-10 16:15:00-08:00,2026-01-10,-2,True
2026-01-10 16:18:00-08:00,2026-01-10,-2,True
2026-01-10 16:21:00-08:00,2026-01-10,-2,True
2026-01-10 16:24:00-08:00,2026-01-10,-2,True
2026-01-10 16:27:00-08:00,2026-01-10,-2,True
2026-01-10 16:30:00-08:00,2026-01-10,-2,True
2026-01-10 16:33:00-08:00,2026-01-10,-2,True
2026-01-10 16:36:00-08:00,2026-01-10,-2,True
2026-01-10 16:39:00-08:00,2026-01-10,-2,True
2026-01-10 16:42:00-08:00,2026-01-10,-2,True
2026-01-10 16:45:00-08:00,2026-01-10,-2,True
2026-01-10 16:48:00-08:00,2026-01-10,-2,True
2026-01-10 16:51:00-08:00,2026-01-10,-2,True
2026-01-10 16:54:00-08:00,2026-01-10,-2,True
2026-01-10 16:57:00-08:00,2026-01-10,-1,True
2026-01-10 17:00:00-08:00,2026-01-10,-1,True
2026-01-10 17:03:00-08:00,2026-01-10,-2,True
2026-01-10 17:06:00-08:00,2026-01-10,-2,True
2026-01-10 17:09:00-08:00,2026-01-10,-2,True
2026-01-10 17:12:00-08:00,2026-01-10,-1,True
2026-01-10 17:15:00-08:00,2026-01-10,-1,True
2026-01-10 17:18:00-08:00,2026-01-10,-2,True
2026-01-10 17:21:00-08:00,2026-01-10,-1,True
2026-01-10 17:24:00-08:00,2026-01-10,-1,True
2026-01-10 17:27:00-08:00,2026-01-10,-1,True
2026-01-10 17:30:00-08:00,2026-01-10,-1,True
2026-01-10 17:33:00-08:00,2026-01-10,-1,True
2026-01-10 17:36:00-08:00,2026-01-10,-1,True
2026-01-10 17:39:00-08:00,2026-01-10,-2,True
2026-01-10 17:42:00-08:00,2026-01-10,-1,True
2026-01-10 17:45:00-08:00,2026-01-10,-2,True
2026-01-10 17:48:00-08:00,2026-01-10,87,False
2026-01-10 17:51:00-08:00,2026-01-10,76,False
2026-01-10 17:54:00-08:00,2026-01-10,77,False
2026-01-10 17:57:00-08:00,2026-01-10,-1,True
2026-01-10 18:00:00-08:00,2026-01-10,-1,True
2026-01-10 18:03:00-08:00,2026-01-10,-1,True
2026-01-10 18:06:00-08:00,2026-01-10,42,False
2026-01-10 18:09:00-08:00,2026-01-10,21,False
2026-01-10 18:12:00-08:00,2026-01-10,29,False
2026-01-10 18:15:00-08:00,2026-01-10,25,False
2026-01-10 18:18:00-08:00,2026-01-10,43,False
2026-01-10 18:21:00-08:00,2026-01-10,37,False
2026-01-10 18:24:00-08:00,2026-01-10,36,False
2026-01-10 18:27:00-08:00,2026-01-10,20,False
2026-01-10 18:30:00-08:00,2026-01-10,31,False
2026-01-10 18:33:00-08:00,2026-01-10,25,False
2026-01-10 18:36:00-08:00,2026-01-10,31,False
2026-01-10 18:39:00-08:00,2026-01-10,19,False
2026-01-10 18:42:00-08:00,2026-01-10,31,False
2026-01-10 18:45:00-08:00,2026-01-10,26,False
2026-01-10 18:48:00-08:00,2026-01-10,24,False
2026-01-10 18:51:00-08:00,2026-01-10,28,False
2026-01-10 18:54:00-08:00,2026-01-10,28,False
2026-01-10 18:57:00-08:00,2026-01-10,38,False
2026-01-10 19:00:00-08:00,2026-01-10,28,False
2026-01-10 19:03:00-08:00,2026-01-10,28,False
2026-01-10 19:06:00-08:00,2026-01-10,32,False
2026-01-10 19:09:00-08:00,2026-01-10,47,False
2026-01-10 19:12:00-08:00,2026-01-10,23,False
2026-01-10 19:15:00-08:00,2026-01-10,34,False
2026-01-10 19:18:00-08:00,2026-01-10,40,False
2026-01-10 19:21:00-08:00,2026-01-10,26,False
2026-01-10 19:24:00-08:00,2026-01-10,25,False
2026-01-10 19:27:00-08:00,2026-01-10,24,False
2026-01-10 19:30:00-08:00,2026-01-10,22,False
2026-01-10 19:33:00-08:00,2026-01-10,24,False
2026-01-10 19:36:00-08:00,2026-01-10,21,False
2026-01-10 19:39:00-08:00,2026-01-10,20,False
2026-01-10 19:42:00-08:00,2026-01-10,21,False
2026-01-10 19:45:00-08:00,2026-01-10,20,False
2026-01-10 19:48:00-08:00,2026-01-10,31,False
2026-01-10 19:51:00-08:00,2026-01-10,27,False
2026-01-10 19:54:00-08:00,2026-01-10,17,False
2026-01-10 19:57:00-08:00,2026-01-10,21,False
2026-01-10 20:00:00-08:00,2026-01-10,19,False
2026-01-10 20:03:00-08:00,2026-01-10,17,False
2026-01-10 20:06:00-08:00,2026-01-10,20,False
2026-01-10 20:09:00-08:00,2026-01-10,23,False
2026-01-10 20:12:00-08:00,2026-01-10,22,False
2026-01-10 20:15:00-08:00,2026-01-10,17,False
2026-01-10 20:18:00-08:00,2026-01-10,20,False
2026-01-10 20:21:00-08:00,2026-01-10,17,False
2026-01-10 20:24:00-08:00,2026-01-10,17,False
2026-01-10 20:27:00-08:00,2026-01-10,18,False
2026-01-10 20:30:00-08:00,2026-01-10,20,False
2026-01-10 20:33:00-08:00,2026-01-10,16,False
2026-01-10 20:36:00-08:00,2026-01-10,15,False
2026-01-10 20:39:00-08:00,2026-01-10,25,False
2026-01-10 20:42:00-08:00,2026-01-10,25,False
2026-01-10 20:45:00-08:00,2026-01-10,37,False
2026-01-10 20:48:00-08:00,2026-01-10,51,False
2026-01-10 20:51:00-08:00,2026-01-10,55,False
2026-01-10 20:54:00-08:00,2026-01-10,31,False
2026-01-10 20:57:00-08:00,2026-01-10,25,False
2026-01-10 21:00:00-08:00,2026-01-10,32,False
2026-01-10 21:03:00-08:00,2026-01-10,29,False
2026-01-10 21:06:00-08:00,2026-01-10,30,False
2026-01-10 21:09:00-08:00,2026-01-10,28,False
2026-01-10 21:12:00-08:00,2026-01-10,37,False
2026-01-10 21:15:00-08:00,2026-01-10,25,False
2026-01-10 21:18:00-08:00,2026-01-10,23,False
2026-01-10 21:21:00-08:00,2026-01-10,22,False
2026-01-10 21:24:00-08:00,2026-01-10,17,False
2026-01-10 21:27:00-08:00,2026-01-10,21,False
2026-01-10 21:30:00-08:00,2026-01-10,15,False
2026-01-10 21:33:00-08:00,2026-01-10,17,False
2026-01-10 21:36:00-08:00,2026-01-10,22,False
2026-01-10 21:39:00-08:00,2026-01-10,-2,True
2026-01-10 21:42:00-08:00,2026-01-10,-2,True
2026-01-10 21:45:00-08:00,2026-01-10,-2,True
2026-01-10 21:48:00-08:00,2026-01-10,61,False
2026-01-10 21:51:00-08:00,2026-01-10,45,False
2026-01-10 21:54:00-08:00,2026-01-10,25,False
2026-01-10 21:57:00-08:00,2026-01-10,14,True
2026-01-10 22:00:00-08:00,2026-01-10,16,False
2026-01-10 22:03:00-08:00,2026-01-10,18,False
2026-01-10 22:06:00-08:00,2026-01-10,14,True
2026-01-10 22:09:00-08:00,2026-01-10,16,False
2026-01-10 22:12:00-08:00,2026-01-10,13,True
2026-01-10 22:15:00-08:00,2026-01-10,13,True
2026-01-10 22:18:00-08:00,2026-01-10,13,True
2026-01-10 22:21:00-08:00,2026-01-10,14,True
2026-01-10 22:24:00-08:00,2026-01-10,11,True
2026-01-10 22:27:00-08:00,2026-01-10,15,False
2026-01-10 22:30:00-08:00,2026-01-10,11,True
2026-01-10 22:33:00-08:00,2026-01-10,15,False
2026-01-10 22:36:00-08:00,2026-01-10,14,True
2026-01-10 22:39:00-08:00,2026-01-10,13,True
2026-01-10 22:42:00-08:00,2026-01-10,7,True
2026-01-10 22:45:00-08:00,2026-01-10,8,True
2026-01-10 22:48:00-08:00,2026-01-10,12,True
2026-01-10 22:51:00-08:00,2026-01-10,8,True
2026-01-10 22:54:00-08:00,2026-01-10,6,True
2026-01-10 22:57:00-08:00,2026-01-10,11,True
2026-01-10 23:00:00-08:00,2026-01-10,11,True
2026-01-10 23:03:00-08:00,2026-01-10,12,True
2026-01-10 23:06:00-08:00,2026-01-10,19,False
2026-01-10 23:09:00-08:00,2026-01-10,-1,True
2026-01-10 23:12:00-08:00,2026-01-10,-1,True
2026-01-10 23:15:00-08:00,2026-01-10,20,False
2026-01-10 23:18:00-08:00,2026-01-10,7,True
2026-01-10 23:21:00-08:00,2026-01-10,10,True
2026-01-10 23:24:00-08:00,2026-01-10,17,False
2026-01-10 23:27:00-08:00,2026-01-10,12,True
2026-01-10 23:30:00-08:00,2026-01-10,12,True
2026-01-10 23:33:00-08:00,2026-01-10,7,True
2026-01-10 23:36:00-08:00,2026-01-10,9,True
2026-01-10 23:39:00-08:00,2026-01-10,6,True
2026-01-10 23:42:00-08:00,2026-01-10,11,True
2026-01-10 23:45:00-08:00,2026-01-10,10,True
2026-01-10 23:48:00-08:00,2026-01-10,8,True
2026-01-10 23:51:00-08:00,2026-01-10,10,True
2026-01-10 23:54:00-08:00,2026-01-10,10,True
2026-01-10 23:57:00-08:00,2026-01-10,12,True
2026-01-11 00:00:00-08:00,2026-01-11,11,True
2026-01-11 00:03:00-08:00,2026-01-11,11,True
2026-01-11 00:06:00-08:00,2026-01-11,13,True
2026-01-11 00:09:00-08:00,2026-01-11,7,True
2026-01-11 00:12:00-08:00,2026-01-11,7,True
2026-01-11 00:15:00-08:00,2026-01-11,6,True
2026-01-11 00:18:00-08:00,2026-01-11,9,True
2026-01-11 00:21:00-08:00,2026-01-11,7,True
2026-01-11 00:24:00-08:00,2026-01-11,8,True
2026-01-11 00:27:00-08:00,2026-01-11,6,True
2026-01-11 00:30:00-08:00,2026-01-11,21,False
2026-01-11 00:33:00-08:00,2026-01-11,9,True
2026-01-11 00:36:00-08:00,2026-01-11,11,True
2026-01-11 00:39:00-08:00,2026-01-11,9,True
2026-01-11 00:42:00-08:00,2026-01-11,15,False
2026-01-11 00:45:00-08:00,2026-01-11,15,False
2026-01-11 00:48:00-08:00,2026-01-11,18,False
2026-01-11 00:51:00-08:00,2026-01-11,12,True
2026-01-11 00:54:00-08:00,2026-01-11,28,False
2026-01-11 00:57:00-08:00,2026-01-11,10,True
2026-01-11 01:00:00-08:00,2026-01-11,8,True
2026-01-11 01:03:00-08:00,2026-01-11,13,True
2026-01-11 01:06:00-08:00,2026-01-11,16,False
2026-01-11 01:09:00-08:00,2026-01-11,16,False
2026-01-11 01:12:00-08:00,2026-01-11,11,True
2026-01-11 01:15:00-08:00,2026-01-11,12,True
2026-01-11 01:18:00-08:00,2026-01-11,16,False
2026-01-11 01:21:00-08:00,2026-01-11,11,True
2026-01-11 01:24:00-08:00,2026-01-11,15,False
2026-01-11 01:27:00-08:00,2026-01-11,17,False
2026-01-11 01:30:00-08:00,2026-01-11,19,False
2026-01-11 01:33:00-08:00,2026-01-11,18,False
2026-01-11 01:36:00-08:00,2026-01-11,18,False
2026-01-11 01:39:00-08:00,2026-01-11,18,False
2026-01-11 01:42:00-08:00,2026-01-11,18,False
2026-01-11 01:45:00-08:00,2026-01-11,15,False
2026-01-11 01:48:00-08:00,2026-01-11,15,False
2026-01-11 01:51:00-08:00,2026-01-11,16,False
2026-01-11 01:54:00-08:00,2026-01-11,13,True
2026-01-11 01:57:00-08:00,2026-01-11,14,True
2026-01-11 02:00:00-08:00,2026-01-11,16,False
2026-01-11 02:03:00-08:00,2026-01-11,15,False
2026-01-11 02:06:00-08:00,2026-01-11,6,True
2026-01-11 02:09:00-08:00,2026-01-11,8,True
2026-01-11 02:12:00-08:00,2026-01-11,9,True
2026-01-11 02:15:00-08:00,2026-01-11,13,True
2026-01-11 02:18:00-08:00,2026-01-11,12,True
2026-01-11 02:21:00-08:00,2026-01-11,12,True
2026-01-11 02:24:00-08:00,2026-01-11,10,True
2026-01-11 02:27:00-08:00,2026-01-11,8,True
2026-01-11 02:30:00-08:00,2026-01-11,5,True
2026-01-11 02:33:00-08:00,2026-01-11,6,True
2026-01-11 02:36:00-08:00,2026-01-11,8,True
2026-01-11 02:39:00-08:00,2026-01-11,13,True
2026-01-11 02:42:00-08:00,2026-01-11,13,True
2026-01-11 02:45:00-08:00,2026-01-11,11,True
2026-01-11 02:48:00-08:00,2026-01-11,6,True
2026-01-11 02:51:00-08:00,2026-01-11,6,True
2026-01-11 02:54:00-08:00,2026-01-11,7,True
2026-01-11 02:57:00-08:00,2026-01-11,11,True
2026-01-11 03:00:00-08:00,2026-01-11,8,True
2026-01-11 03:03:00-08:00,2026-01-11,6,True
2026-01-11 03:06:00-08:00,2026-01-11,4,True
2026-01-11 03:09:00-08:00,2026-01-11,7,True
2026-01-11 03:12:00-08:00,2026-01-11,6,True
2026-01-11 03:15:00-08:00,2026-01-11,8,True
2026-01-11 03:18:00-08:00,2026-01-11,16,False
2026-01-11 03:21:00-08:00,2026-01-11,16,False
2026-01-11 03:24:00-08:00,2026-01-11,17,False
2026-01-11 03:27:00-08:00,2026-01-11,17,False
2026-01-11 03:30:00-08:00,2026-01-11,18,False
2026-01-11 03:33:00-08:00,2026-01-11,18,False
2026-01-11 03:36:00-08:00,2026-01-11,17,False
2026-01-11 03:39:00-08:00,2026-01-11,16,False
2026-01-11 03:42:00-08:00,2026-01-11,15,False
2026-01-11 03:45:00-08:00,2026-01-11,15,False
2026-01-11 03:48:00-08:00,2026-01-11,16,False
2026-01-11 03:51:00-08:00,2026-01-11,16,False
2026-01-11 03:54:00-08:00,2026-01-11,14,True
2026-01-11 03:57:00-08:00,2026-01-11,12,True
2026-01-11 04:00:00-08:00,2026-01-11,12,True
2026-01-11 04:03:00-08:00,2026-01-11,15,False
2026-01-11 04:06:00-08:00,2026-01-11,15,False
2026-01-11 04:09:00-08:00,2026-01-11,16,False
2026-01-11 04:12:00-08:00,2026-01-11,18,False
2026-01-11 04:15:00-08:00,2026-01-11,19,False
2026-01-11 04:18:00-08:00,2026-01-11,17,False
2026-01-11 04:21:00-08:00,2026-01-11,18,False
2026-01-11 04:24:00-08:00,2026-01-11,17,False
2026-01-11 04:27:00-08:00,2026-01-11,17,False
2026-01-11 04:30:00-08:00,2026-01-11,17,False
2026-01-11 04:33:00-08:00,2026-01-11,13,True
2026-01-11 04:36:00-08:00,2026-01-11,8,True
2026-01-11 04:39:00-08:00,2026-01-11,6,True
2026-01-11 04:42:00-08:00,2026-01-11,11,True
2026-01-11 04:45:00-08:00,2026-01-11,13,True
2026-01-11 04:48:00-08:00,2026-01-11,12,True
2026-01-11 04:51:00-08:00,2026-01-11,16,False
2026-01-11 04:54:00-08:00,2026-01-11,16,False
2026-01-11 04:57:00-08:00,2026-01-11,14,True
2026-01-11 05:00:00-08:00,2026-01-11,13,True
2026-01-11 05:03:00-08:00,2026-01-11,15,False
2026-01-11 05:06:00-08:00,2026-01-11,19,False
2026-01-11 05:09:00-08:00,2026-01-11,15,False
2026-01-11 05:12:00-08:00,2026-01-11,15,False
2026-01-11 05:15:00-08:00,2026-01-11,16,False
2026-01-11 05:18:00-08:00,2026-01-11,13,True
2026-01-11 05:21:00-08:00,2026-01-11,15,False
2026-01-11 05:24:00-08:00,2026-01-11,12,True
2026-01-11 05:27:00-08:00,2026-01-11,16,False
2026-01-11 05:30:00-08:00,2026-01-11,13,True
2026-01-11 05:33:00-08:00,2026-01-11,13,True
2026-01-11 05:36:00-08:00,2026-01-11,13,True
2026-01-11 05:39:00-08:00,2026-01-11,13,True
2026-01-11 05:42:00-08:00,2026-01-11,15,False
2026-01-11 05:45:00-08:00,2026-01-11,9,True
2026-01-11 05:48:00-08:00,2026-01-11,6,True
2026-01-11 05:51:00-08:00,2026-01-11,8,True
2026-01-11 05:54:00-08:00,2026-01-11,6,True
2026-01-11 05:57:00-08:00,2026-01-11,3,True
2026-01-11 06:00:00-08:00,2026-01-11,12,True
2026-01-11 06:03:00-08:00,2026-01-11,9,True
2026-01-11 06:06:00-08:00,2026-01-11,10,True
2026-01-11 06:09:00-08:00,2026-01-11,11,True
2026-01-11 06:12:00-08:00,2026-01-11,10,True
2026-01-11 06:15:00-08:00,2026-01-11,10,True
2026-01-11 06:18:00-08:00,2026-01-11,18,False
2026-01-11 06:21:00-08:00,2026-01-11,17,False
2026-01-11 06:24:00-08:00,2026-01-11,35,False
2026-01-11 06:27:00-08:00,2026-01-11,18,False
2026-01-11 06:30:00-08:00,2026-01-11,13,True
2026-01-11 06:33:00-08:00,2026-01-11,11,True
2026-01-11 06:36:00-08:00,2026-01-11,11,True
2026-01-11 06:39:00-08:00,2026-01-11,8,True
2026-01-11 06:42:00-08:00,2026-01-11,11,True
2026-01-11 06:45:00-08:00,2026-01-11,11,True
2026-01-11 06:48:00-08:00,2026-01-11,9,True
2026-01-11 06:51:00-08:00,2026-01-11,10,True
2026-01-11 06:54:00-08:00,2026-01-11,11,True
2026-01-11 06:57:00-08:00,2026-01-11,12,True
2026-01-11 07:00:00-08:00,2026-01-11,9,True
2026-01-11 07:03:00-08:00,2026-01-11,15,False
2026-01-11 07:06:00-08:00,2026-01-11,16,False
2026-01-11 07:09:00-08:00,2026-01-11,17,False
2026-01-11 07:12:00-08:00,2026-01-11,20,False
2026-01-11 07:15:00-08:00,2026-01-11,18,False
2026-01-11 07:18:00-08:00,2026-01-11,13,True
2026-01-11 07:21:00-08:00,2026-01-11,10,True
2026-01-11 07:24:00-08:00,2026-01-11,10,True
2026-01-11 07:27:00-08:00,2026-01-11,11,True
2026-01-11 07:30:00-08:00,2026-01-11,8,True
2026-01-11 07:33:00-08:00,2026-01-11,10,True
2026-01-11 07:36:00-08:00,2026-01-11,12,True
2026-01-11 07:39:00-08:00,2026-01-11,15,False
2026-01-11 07:42:00-08:00,2026-01-11,18,False
2026-01-11 07:45:00-08:00,2026-01-11,18,False
2026-01-11 07:48:00-08:00,2026-01-11,18,False
2026-01-11 07:51:00-08:00,2026-01-11,19,False
2026-01-11 07:54:00-08:00,2026-01-11,15,False
2026-01-11 07:57:00-08:00,2026-01-11,15,False
2026-01-11 08:00:00-08:00,2026-01-11,8,True
2026-01-11 08:03:00-08:00,2026-01-11,13,True
2026-01-11 08:06:00-08:00,2026-01-11,17,False
2026-01-11 08:09:00-08:00,2026-01-11,16,False
2026-01-11 08:12:00-08:00,2026-01-11,38,False
2026-01-11 08:15:00-08:00,2026-01-11,45,False
2026-01-11 08:18:00-08:00,2026-01-11,39,False
2026-01-11 08:21:00-08:00,2026-01-11,28,False
2026-01-11 08:24:00-08:00,2026-01-11,53,False
2026-01-11 08:27:00-08:00,2026-01-11,42,False
2026-01-11 08:30:00-08:00,2026-01-11,46,False
2026-01-11 08:33:00-08:00,2026-01-11,46,False
2026-01-11 08:36:00-08:00,2026-01-11,31,False
2026-01-11 08:39:00-08:00,2026-01-11,25,False
2026-01-11 08:42:00-08:00,2026-01-11,25,False
2026-01-11 08:45:00-08:00,2026-01-11,28,False
2026-01-11 08:48:00-08:00,2026-01-11,27,False
2026-01-11 08:51:00-08:00,2026-01-11,-1,True
2026-01-11 08:54:00-08:00,2026-01-11,-2,True
2026-01-11 08:57:00-08:00,2026-01-11,71,False
2026-01-11 09:00:00-08:00,2026-01-11,40,False
2026-01-11 09:03:00-08:00,2026-01-11,42,False
2026-01-11 09:06:00-08:00,2026-01-11,27,False
2026-01-11 09:09:00-08:00,2026-01-11,52,False
2026-01-11 09:12:00-08:00,2026-01-11,37,False
2026-01-11 09:15:00-08:00,2026-01-11,31,False
2026-01-11 09:18:00-08:00,2026-01-11,25,False
2026-01-11 09:21:00-08:00,2026-01-11,25,False
2026-01-11 09:24:00-08:00,2026-01-11,66,False
2026-01-11 09:27:00-08:00,2026-01-11,39,False
2026-01-11 09:30:00-08:00,2026-01-11,27,False
2026-01-11 09:33:00-08:00,2026-01-11,47,False
2026-01-11 09:36:00-08:00,2026-01-11,24,False
2026-01-11 09:39:00-08:00,2026-01-11,29,False
2026-01-11 09:42:00-08:00,2026-01-11,34,False
2026-01-11 09:45:00-08:00,2026-01-11,25,False
2026-01-11 09:48:00-08:00,2026-01-11,24,False
2026-01-11 09:51:00-08:00,2026-01-11,48,False
2026-01-11 09:54:00-08:00,2026-01-11,28,False
2026-01-11 09:57:00-08:00,2026-01-11,33,False
2026-01-11 10:00:00-08:00,2026-01-11,31,False
2026-01-11 10:03:00-08:00,2026-01-11,-2,True
2026-01-11 10:06:00-08:00,2026-01-11,44,False
2026-01-11 10:09:00-08:00,2026-01-11,23,False
2026-01-11 10:12:00-08:00,2026-01-11,27,False
2026-01-11 10:15:00-08:00,2026-01-11,-1,True
2026-01-11 10:18:00-08:00,2026-01-11,74,False
2026-01-11 10:21:00-08:00,2026-01-11,55,False
2026-01-11 10:24:00-08:00,2026-01-11,95,False
2026-01-11 10:27:00-08:00,2026-01-11,47,False
2026-01-11 10:30:00-08:00,2026-01-11,-1,True
2026-01-11 10:33:00-08:00,2026-01-11,-1,True
2026-01-11 10:36:00-08:00,2026-01-11,82,False
2026-01-11 10:39:00-08:00,2026-01-11,-1,True
2026-01-11 10:42:00-08:00,2026-01-11,83,False
2026-01-11 10:45:00-08:00,2026-01-11,52,False
2026-01-11 10:48:00-08:00,2026-01-11,46,False
2026-01-11 10:51:00-08:00,2026-01-11,-1,True
2026-01-11 10:54:00-08:00,2026-01-11,54,False
2026-01-11 10:57:00-08:00,2026-01-11,43,False
2026-01-11 11:00:00-08:00,2026-01-11,34,False
2026-01-11 11:03:00-08:00,2026-01-11,41,False
2026-01-11 11:06:00-08:00,2026-01-11,25,False
2026-01-11 11:09:00-08:00,2026-01-11,45,False
2026-01-11 11:12:00-08:00,2026-01-11,49,False
2026-01-11 11:15:00-08:00,2026-01-11,54,False
2026-01-11 11:18:00-08:00,2026-01-11,31,False
2026-01-11 11:21:00-08:00,2026-01-11,39,False
2026-01-11 11:24:00-08:00,2026-01-11,21,False
2026-01-11 11:27:00-08:00,2026-01-11,24,False
2026-01-11 11:30:00-08:00,2026-01-11,25,False
2026-01-11 11:33:00-08:00,2026-01-11,20,False
2026-01-11 11:36:00-08:00,2026-01-11,15,False
2026-01-11 11:39:00-08:00,2026-01-11,19,False
2026-01-11 11:42:00-08:00,2026-01-11,20,False
2026-01-11 11:45:00-08:00,2026-01-11,19,False
2026-01-11 11:48:00-08:00,2026-01-11,21,False
2026-01-11 11:51:00-08:00,2026-01-11,22,False
2026-01-11 11:54:00-08:00,2026-01-11,25,False
2026-01-11 11:57:00-08:00,2026-01-11,-2,True
2026-01-11 12:00:00-08:00,2026-01-11,-1,True
2026-01-11 12:03:00-08:00,2026-01-11,-1,True
2026-01-11 12:06:00-08:00,2026-01-11,-2,True
2026-01-11 12:09:00-08:00,2026-01-11,-1,True
2026-01-11 12:12:00-08:00,2026-01-11,80,False
2026-01-11 12:15:00-08:00,2026-01-11,79,False
2026-01-11 12:18:00-08:00,2026-01-11,70,False
2026-01-11 12:21:00-08:00,2026-01-11,65,False
2026-01-11 12:24:00-08:00,2026-01-11,69,False
2026-01-11 12:27:00-08:00,2026-01-11,-1,True
2026-01-11 12:30:00-08:00,2026-01-11,-2,True
2026-01-11 12:33:00-08:00,2026-01-11,-2,True
2026-01-11 12:36:00-08:00,2026-01-11,-2,True
2026-01-11 12:39:00-08:00,2026-01-11,-2,True
2026-01-11 12:42:00-08:00,2026-01-11,70,False
2026-01-11 12:45:00-08:00,2026-01-11,63,False
2026-01-11 12:48:00-08:00,2026-01-11,65,False
2026-01-11 12:51:00-08:00,2026-01-11,63,False
2026-01-11 12:54:00-08:00,2026-01-11,50,False
2026-01-11 12:57:00-08:00,2026-01-11,60,False
2026-01-11 13:00:00-08:00,2026-01-11,76,False
2026-01-11 13:03:00-08:00,2026-01-11,70,False
2026-01-11 13:06:00-08:00,2026-01-11,77,False
2026-01-11 13:09:00-08:00,2026-01-11,72,False
2026-01-11 13:12:00-08:00,2026-01-11,66,False
2026-01-11 13:15:00-08:00,2026-01-11,69,False
2026-01-11 13:18:00-08:00,2026-01-11,64,False
2026-01-11 13:21:00-08:00,2026-01-11,64,False
2026-01-11 13:24:00-08:00,2026-01-11,55,False
2026-01-11 13:27:00-08:00,2026-01-11,-1,True
2026-01-11 13:30:00-08:00,2026-01-11,96,False
2026-01-11 13:33:00-08:00,2026-01-11,88,False
2026-01-11 13:36:00-08:00,2026-01-11,79,False
2026-01-11 13:39:00-08:00,2026-01-11,76,False
2026-01-11 13:42:00-08:00,2026-01-11,96,False
2026-01-11 13:45:00-08:00,2026-01-11,97,False
2026-01-11 13:48:00-08:00,2026-01-11,98,False
2026-01-11 13:51:00-08:00,2026-01-11,90,False
2026-01-11 13:54:00-08:00,2026-01-11,93,False
2026-01-11 13:57:00-08:00,2026-01-11,95,False
2026-01-11 14:00:00-08:00,2026-01-11,97,False
2026-01-11 14:03:00-08:00,2026-01-11,94,False
2026-01-11 14:06:00-08:00,2026-01-11,96,False
2026-01-11 14:09:00-08:00,2026-01-11,94,False
2026-01-11 14:12:00-08:00,2026-01-11,97,False
2026-01-11 14:15:00-08:00,2026-01-11,97,False
2026-01-11 14:18:00-08:00,2026-01-11,97,False
2026-01-11 14:21:00-08:00,2026-01-11,90,False
2026-01-11 14:24:00-08:00,2026-01-11,82,False
2026-01-11 14:27:00-08:00,2026-01-11,97,False
2026-01-11 14:30:00-08:00,2026-01-11,98,False
2026-01-11 14:33:00-08:00,2026-01-11,99,False
2026-01-11 14:36:00-08:00,2026-01-11,98,False
2026-01-11 14:39:00-08:00,2026-01-11,93,False
2026-01-11 14:42:00-08:00,2026-01-11,-2,True
2026-01-11 14:45:00-08:00,2026-01-11,98,False
2026-01-11 14:48:00-08:00,2026-01-11,96,False
2026-01-11 14:51:00-08:00,2026-01-11,96,False
2026-01-11 14:54:00-08:00,2026-01-11,91,False
2026-01-11 14:57:00-08:00,2026-01-11,89,False
2026-01-11 15:00:00-08:00,2026-01-11,-1,True
2026-01-11 15:03:00-08:00,2026-01-11,-1,True
2026-01-11 15:06:00-08:00,2026-01-11,-1,True
2026-01-11 15:09:00-08:00,2026-01-11,-1,True
2026-01-11 15:12:00-08:00,2026-01-11,-1,True
2026-01-11 15:15:00-08:00,2026-01-11,-1,True
2026-01-11 15:18:00-08:00,2026-01-11,78,False
2026-01-11 15:21:00-08:00,2026-01-11,73,False
2026-01-11 15:24:00-08:00,2026-01-11,73,False
2026-01-11 15:27:00-08:00,2026-01-11,68,False
2026-01-11 15:30:00-08:00,2026-01-11,57,False
2026-01-11 15:33:00-08:00,2026-01-11,69,False
2026-01-11 15:36:00-08:00,2026-01-11,67,False
2026-01-11 15:39:00-08:00,2026-01-11,-1,True
2026-01-11 15:42:00-08:00,2026-01-11,-2,True
2026-01-11 15:45:00-08:00,2026-01-11,-2,True
2026-01-11 15:48:00-08:00,2026-01-11,-2,True
2026-01-11 15:51:00-08:00,2026-01-11,-2,True
2026-01-11 15:54:00-08:00,2026-01-11,-1,True
2026-01-11 15:57:00-08:00,2026-01-11,-2,True
2026-01-11 16:00:00-08:00,2026-01-11,-1,True
2026-01-11 16:03:00-08:00,2026-01-11,-1,True
2026-01-11 16:06:00-08:00,2026-01-11,96,False
2026-01-11 16:09:00-08:00,2026-01-11,96,False
2026-01-11 16:12:00-08:00,2026-01-11,-1,True
2026-01-11 16:15:00-08:00,2026-01-11,-1,True
2026-01-11 16:18:00-08:00,2026-01-11,90,False
2026-01-11 16:21:00-08:00,2026-01-11,88,False
2026-01-11 16:24:00-08:00,2026-01-11,79,False
2026-01-11 16:27:00-08:00,2026-01-11,83,False
2026-01-11 16:30:00-08:00,2026-01-11,-2,True
2026-01-11 16:33:00-08:00,2026-01-11,90,False
2026-01-11 16:36:00-08:00,2026-01-11,76,False
2026-01-11 16:39:00-08:00,2026-01-11,73,False
2026-01-11 16:42:00-08:00,2026-01-11,59,False
2026-01-11 16:45:00-08:00,2026-01-11,-2,True
2026-01-11 16:48:00-08:00,2026-01-11,-1,True
2026-01-11 16:51:00-08:00,2026-01-11,55,False
2026-01-11 16:54:00-08:00,2026-01-11,38,False
2026-01-11 16:57:00-08:00,2026-01-11,47,False
2026-01-11 17:00:00-08:00,2026-01-11,42,False
2026-01-11 17:03:00-08:00,2026-01-11,36,False
2026-01-11 17:06:00-08:00,2026-01-11,40,False
2026-01-11 17:09:00-08:00,2026-01-11,40,False
2026-01-11 17:12:00-08:00,2026-01-11,38,False
2026-01-11 17:15:00-08:00,2026-01-11,32,False
2026-01-11 17:18:00-08:00,2026-01-11,43,False
2026-01-11 17:21:00-08:00,2026-01-11,42,False
2026-01-11 17:24:00-08:00,2026-01-11,36,False
2026-01-11 17:27:00-08:00,2026-01-11,43,False
2026-01-11 17:30:00-08:00,2026-01-11,55,False
2026-01-11 17:33:00-08:00,2026-01-11,58,False
2026-01-11 17:36:00-08:00,2026-01-11,49,False
2026-01-11 17:39:00-08:00,2026-01-11,-2,True
2026-01-11 17:42:00-08:00,2026-01-11,-2,True
2026-01-11 17:45:00-08:00,2026-01-11,-1,True
2026-01-11 17:48:00-08:00,2026-01-11,-2,True
2026-01-11 17:51:00-08:00,2026-01-11,-2,True
2026-01-11 17:54:00-08:00,2026-01-11,-2,True
2026-01-11 17:57:00-08:00,2026-01-11,-2,True
2026-01-11 18:00:00-08:00,2026-01-11,-1,True
2026-01-11 18:03:00-08:00,2026-01-11,60,False
2026-01-11 18:06:00-08:00,2026-01-11,59,False
2026-01-11 18:09:00-08:00,2026-01-11,58,False
2026-01-11 18:12:00-08:00,2026-01-11,64,False
2026-01-11 18:15:00-08:00,2026-01-11,72,False
2026-01-11 18:18:00-08:00,2026-01-11,65,False
2026-01-11 18:21:00-08:00,2026-01-11,76,False
2026-01-11 18:24:00-08:00,2026-01-11,77,False
2026-01-11 18:27:00-08:00,2026-01-11,74,False
2026-01-11 18:30:00-08:00,2026-01-11,61,False
2026-01-11 18:33:00-08:00,2026-01-11,73,False
2026-01-11 18:36:00-08:00,2026-01-11,70,False
2026-01-11 18:39:00-08:00,2026-01-11,70,False
2026-01-11 18:42:00-08:00,2026-01-11,59,False
2026-01-11 18:45:00-08:00,2026-01-11,69,False
2026-01-11 18:48:00-08:00,2026-01-11,67,False
2026-01-11 18:51:00-08:00,2026-01-11,70,False
2026-01-11 18:54:00-08:00,2026-01-11,61,False
2026-01-11 18:57:00-08:00,2026-01-11,68,False
2026-01-11 19:00:00-08:00,2026-01-11,67,False
2026-01-11 19:03:00-08:00,2026-01-11,72,False
2026-01-11 19:06:00-08:00,2026-01-11,63,False
2026-01-11 19:09:00-08:00,2026-01-11,70,False
2026-01-11 19:12:00-08:00,2026-01-11,73,False
2026-01-11 19:15:00-08:00,2026-01-11,-1,True
2026-01-11 19:18:00-08:00,2026-01-11,-2,True
2026-01-11 19:21:00-08:00,2026-01-11,-1,True
2026-01-11 19:24:00-08:00,2026-01-11,66,False
2026-01-11 19:27:00-08:00,2026-01-11,80,False
2026-01-11 19:30:00-08:00,2026-01-11,82,False
2026-01-11 19:33:00-08:00,2026-01-11,85,False
2026-01-11 19:36:00-08:00,2026-01-11,-1,True
2026-01-11 19:39:00-08:00,2026-01-11,-1,True
2026-01-11 19:42:00-08:00,2026-01-11,-1,True
2026-01-11 19:45:00-08:00,2026-01-11,-2,True
2026-01-11 19:48:00-08:00,2026-01-11,-2,True
2026-01-11 19:51:00-08:00,2026-01-11,70,False
2026-01-11 19:54:00-08:00,2026-01-11,69,False
2026-01-11 19:57:00-08:00,2026-01-11,78,False
2026-01-11 20:00:00-08:00,2026-01-11,81,False
2026-01-11 20:03:00-08:00,2026-01-11,73,False
2026-01-11 20:06:00-08:00,2026-01-11,73,False
2026-01-11 20:09:00-08:00,2026-01-11,79,False
2026-01-11 20:12:00-08:00,2026-01-11,-1,True
2026-01-11 20:15:00-08:00,2026-01-11,85,False
2026-01-11 20:18:00-08:00,2026-01-11,79,False
2026-01-11 20:21:00-08:00,2026-01-11,85,False
2026-01-11 20:24:00-08:00,2026-01-11,83,False
2026-01-11 20:27:00-08:00,2026-01-11,79,False
2026-01-11 20:30:00-08:00,2026-01-11,74,False
2026-01-11 20:33:00-08:00,2026-01-11,-1,True
2026-01-11 20:36:00-08:00,2026-01-11,94,False
2026-01-11 20:39:00-08:00,2026-01-11,-2,True
2026-01-11 20:42:00-08:00,2026-01-11,92,False
2026-01-11 20:45:00-08:00,2026-01-11,-2,True
2026-01-11 20:48:00-08:00,2026-01-11,-1,True
2026-01-11 20:51:00-08:00,2026-01-11,86,False
2026-01-11 20:54:00-08:00,2026-01-11,80,False
2026-01-11 20:57:00-08:00,2026-01-11,82,False
2026-01-11 21:00:00-08:00,2026-01-11,88,False
2026-01-11 21:03:00-08:00,2026-01-11,86,False
2026-01-11 21:06:00-08:00,2026-01-11,79,False
2026-01-11 21:09:00-08:00,2026-01-11,79,False
2026-01-11 21:12:00-08:00,2026-01-11,79,False
2026-01-11 21:15:00-08:00,2026-01-11,70,False
2026-01-11 21:18:00-08:00,2026-01-11,60,False
2026-01-11 21:21:00-08:00,2026-01-11,56,False
2026-01-11 21:24:00-08:00,2026-01-11,61,False
2026-01-11 21:27:00-08:00,2026-01-11,-1,True
2026-01-11 21:30:00-08:00,2026-01-11,-2,True
2026-01-11 21:33:00-08:00,2026-01-11,-1,True
2026-01-11 21:36:00-08:00,2026-01-11,46,False
2026-01-11 21:39:00-08:00,2026-01-11,65,False
2026-01-11 21:42:00-08:00,2026-01-11,62,False
2026-01-11 21:45:00-08:00,2026-01-11,58,False
2026-01-11 21:48:00-08:00,2026-01-11,72,False
2026-01-11 21:51:00-08:00,2026-01-11,-2,True
2026-01-11 21:54:00-08:00,2026-01-11,58,False
2026-01-11 21:57:00-08:00,2026-01-11,-1,True
2026-01-11 22:00:00-08:00,2026-01-11,66,False
2026-01-11 22:03:00-08:00,2026-01-11,37,False
2026-01-11 22:06:00-08:00,2026-01-11,50,False
2026-01-11 22:09:00-08:00,2026-01-11,52,False
2026-01-11 22:12:00-08:00,2026-01-11,41,False
2026-01-11 22:15:00-08:00,2026-01-11,49,False
2026-01-11 22:18:00-08:00,2026-01-11,53,False
2026-01-11 22:21:00-08:00,2026-01-11,49,False
2026-01-11 22:24:00-08:00,2026-01-11,55,False
2026-01-11 22:27:00-08:00,2026-01-11,36,False
2026-01-11 22:30:00-08:00,2026-01-11,42,False
2026-01-11 22:33:00-08:00,2026-01-11,42,False
2026-01-11 22:36:00-08:00,2026-01-11,35,False
2026-01-11 22:39:00-08:00,2026-01-11,34,False
2026-01-11 22:42:00-08:00,2026-01-11,55,False
2026-01-11 22:45:00-08:00,2026-01-11,46,False
2026-01-11 22:48:00-08:00,2026-01-11,39,False
2026-01-11 22:51:00-08:00,2026-01-11,31,False
2026-01-11 22:54:00-08:00,2026-01-11,25,False
2026-01-11 22:57:00-08:00,2026-01-11,32,False
2026-01-11 23:00:00-08:00,2026-01-11,39,False
2026-01-11 23:03:00-08:00,2026-01-11,35,False
2026-01-11 23:06:00-08:00,2026-01-11,26,False
2026-01-11 23:09:00-08:00,2026-01-11,22,False
2026-01-11 23:12:00-08:00,2026-01-11,18,False
2026-01-11 23:15:00-08:00,2026-01-11,25,False
2026-01-11 23:18:00-08:00,2026-01-11,-1,True
2026-01-11 23:21:00-08:00,2026-01-11,-1,True
2026-01-11 23:24:00-08:00,2026-01-11,50,False
2026-01-11 23:27:00-08:00,2026-01-11,23,False
2026-01-11 23:30:00-08:00,2026-01-11,28,False
2026-01-11 23:33:00-08:00,2026-01-11,32,False
2026-01-11 23:36:00-08:00,2026-01-11,28,False
2026-01-11 23:39:00-08:00,2026-01-11,23,False
2026-01-11 23:42:00-08:00,2026-01-11,22,False
2026-01-11 23:45:00-08:00,2026-01-11,22,False
2026-01-11 23:48:00-08:00,2026-01-11,21,False
2026-01-11 23:51:00-08:00,2026-01-11,19,False
2026-01-11 23:54:00-08:00,2026-01-11,18,False
2026-01-11 23:57:00-08:00,2026-01-11,19,False
2026-01-12 00:00:00-08:00,2026-01-12,19,False
2026-01-12 00:03:00-08:00,2026-01-12,20,False
2026-01-12 00:06:00-08:00,2026-01-12,20,False
2026-01-12 00:09:00-08:00,2026-01-12,18,False
2026-01-12 00:12:00-08:00,2026-01-12,17,False
2026-01-12 00:15:00-08:00,2026-01-12,18,False
2026-01-12 00:18:00-08:00,2026-01-12,15,False
2026-01-12 00:21:00-08:00,2026-01-12,16,False
2026-01-12 00:24:00-08:00,2026-01-12,18,False
2026-01-12 00:27:00-08:00,2026-01-12,20,False
2026-01-12 00:30:00-08:00,2026-01-12,18,False
2026-01-12 00:33:00-08:00,2026-01-12,18,False
2026-01-12 00:36:00-08:00,2026-01-12,16,False
2026-01-12 00:39:00-08:00,2026-01-12,19,False
2026-01-12 00:42:00-08:00,2026-01-12,19,False
2026-01-12 00:45:00-08:00,2026-01-12,22,False
2026-01-12 00:48:00-08:00,2026-01-12,22,False
2026-01-12 00:51:00-08:00,2026-01-12,19,False
2026-01-12 00:54:00-08:00,2026-01-12,13,True
2026-01-12 00:57:00-08:00,2026-01-12,12,True
2026-01-12 01:00:00-08:00,2026-01-12,14,True
2026-01-12 01:03:00-08:00,2026-01-12,11,True
2026-01-12 01:06:00-08:00,2026-01-12,12,True
2026-01-12 01:09:00-08:00,2026-01-12,14,True
2026-01-12 01:12:00-08:00,2026-01-12,15,False
2026-01-12 01:15:00-08:00,2026-01-12,15,False
2026-01-12 01:18:00-08:00,2026-01-12,21,False
2026-01-12 01:21:00-08:00,2026-01-12,20,False
2026-01-12 01:24:00-08:00,2026-01-12,19,False
2026-01-12 01:27:00-08:00,2026-01-12,17,False
2026-01-12 01:30:00-08:00,2026-01-12,17,False
2026-01-12 01:33:00-08:00,2026-01-12,16,False
2026-01-12 01:36:00-08:00,2026-01-12,19,False
2026-01-12 01:39:00-08:00,2026-01-12,20,False
2026-01-12 01:42:00-08:00,2026-01-12,24,False
2026-01-12 01:45:00-08:00,2026-01-12,20,False
2026-01-12 01:48:00-08:00,2026-01-12,19,False
2026-01-12 01:51:00-08:00,2026-01-12,20,False
2026-01-12 01:54:00-08:00,2026-01-12,22,False
2026-01-12 01:57:00-08:00,2026-01-12,23,False
2026-01-12 02:00:00-08:00,2026-01-12,22,False
2026-01-12 02:03:00-08:00,2026-01-12,19,False
2026-01-12 02:06:00-08:00,2026-01-12,17,False
2026-01-12 02:09:00-08:00,2026-01-12,17,False
2026-01-12 02:12:00-08:00,2026-01-12,20,False
2026-01-12 02:15:00-08:00,2026-01-12,19,False
2026-01-12 02:18:00-08:00,2026-01-12,24,False
2026-01-12 02:21:00-08:00,2026-01-12,23,False
2026-01-12 02:24:00-08:00,2026-01-12,25,False
2026-01-12 02:27:00-08:00,2026-01-12,21,False
2026-01-12 02:30:00-08:00,2026-01-12,21,False
2026-01-12 02:33:00-08:00,2026-01-12,20,False
2026-01-12 02:36:00-08:00,2026-01-12,20,False
2026-01-12 02:39:00-08:00,2026-01-12,23,False
2026-01-12 02:42:00-08:00,2026-01-12,21,False
2026-01-12 02:45:00-08:00,2026-01-12,26,False
2026-01-12 02:48:00-08:00,2026-01-12,25,False
2026-01-12 02:51:00-08:00,2026-01-12,25,False
2026-01-12 02:54:00-08:00,2026-01-12,27,False
2026-01-12 02:57:00-08:00,2026-01-12,20,False
2026-01-12 03:00:00-08:00,2026-01-12,24,False
2026-01-12 03:03:00-08:00,2026-01-12,24,False
2026-01-12 03:06:00-08:00,2026-01-12,23,False
2026-01-12 03:09:00-08:00,2026-01-12,28,False
2026-01-12 03:12:00-08:00,2026-01-12,22,False
2026-01-12 03:15:00-08:00,2026-01-12,22,False
2026-01-12 03:18:00-08:00,2026-01-12,23,False
2026-01-12 03:21:00-08:00,2026-01-12,22,False
2026-01-12 03:24:00-08:00,2026-01-12,23,False
2026-01-12 03:27:00-08:00,2026-01-12,22,False
2026-01-12 03:30:00-08:00,2026-01-12,24,False
2026-01-12 03:33:00-08:00,2026-01-12,20,False
2026-01-12 03:36:00-08:00,2026-01-12,7,True
2026-01-12 03:39:00-08:00,2026-01-12,10,True
2026-01-12 03:42:00-08:00,2026-01-12,6,True
2026-01-12 03:45:00-08:00,2026-01-12,7,True
2026-01-12 03:48:00-08:00,2026-01-12,10,True
2026-01-12 03:51:00-08:00,2026-01-12,10,True
2026-01-12 03:54:00-08:00,2026-01-12,10,True
2026-01-12 03:57:00-08:00,2026-01-12,11,True
2026-01-12 04:00:00-08:00,2026-01-12,12,True
2026-01-12 04:03:00-08:00,2026-01-12,10,True
2026-01-12 04:06:00-08:00,2026-01-12,12,True
2026-01-12 04:09:00-08:00,2026-01-12,13,True
2026-01-12 04:12:00-08:00,2026-01-12,12,True
2026-01-12 04:15:00-08:00,2026-01-12,18,False
2026-01-12 04:18:00-08:00,2026-01-12,25,False
2026-01-12 04:21:00-08:00,2026-01-12,16,False
2026-01-12 04:24:00-08:00,2026-01-12,18,False
2026-01-12 04:27:00-08:00,2026-01-12,18,False
2026-01-12 04:30:00-08:00,2026-01-12,20,False
2026-01-12 04:33:00-08:00,2026-01-12,18,False
2026-01-12 04:36:00-08:00,2026-01-12,19,False
2026-01-12 04:39:00-08:00,2026-01-12,13,True
2026-01-12 04:42:00-08:00,2026-01-12,14,True
2026-01-12 04:45:00-08:00,2026-01-12,12,True
2026-01-12 04:48:00-08:00,2026-01-12,10,True
2026-01-12 04:51:00-08:00,2026-01-12,7,True
2026-01-12 04:54:00-08:00,2026-01-12,6,True
2026-01-12 04:57:00-08:00,2026-01-12,6,True
2026-01-12 05:00:00-08:00,2026-01-12,9,True
2026-01-12 05:03:00-08:00,2026-01-12,11,True
2026-01-12 05:06:00-08:00,2026-01-12,14,True
2026-01-12 05:09:00-08:00,2026-01-12,10,True
2026-01-12 05:12:00-08:00,2026-01-12,16,False
2026-01-12 05:15:00-08:00,2026-01-12,16,False
2026-01-12 05:18:00-08:00,2026-01-12,15,False
2026-01-12 05:21:00-08:00,2026-01-12,8,True
2026-01-12 05:24:00-08:00,2026-01-12,10,True
2026-01-12 05:27:00-08:00,2026-01-12,15,False
2026-01-12 05:30:00-08:00,2026-01-12,14,True
2026-01-12 05:33:00-08:00,2026-01-12,9,True
2026-01-12 05:36:00-08:00,2026-01-12,11,True
2026-01-12 05:39:00-08:00,2026-01-12,10,True
2026-01-12 05:42:00-08:00,2026-01-12,5,True
2026-01-12 05:45:00-08:00,2026-01-12,5,True
2026-01-12 05:48:00-08:00,2026-01-12,6,True
2026-01-12 05:51:00-08:00,2026-01-12,10,True
2026-01-12 05:54:00-08:00,2026-01-12,18,False
2026-01-12 05:57:00-08:00,2026-01-12,23,False
2026-01-12 06:00:00-08:00,2026-01-12,25,False
2026-01-12 06:03:00-08:00,2026-01-12,25,False
2026-01-12 06:06:00-08:00,2026-01-12,29,False
2026-01-12 06:09:00-08:00,2026-01-12,28,False
2026-01-12 06:12:00-08:00,2026-01-12,74,False
2026-01-12 06:15:00-08:00,2026-01-12,55,False
2026-01-12 06:18:00-08:00,2026-01-12,22,False
2026-01-12 06:21:00-08:00,2026-01-12,19,False
2026-01-12 06:24:00-08:00,2026-01-12,19,False
2026-01-12 06:27:00-08:00,2026-01-12,22,False
2026-01-12 06:30:00-08:00,2026-01-12,18,False
2026-01-12 06:33:00-08:00,2026-01-12,22,False
2026-01-12 06:36:00-08:00,2026-01-12,18,False
2026-01-12 06:39:00-08:00,2026-01-12,11,True
2026-01-12 06:42:00-08:00,2026-01-12,-1,True
2026-01-12 06:45:00-08:00,2026-01-12,-1,True
2026-01-12 06:48:00-08:00,2026-01-12,74,False
2026-01-12 06:51:00-08:00,2026-01-12,70,False
2026-01-12 06:54:00-08:00,2026-01-12,-2,True
2026-01-12 06:57:00-08:00,2026-01-12,-1,True
2026-01-12 07:00:00-08:00,2026-01-12,-2,True
2026-01-12 07:03:00-08:00,2026-01-12,-1,True
2026-01-12 07:06:00-08:00,2026-01-12,-1,True
2026-01-12 07:09:00-08:00,2026-01-12,-1,True
2026-01-12 07:12:00-08:00,2026-01-12,-1,True
2026-01-12 07:15:00-08:00,2026-01-12,-1,True
2026-01-12 07:18:00-08:00,2026-01-12,-1,True
2026-01-12 07:21:00-08:00,2026-01-12,-1,True
2026-01-12 07:24:00-08:00,2026-01-12,-1,True
2026-01-12 07:27:00-08:00,2026-01-12,-1,True
2026-01-12 07:30:00-08:00,2026-01-12,-1,True
2026-01-12 07:33:00-08:00,2026-01-12,-1,True
2026-01-12 07:36:00-08:00,2026-01-12,-1,True
2026-01-12 07:39:00-08:00,2026-01-12,-1,True
2026-01-12 07:42:00-08:00,2026-01-12,-1,True
2026-01-12 07:45:00-08:00,2026-01-12,-1,True
2026-01-12 07:48:00-08:00,2026-01-12,-1,True
2026-01-12 07:51:00-08:00,2026-01-12,-1,True
2026-01-12 07:54:00-08:00,2026-01-12,-1,True
2026-01-12 07:57:00-08:00,2026-01-12,-1,True
2026-01-12 08:00:00-08:00,2026-01-12,-1,True
2026-01-12 08:03:00-08:00,2026-01-12,-1,True
2026-01-12 08:06:00-08:00,2026-01-12,-1,True
2026-01-12 08:09:00-08:00,2026-01-12,-1,True
2026-01-12 08:12:00-08:00,2026-01-12,-1,True
2026-01-12 08:15:00-08:00,2026-01-12,-1,True
2026-01-12 08:18:00-08:00,2026-01-12,-1,True
2026-01-12 08:21:00-08:00,2026-01-12,-1,True
2026-01-12 08:24:00-08:00,2026-01-12,-1,True
2026-01-12 08:27:00-08:00,2026-01-12,-1,True
2026-01-12 08:30:00-08:00,2026-01-12,-1,True
2026-01-12 08:33:00-08:00,2026-01-12,-1,True
2026-01-12 08:36:00-08:00,2026-01-12,-1,True
2026-01-12 08:39:00-08:00,2026-01-12,-1,True
2026-01-12 08:42:00-08:00,2026-01-12,-1,True
2026-01-12 08:45:00-08:00,2026-01-12,-1,True
2026-01-12 08:48:00-08:00,2026-01-12,-1,True
2026-01-12 08:51:00-08:00,2026-01-12,-1,True
2026-01-12 08:54:00-08:00,2026-01-12,-1,True
2026-01-12 08:57:00-08:00,2026-01-12,-1,True
2026-01-12 09:00:00-08:00,2026-01-12,-1,True
2026-01-12 09:03:00-08:00,2026-01-12,-1,True
2026-01-12 09:06:00-08:00,2026-01-12,-1,True
2026-01-12 09:09:00-08:00,2026-01-12,-1,True
2026-01-12 09:12:00-08:00,2026-01-12,-1,True
2026-01-12 09:15:00-08:00,2026-01-12,-1,True
2026-01-12 09:18:00-08:00,2026-01-12,-1,True
2026-01-12 09:21:00-08:00,2026-01-12,-1,True
2026-01-12 09:24:00-08:00,2026-01-12,-1,True
2026-01-12 09:27:00-08:00,2026-01-12,-1,True
2026-01-12 09:30:00-08:00,2026-01-12,-1,True
2026-01-12 09:33:00-08:00,2026-01-12,-1,True
2026-01-12 09:36:00-08:00,2026-01-12,-1,True
2026-01-12 09:39:00-08:00,2026-01-12,-1,True
2026-01-12 09:42:00-08:00,2026-01-12,-1,True
2026-01-12 09:45:00-08:00,2026-01-12,-1,True
2026-01-12 09:48:00-08:00,2026-01-12,-1,True
2026-01-12 09:51:00-08:00,2026-01-12,-1,True
2026-01-12 09:54:00-08:00,2026-01-12,-1,True
2026-01-12 09:57:00-08:00,2026-01-12,-1,True
2026-01-12 10:00:00-08:00,2026-01-12,-1,True
2026-01-12 10:03:00-08:00,2026-01-12,-1,True
2026-01-12 10:06:00-08:00,2026-01-12,-1,True
2026-01-12 10:09:00-08:00,2026-01-12,-1,True
2026-01-12 10:12:00-08:00,2026-01-12,-1,True
2026-01-12 10:15:00-08:00,2026-01-12,-1,True
2026-01-12 10:18:00-08:00,2026-01-12,-1,True
2026-01-12 10:21:00-08:00,2026-01-12,-1,True
2026-01-12 10:24:00-08:00,2026-01-12,-1,True
2026-01-12 10:27:00-08:00,2026-01-12,-1,True
2026-01-12 10:30:00-08:00,2026-01-12,-1,True
2026-01-12 10:33:00-08:00,2026-01-12,-1,True
2026-01-12 10:36:00-08:00,2026-01-12,-1,True
2026-01-12 10:39:00-08:00,2026-01-12,-1,True
2026-01-12 10:42:00-08:00,2026-01-12,-1,True
2026-01-12 10:45:00-08:00,2026-01-12,-1,True
2026-01-12 10:48:00-08:00,2026-01-12,-1,True
2026-01-12 10:51:00-08:00,2026-01-12,-1,True
2026-01-12 10:54:00-08:00,2026-01-12,-1,True
2026-01-12 10:57:00-08:00,2026-01-12,-1,True
2026-01-12 11:00:00-08:00,2026-01-12,-1,True
2026-01-12 11:03:00-08:00,2026-01-12,-1,True
2026-01-12 11:06:00-08:00,2026-01-12,-1,True
2026-01-12 11:09:00-08:00,2026-01-12,-1,True
2026-01-12 11:12:00-08:00,2026-01-12,-1,True
2026-01-12 11:15:00-08:00,2026-01-12,-1,True
2026-01-12 11:18:00-08:00,2026-01-12,-1,True
2026-01-12 11:21:00-08:00,2026-01-12,-1,True
2026-01-12 11:24:00-08:00,2026-01-12,-1,True
2026-01-12 11:27:00-08:00,2026-01-12,-1,True
2026-01-12 11:30:00-08:00,2026-01-12,-1,True
2026-01-12 11:33:00-08:00,2026-01-12,-1,True
2026-01-12 11:36:00-08:00,2026-01-12,-1,True
2026-01-12 11:39:00-08:00,2026-01-12,-1,True
2026-01-12 11:42:00-08:00,2026-01-12,-1,True
2026-01-12 11:45:00-08:00,2026-01-12,-1,True
2026-01-12 11:48:00-08:00,2026-01-12,-1,True
2026-01-12 11:51:00-08:00,2026-01-12,-1,True
2026-01-12 11:54:00-08:00,2026-01-12,-1,True
2026-01-12 11:57:00-08:00,2026-01-12,-1,True
2026-01-12 12:00:00-08:00,2026-01-12,-1,True
2026-01-12 12:03:00-08:00,2026-01-12,-1,True
2026-01-12 12:06:00-08:00,2026-01-12,-1,True
2026-01-12 12:09:00-08:00,2026-01-12,-1,True
2026-01-12 12:12:00-08:00,2026-01-12,-1,True
2026-01-12 12:15:00-08:00,2026-01-12,-1,True
2026-01-12 12:18:00-08:00,2026-01-12,-1,True
2026-01-12 12:21:00-08:00,2026-01-12,-1,True
2026-01-12 12:24:00-08:00,2026-01-12,-1,True
2026-01-12 12:27:00-08:00,2026-01-12,-1,True
2026-01-12 12:30:00-08:00,2026-01-12,-1,True
2026-01-12 12:33:00-08:00,2026-01-12,-1,True
2026-01-12 12:36:00-08:00,2026-01-12,-1,True
2026-01-12 12:39:00-08:00,2026-01-12,-1,True
2026-01-12 12:42:00-08:00,2026-01-12,-1,True
2026-01-12 12:45:00-08:00,2026-01-12,-1,True
2026-01-12 12:48:00-08:00,2026-01-12,-1,True
2026-01-12 12:51:00-08:00,2026-01-12,-1,True
2026-01-12 12:54:00-08:00,2026-01-12,-1,True
2026-01-12 12:57:00-08:00,2026-01-12,-1,True
2026-01-12 13:00:00-08:00,2026-01-12,-1,True
2026-01-12 13:03:00-08:00,2026-01-12,-1,True
2026-01-12 13:06:00-08:00,2026-01-12,-1,True
2026-01-12 13:09:00-08:00,2026-01-12,-1,True
2026-01-12 13:12:00-08:00,2026-01-12,-1,True
2026-01-12 13:15:00-08:00,2026-01-12,-1,True
2026-01-12 13:18:00-08:00,2026-01-12,-1,True
2026-01-12 13:21:00-08:00,2026-01-12,-1,True
2026-01-12 13:24:00-08:00,2026-01-12,-1,True
2026-01-12 13:27:00-08:00,2026-01-12,-1,True
2026-01-12 13:30:00-08:00,2026-01-12,-1,True
2026-01-12 13:33:00-08:00,2026-01-12,-1,True
2026-01-12 13:36:00-08:00,2026-01-12,-1,True
2026-01-12 13:39:00-08:00,2026-01-12,-1,True
2026-01-12 13:42:00-08:00,2026-01-12,-1,True
2026-01-12 13:45:00-08:00,2026-01-12,-1,True
2026-01-12 13:48:00-08:00,2026-01-12,-1,True
2026-01-12 13:51:00-08:00,2026-01-12,-1,True
2026-01-12 13:54:00-08:00,2026-01-12,-1,True
2026-01-12 13:57:00-08:00,2026-01-12,-1,True
2026-01-12 14:00:00-08:00,2026-01-12,-1,True
2026-01-12 14:03:00-08:00,2026-01-12,-1,True
2026-01-12 14:06:00-08:00,2026-01-12,-1,True
2026-01-12 14:09:00-08:00,2026-01-12,-1,True
2026-01-12 14:12:00-08:00,2026-01-12,-1,True
2026-01-12 14:15:00-08:00,2026-01-12,-1,True
2026-01-12 14:18:00-08:00,2026-01-12,-1,True
2026-01-12 14:21:00-08:00,2026-01-12,-1,True
2026-01-12 14:24:00-08:00,2026-01-12,-1,True
2026-01-12 14:27:00-08:00,2026-01-12,-1,True
2026-01-12 14:30:00-08:00,2026-01-12,-1,True
2026-01-12 14:33:00-08:00,2026-01-12,-1,True
2026-01-12 14:36:00-08:00,2026-01-12,-1,True
2026-01-12 14:39:00-08:00,2026-01-12,-1,True
2026-01-12 14:42:00-08:00,2026-01-12,-1,True
2026-01-12 14:45:00-08:00,2026-01-12,-1,True
2026-01-12 14:48:00-08:00,2026-01-12,-1,True
2026-01-12 14:51:00-08:00,2026-01-12,-1,True
2026-01-12 14:54:00-08:00,2026-01-12,-1,True
2026-01-12 14:57:00-08:00,2026-01-12,-1,True
2026-01-12 15:00:00-08:00,2026-01-12,-1,True
2026-01-12 15:03:00-08:00,2026-01-12,-1,True
2026-01-12 15:06:00-08:00,2026-01-12,-1,True
2026-01-12 15:09:00-08:00,2026-01-12,-1,True
2026-01-12 15:12:00-08:00,2026-01-12,-1,True
2026-01-12 15:15:00-08:00,2026-01-12,-1,True
2026-01-12 15:18:00-08:00,2026-01-12,-1,True
2026-01-12 15:21:00-08:00,2026-01-12,-1,True
2026-01-12 15:24:00-08:00,2026-01-12,-1,True
2026-01-12 15:27:00-08:00,2026-01-12,-1,True
2026-01-12 15:30:00-08:00,2026-01-12,-1,True
2026-01-12 15:33:00-08:00,2026-01-12,-1,True
2026-01-12 15:36:00-08:00,2026-01-12,-1,True
2026-01-12 15:39:00-08:00,2026-01-12,-1,True
2026-01-12 15:42:00-08:00,2026-01-12,-1,True
2026-01-12 15:45:00-08:00,2026-01-12,-1,True
2026-01-12 15:48:00-08:00,2026-01-12,-1,True
2026-01-12 15:51:00-08:00,2026-01-12,-1,True
2026-01-12 15:54:00-08:00,2026-01-12,-1,True
2026-01-12 15:57:00-08:00,2026-01-12,-1,True
2026-01-12 16:00:00-08:00,2026-01-12,-1,True
2026-01-12 16:03:00-08:00,2026-01-12,-1,True
2026-01-12 16:06:00-08:00,2026-01-12,-1,True
2026-01-12 16:09:00-08:00,2026-01-12,-1,True
2026-01-12 16:12:00-08:00,2026-01-12,-1,True
2026-01-12 16:15:00-08:00,2026-01-12,-1,True
2026-01-12 16:18:00-08:00,2026-01-12,-1,True
2026-01-12 16:21:00-08:00,2026-01-12,-1,True
2026-01-12 16:24:00-08:00,2026-01-12,-1,True
2026-01-12 16:27:00-08:00,2026-01-12,-1,True
2026-01-12 16:30:00-08:00,2026-01-12,-1,True
2026-01-12 16:33:00-08:00,2026-01-12,-1,True
2026-01-12 16:36:00-08:00,2026-01-12,-1,True
2026-01-12 16:39:00-08:00,2026-01-12,-1,True
2026-01-12 16:42:00-08:00,2026-01-12,-1,True
2026-01-12 16:45:00-08:00,2026-01-12,-1,True
2026-01-12 16:48:00-08:00,2026-01-12,-1,True
2026-01-12 16:51:00-08:00,2026-01-12,-1,True
2026-01-12 16:54:00-08:00,2026-01-12,-1,True
2026-01-12 16:57:00-08:00,2026-01-12,-1,True
2026-01-12 17:00:00-08:00,2026-01-12,-1,True
2026-01-12 17:03:00-08:00,2026-01-12,-1,True
2026-01-12 17:06:00-08:00,2026-01-12,-1,True
2026-01-12 17:09:00-08:00,2026-01-12,-1,True
2026-01-12 17:12:00-08:00,2026-01-12,-1,True
2026-01-12 17:15:00-08:00,2026-01-12,-1,True
2026-01-12 17:18:00-08:00,2026-01-12,-1,True
2026-01-12 17:21:00-08:00,2026-01-12,-1,True
2026-01-12 17:24:00-08:00,2026-01-12,-1,True
2026-01-12 17:27:00-08:00,2026-01-12,-1,True
2026-01-12 17:30:00-08:00,2026-01-12,-1,True
2026-01-12 17:33:00-08:00,2026-01-12,-1,True
2026-01-12 17:36:00-08:00,2026-01-12,-1,True
2026-01-12 17:39:00-08:00,2026-01-12,-1,True
2026-01-12 17:42:00-08:00,2026-01-12,-1,True
2026-01-12 17:45:00-08:00,2026-01-12,-1,True
2026-01-12 17:48:00-08:00,2026-01-12,-1,True
2026-01-12 17:51:00-08:00,2026-01-12,-1,True
2026-01-12 17:54:00-08:00,2026-01-12,-1,True
2026-01-12 17:57:00-08:00,2026-01-12,-1,True
2026-01-12 18:00:00-08:00,2026-01-12,-1,True
2026-01-12 18:03:00-08:00,2026-01-12,-1,True
2026-01-12 18:06:00-08:00,2026-01-12,-1,True
2026-01-12 18:09:00-08:00,2026-01-12,-1,True
2026-01-12 18:12:00-08:00,2026-01-12,-1,True
2026-01-12 18:15:00-08:00,2026-01-12,-1,True
2026-01-12 18:18:00-08:00,2026-01-12,-1,True
2026-01-12 18:21:00-08:00,2026-01-12,-1,True
2026-01-12 18:24:00-08:00,2026-01-12,-1,True
2026-01-12 18:27:00-08:00,2026-01-12,-1,True
2026-01-12 18:30:00-08:00,2026-01-12,-1,True
2026-01-12 18:33:00-08:00,2026-01-12,-1,True
2026-01-12 18:36:00-08:00,2026-01-12,-1,True
2026-01-12 18:39:00-08:00,2026-01-12,-1,True
2026-01-12 18:42:00-08:00,2026-01-12,-1,True
2026-01-12 18:45:00-08:00,2026-01-12,-1,True
2026-01-12 18:48:00-08:00,2026-01-12,-1,True
2026-01-12 18:51:00-08:00,2026-01-12,-1,True
2026-01-12 18:54:00-08:00,2026-01-12,-1,True
2026-01-12 18:57:00-08:00,2026-01-12,-1,True
2026-01-12 19:00:00-08:00,2026-01-12,-1,True
2026-01-12 19:03:00-08:00,2026-01-12,-1,True
2026-01-12 19:06:00-08:00,2026-01-12,-1,True
2026-01-12 19:09:00-08:00,2026-01-12,-1,True
2026-01-12 19:12:00-08:00,2026-01-12,-1,True
2026-01-12 19:15:00-08:00,2026-01-12,-1,True
2026-01-12 19:18:00-08:00,2026-01-12,-1,True
2026-01-12 19:21:00-08:00,2026-01-12,-1,True
2026-01-12 19:24:00-08:00,2026-01-12,-1,True
2026-01-12 19:27:00-08:00,2026-01-12,-1,True
2026-01-12 19:30:00-08:00,2026-01-12,-1,True
2026-01-12 19:33:00-08:00,2026-01-12,-1,True
2026-01-12 19:36:00-08:00,2026-01-12,-1,True
2026-01-12 19:39:00-08:00,2026-01-12,-1,True
2026-01-12 19:42:00-08:00,2026-01-12,-1,True
2026-01-12 19:45:00-08:00,2026-01-12,-1,True
2026-01-12 19:48:00-08:00,2026-01-12,-1,True
2026-01-12 19:51:00-08:00,2026-01-12,-1,True
2026-01-12 19:54:00-08:00,2026-01-12,-1,True
2026-01-12 19:57:00-08:00,2026-01-12,-1,True
2026-01-12 20:00:00-08:00,2026-01-12,-1,True
2026-01-12 20:03:00-08:00,2026-01-12,-1,True
2026-01-12 20:06:00-08:00,2026-01-12,78,False
2026-01-12 20:09:00-08:00,2026-01-12,76,False
2026-01-12 20:12:00-08:00,2026-01-12,59,False
2026-01-12 20:15:00-08:00,2026-01-12,66,False
2026-01-12 20:18:00-08:00,2026-01-12,76,False
2026-01-12 20:21:00-08:00,2026-01-12,61,False
2026-01-12 20:24:00-08:00,2026-01-12,55,False
2026-01-12 20:27:00-08:00,2026-01-12,70,False
2026-01-12 20:30:00-08:00,2026-01-12,67,False
2026-01-12 20:33:00-08:00,2026-01-12,70,False
2026-01-12 20:36:00-08:00,2026-01-12,70,False
2026-01-12 20:39:00-08:00,2026-01-12,73,False
2026-01-12 20:42:00-08:00,2026-01-12,76,False
2026-01-12 20:45:00-08:00,2026-01-12,82,False
2026-01-12 20:48:00-08:00,2026-01-12,72,False
2026-01-12 20:51:00-08:00,2026-01-12,56,False
2026-01-12 20:54:00-08:00,2026-01-12,40,False
2026-01-12 20:57:00-08:00,2026-01-12,55,False
2026-01-12 21:00:00-08:00,2026-01-12,-1,True
2026-01-12 21:03:00-08:00,2026-01-12,-1,True
2026-01-12 21:06:00-08:00,2026-01-12,-1,True
2026-01-12 21:09:00-08:00,2026-01-12,-1,True
2026-01-12 21:12:00-08:00,2026-01-12,-1,True
2026-01-12 21:15:00-08:00,2026-01-12,-1,True
2026-01-12 21:18:00-08:00,2026-01-12,-1,True
2026-01-12 21:21:00-08:00,2026-01-12,-1,True
2026-01-12 21:24:00-08:00,2026-01-12,-2,True
2026-01-12 21:27:00-08:00,2026-01-12,-1,True
2026-01-12 21:30:00-08:00,2026-01-12,51,False
2026-01-12 21:33:00-08:00,2026-01-12,67,False
2026-01-12 21:36:00-08:00,2026-01-12,47,False
2026-01-12 21:39:00-08:00,2026-01-12,52,False
2026-01-12 21:42:00-08:00,2026-01-12,71,False
2026-01-12 21:45:00-08:00,2026-01-12,65,False
2026-01-12 21:48:00-08:00,2026-01-12,59,False
2026-01-12 21:51:00-08:00,2026-01-12,36,False
2026-01-12 21:54:00-08:00,2026-01-12,39,False
2026-01-12 21:57:00-08:00,2026-01-12,34,False
2026-01-12 22:00:00-08:00,2026-01-12,39,False
2026-01-12 22:03:00-08:00,2026-01-12,33,False
2026-01-12 22:06:00-08:00,2026-01-12,32,False
2026-01-12 22:09:00-08:00,2026-01-12,25,False
2026-01-12 22:12:00-08:00,2026-01-12,25,False
2026-01-12 22:15:00-08:00,2026-01-12,26,False
2026-01-12 22:18:00-08:00,2026-01-12,25,False
2026-01-12 22:21:00-08:00,2026-01-12,25,False
2026-01-12 22:24:00-08:00,2026-01-12,25,False
2026-01-12 22:27:00-08:00,2026-01-12,25,False
2026-01-12 22:30:00-08:00,2026-01-12,23,False
2026-01-12 22:33:00-08:00,2026-01-12,20,False
2026-01-12 22:36:00-08:00,2026-01-12,20,False
2026-01-12 22:39:00-08:00,2026-01-12,24,False
2026-01-12 22:42:00-08:00,2026-01-12,25,False
2026-01-12 22:45:00-08:00,2026-01-12,23,False
2026-01-12 22:48:00-08:00,2026-01-12,25,False
2026-01-12 22:51:00-08:00,2026-01-12,24,False
2026-01-12 22:54:00-08:00,2026-01-12,24,False
2026-01-12 22:57:00-08:00,2026-01-12,23,False
2026-01-12 23:00:00-08:00,2026-01-12,24,False
2026-01-12 23:03:00-08:00,2026-01-12,25,False
2026-01-12 23:06:00-08:00,2026-01-12,27,False
2026-01-12 23:09:00-08:00,2026-01-12,24,False
2026-01-12 23:12:00-08:00,2026-01-12,29,False
2026-01-12 23:15:00-08:00,2026-01-12,28,False
2026-01-12 23:18:00-08:00,2026-01-12,27,False
2026-01-12 23:21:00-08:00,2026-01-12,26,False
2026-01-12 23:24:00-08:00,2026-01-12,26,False
2026-01-12 23:27:00-08:00,2026-01-12,24,False
2026-01-12 23:30:00-08:00,2026-01-12,24,False
2026-01-12 23:33:00-08:00,2026-01-12,25,False
2026-01-12 23:36:00-08:00,2026-01-12,25,False
2026-01-12 23:39:00-08:00,2026-01-12,24,False
2026-01-12 23:42:00-08:00,2026-01-12,24,False
2026-01-12 23:45:00-08:00,2026-01-12,25,False
2026-01-12 23:48:00-08:00,2026-01-12,22,False
2026-01-12 23:51:00-08:00,2026-01-12,29,False
2026-01-12 23:54:00-08:00,2026-01-12,18,False
2026-01-12 23:57:00-08:00,2026-01-12,18,False
2026-01-13 00:00:00-08:00,2026-01-13,21,False
2026-01-13 00:03:00-08:00,2026-01-13,17,False
2026-01-13 00:06:00-08:00,2026-01-13,23,False
2026-01-13 00:09:00-08:00,2026-01-13,24,False
2026-01-13 00:12:00-08:00,2026-01-13,25,False
2026-01-13 00:15:00-08:00,2026-01-13,21,False
2026-01-13 00:18:00-08:00,2026-01-13,23,False
2026-01-13 00:21:00-08:00,2026-01-13,23,False
2026-01-13 00:24:00-08:00,2026-01-13,22,False
2026-01-13 00:27:00-08:00,2026-01-13,19,False
2026-01-13 00:30:00-08:00,2026-01-13,21,False
2026-01-13 00:33:00-08:00,2026-01-13,23,False
2026-01-13 00:36:00-08:00,2026-01-13,21,False
2026-01-13 00:39:00-08:00,2026-01-13,18,False
2026-01-13 00:42:00-08:00,2026-01-13,16,False
2026-01-13 00:45:00-08:00,2026-01-13,17,False
2026-01-13 00:48:00-08:00,2026-01-13,15,False
2026-01-13 00:51:00-08:00,2026-01-13,16,False
2026-01-13 00:54:00-08:00,2026-01-13,17,False
2026-01-13 00:57:00-08:00,2026-01-13,18,False
2026-01-13 01:00:00-08:00,2026-01-13,17,False
2026-01-13 01:03:00-08:00,2026-01-13,17,False
2026-01-13 01:06:00-08:00,2026-01-13,16,False
2026-01-13 01:09:00-08:00,2026-01-13,16,False
2026-01-13 01:12:00-08:00,2026-01-13,13,True
2026-01-13 01:15:00-08:00,2026-01-13,16,False
2026-01-13 01:18:00-08:00,2026-01-13,17,False
2026-01-13 01:21:00-08:00,2026-01-13,20,False
2026-01-13 01:24:00-08:00,2026-01-13,20,False
2026-01-13 01:27:00-08:00,2026-01-13,14,True
2026-01-13 01:30:00-08:00,2026-01-13,13,True
2026-01-13 01:33:00-08:00,2026-01-13,13,True
2026-01-13 01:36:00-08:00,2026-01-13,16,False
2026-01-13 01:39:00-08:00,2026-01-13,12,True
2026-01-13 01:42:00-08:00,2026-01-13,23,False
2026-01-13 01:45:00-08:00,2026-01-13,36,False
2026-01-13 01:48:00-08:00,2026-01-13,33,False
2026-01-13 01:51:00-08:00,2026-01-13,28,False
2026-01-13 01:54:00-08:00,2026-01-13,29,False
2026-01-13 01:57:00-08:00,2026-01-13,50,False
2026-01-13 02:00:00-08:00,2026-01-13,35,False
2026-01-13 02:03:00-08:00,2026-01-13,23,False
2026-01-13 02:06:00-08:00,2026-01-13,17,False
2026-01-13 02:09:00-08:00,2026-01-13,14,True
2026-01-13 02:12:00-08:00,2026-01-13,8,True
2026-01-13 02:15:00-08:00,2026-01-13,9,True
2026-01-13 02:18:00-08:00,2026-01-13,10,True
2026-01-13 02:21:00-08:00,2026-01-13,9,True
2026-01-13 02:24:00-08:00,2026-01-13,13,True
2026-01-13 02:27:00-08:00,2026-01-13,14,True
2026-01-13 02:30:00-08:00,2026-01-13,15,False
2026-01-13 02:33:00-08:00,2026-01-13,22,False
2026-01-13 02:36:00-08:00,2026-01-13,24,False
2026-01-13 02:39:00-08:00,2026-01-13,23,False
2026-01-13 02:42:00-08:00,2026-01-13,17,False
2026-01-13 02:45:00-08:00,2026-01-13,16,False
2026-01-13 02:48:00-08:00,2026-01-13,15,False
2026-01-13 02:51:00-08:00,2026-01-13,15,False
2026-01-13 02:54:00-08:00,2026-01-13,17,False
2026-01-13 02:57:00-08:00,2026-01-13,15,False
2026-01-13 03:00:00-08:00,2026-01-13,15,False
2026-01-13 03:03:00-08:00,2026-01-13,12,True
2026-01-13 03:06:00-08:00,2026-01-13,16,False
2026-01-13 03:09:00-08:00,2026-01-13,15,False
2026-01-13 03:12:00-08:00,2026-01-13,15,False
2026-01-13 03:15:00-08:00,2026-01-13,10,True
2026-01-13 03:18:00-08:00,2026-01-13,10,True
2026-01-13 03:21:00-08:00,2026-01-13,11,True
2026-01-13 03:24:00-08:00,2026-01-13,9,True
2026-01-13 03:27:00-08:00,2026-01-13,10,True
2026-01-13 03:30:00-08:00,2026-01-13,15,False
2026-01-13 03:33:00-08:00,2026-01-13,11,True
2026-01-13 03:36:00-08:00,2026-01-13,12,True
2026-01-13 03:39:00-08:00,2026-01-13,13,True
2026-01-13 03:42:00-08:00,2026-01-13,14,True
2026-01-13 03:45:00-08:00,2026-01-13,14,True
2026-01-13 03:48:00-08:00,2026-01-13,17,False
2026-01-13 03:51:00-08:00,2026-01-13,8,True
2026-01-13 03:54:00-08:00,2026-01-13,12,True
2026-01-13 03:57:00-08:00,2026-01-13,21,False
2026-01-13 04:00:00-08:00,2026-01-13,9,True
2026-01-13 04:03:00-08:00,2026-01-13,8,True
2026-01-13 04:06:00-08:00,2026-01-13,8,True
2026-01-13 04:09:00-08:00,2026-01-13,9,True
2026-01-13 04:12:00-08:00,2026-01-13,9,True
2026-01-13 04:15:00-08:00,2026-01-13,17,False
2026-01-13 04:18:00-08:00,2026-01-13,12,True
2026-01-13 04:21:00-08:00,2026-01-13,8,True
2026-01-13 04:24:00-08:00,2026-01-13,11,True
2026-01-13 04:27:00-08:00,2026-01-13,11,True
2026-01-13 04:30:00-08:00,2026-01-13,6,True
2026-01-13 04:33:00-08:00,2026-01-13,10,True
2026-01-13 04:36:00-08:00,2026-01-13,10,True
2026-01-13 04:39:00-08:00,2026-01-13,8,True
2026-01-13 04:42:00-08:00,2026-01-13,7,True
2026-01-13 04:45:00-08:00,2026-01-13,7,True
2026-01-13 04:48:00-08:00,2026-01-13,5,True
2026-01-13 04:51:00-08:00,2026-01-13,7,True
2026-01-13 04:54:00-08:00,2026-01-13,6,True
2026-01-13 04:57:00-08:00,2026-01-13,14,True
2026-01-13 05:00:00-08:00,2026-01-13,8,True
2026-01-13 05:03:00-08:00,2026-01-13,7,True
2026-01-13 05:06:00-08:00,2026-01-13,8,True
2026-01-13 05:09:00-08:00,2026-01-13,8,True
2026-01-13 05:12:00-08:00,2026-01-13,8,True
2026-01-13 05:15:00-08:00,2026-01-13,8,True
2026-01-13 05:18:00-08:00,2026-01-13,9,True
2026-01-13 05:21:00-08:00,2026-01-13,8,True
2026-01-13 05:24:00-08:00,2026-01-13,6,True
2026-01-13 05:27:00-08:00,2026-01-13,11,True
2026-01-13 05:30:00-08:00,2026-01-13,5,True
2026-01-13 05:33:00-08:00,2026-01-13,7,True
2026-01-13 05:36:00-08:00,2026-01-13,5,True
2026-01-13 05:39:00-08:00,2026-01-13,4,True
2026-01-13 05:42:00-08:00,2026-01-13,6,True
2026-01-13 05:45:00-08:00,2026-01-13,7,True
2026-01-13 05:48:00-08:00,2026-01-13,10,True
2026-01-13 05:51:00-08:00,2026-01-13,9,True
2026-01-13 05:54:00-08:00,2026-01-13,-2,True
2026-01-13 05:57:00-08:00,2026-01-13,-2,True
2026-01-13 06:00:00-08:00,2026-01-13,56,False
2026-01-13 06:03:00-08:00,2026-01-13,33,False
2026-01-13 06:06:00-08:00,2026-01-13,30,False
2026-01-13 06:09:00-08:00,2026-01-13,24,False
2026-01-13 06:12:00-08:00,2026-01-13,47,False
2026-01-13 06:15:00-08:00,2026-01-13,22,False
2026-01-13 06:18:00-08:00,2026-01-13,33,False
2026-01-13 06:21:00-08:00,2026-01-13,40,False
2026-01-13 06:24:00-08:00,2026-01-13,30,False
2026-01-13 06:27:00-08:00,2026-01-13,25,False
2026-01-13 06:30:00-08:00,2026-01-13,34,False
2026-01-13 06:33:00-08:00,2026-01-13,30,False
2026-01-13 06:36:00-08:00,2026-01-13,49,False
2026-01-13 06:39:00-08:00,2026-01-13,41,False
2026-01-13 06:42:00-08:00,2026-01-13,38,False
2026-01-13 06:45:00-08:00,2026-01-13,37,False
2026-01-13 06:48:00-08:00,2026-01-13,38,False
2026-01-13 06:51:00-08:00,2026-01-13,31,False
2026-01-13 06:54:00-08:00,2026-01-13,36,False
2026-01-13 06:57:00-08:00,2026-01-13,40,False
2026-01-13 07:00:00-08:00,2026-01-13,33,False
2026-01-13 07:03:00-08:00,2026-01-13,44,False
2026-01-13 07:06:00-08:00,2026-01-13,-2,True
2026-01-13 07:09:00-08:00,2026-01-13,-2,True
2026-01-13 07:12:00-08:00,2026-01-13,-1,True
2026-01-13 07:15:00-08:00,2026-01-13,-2,True
2026-01-13 07:18:00-08:00,2026-01-13,-2,True
2026-01-13 07:21:00-08:00,2026-01-13,-2,True
2026-01-13 07:24:00-08:00,2026-01-13,-1,True
2026-01-13 07:27:00-08:00,2026-01-13,-1,True
2026-01-13 07:30:00-08:00,2026-01-13,68,False
2026-01-13 07:33:00-08:00,2026-01-13,25,False
2026-01-13 07:36:00-08:00,2026-01-13,36,False
2026-01-13 07:39:00-08:00,2026-01-13,46,False
2026-01-13 07:42:00-08:00,2026-01-13,51,False
2026-01-13 07:45:00-08:00,2026-01-13,29,False
2026-01-13 07:48:00-08:00,2026-01-13,34,False
2026-01-13 07:51:00-08:00,2026-01-13,24,False
2026-01-13 07:54:00-08:00,2026-01-13,25,False
2026-01-13 07:57:00-08:00,2026-01-13,41,False
2026-01-13 08:00:00-08:00,2026-01-13,28,False
2026-01-13 08:03:00-08:00,2026-01-13,-1,True
2026-01-13 08:06:00-08:00,2026-01-13,-1,True
2026-01-13 08:09:00-08:00,2026-01-13,-1,True
2026-01-13 08:12:00-08:00,2026-01-13,31,False
2026-01-13 08:15:00-08:00,2026-01-13,20,False
2026-01-13 08:18:00-08:00,2026-01-13,23,False
2026-01-13 08:21:00-08:00,2026-01-13,23,False
2026-01-13 08:24:00-08:00,2026-01-13,28,False
2026-01-13 08:27:00-08:00,2026-01-13,22,False
2026-01-13 08:30:00-08:00,2026-01-13,22,False
2026-01-13 08:33:00-08:00,2026-01-13,30,False
2026-01-13 08:36:00-08:00,2026-01-13,24,False
2026-01-13 08:39:00-08:00,2026-01-13,29,False
2026-01-13 08:42:00-08:00,2026-01-13,36,False
2026-01-13 08:45:00-08:00,2026-01-13,74,False
2026-01-13 08:48:00-08:00,2026-01-13,36,False
2026-01-13 08:51:00-08:00,2026-01-13,47,False
2026-01-13 08:54:00-08:00,2026-01-13,40,False
2026-01-13 08:57:00-08:00,2026-01-13,25,False
2026-01-13 09:00:00-08:00,2026-01-13,25,False
2026-01-13 09:03:00-08:00,2026-01-13,31,False
2026-01-13 09:06:00-08:00,2026-01-13,25,False
2026-01-13 09:09:00-08:00,2026-01-13,23,False
2026-01-13 09:12:00-08:00,2026-01-13,-1,True
2026-01-13 09:15:00-08:00,2026-01-13,-1,True
2026-01-13 09:18:00-08:00,2026-01-13,-2,True
2026-01-13 09:21:00-08:00,2026-01-13,-1,True
2026-01-13 09:24:00-08:00,2026-01-13,46,False
2026-01-13 09:27:00-08:00,2026-01-13,-1,True
2026-01-13 09:30:00-08:00,2026-01-13,55,False
2026-01-13 09:33:00-08:00,2026-01-13,-1,True
2026-01-13 09:36:00-08:00,2026-01-13,-2,True
2026-01-13 09:39:00-08:00,2026-01-13,-2,True
2026-01-13 09:42:00-08:00,2026-01-13,39,False
2026-01-13 09:45:00-08:00,2026-01-13,42,False
2026-01-13 09:48:00-08:00,2026-01-13,44,False
2026-01-13 09:51:00-08:00,2026-01-13,37,False
2026-01-13 09:54:00-08:00,2026-01-13,35,False
2026-01-13 09:57:00-08:00,2026-01-13,29,False
2026-01-13 10:00:00-08:00,2026-01-13,31,False
2026-01-13 10:03:00-08:00,2026-01-13,65,False
2026-01-13 10:06:00-08:00,2026-01-13,30,False
2026-01-13 10:09:00-08:00,2026-01-13,28,False
2026-01-13 10:12:00-08:00,2026-01-13,30,False
2026-01-13 10:15:00-08:00,2026-01-13,-1,True
2026-01-13 10:18:00-08:00,2026-01-13,-2,True
2026-01-13 10:21:00-08:00,2026-01-13,-1,True
2026-01-13 10:24:00-08:00,2026-01-13,-1,True
2026-01-13 10:27:00-08:00,2026-01-13,-1,True
2026-01-13 10:30:00-08:00,2026-01-13,-1,True
2026-01-13 10:33:00-08:00,2026-01-13,-1,True
2026-01-13 10:36:00-08:00,2026-01-13,-1,True
2026-01-13 10:39:00-08:00,2026-01-13,22,False
2026-01-13 10:42:00-08:00,2026-01-13,31,False
2026-01-13 10:45:00-08:00,2026-01-13,34,False
2026-01-13 10:48:00-08:00,2026-01-13,45,False
2026-01-13 10:51:00-08:00,2026-01-13,36,False
2026-01-13 10:54:00-08:00,2026-01-13,24,False
2026-01-13 10:57:00-08:00,2026-01-13,60,False
2026-01-13 11:00:00-08:00,2026-01-13,-1,True
2026-01-13 11:03:00-08:00,2026-01-13,-1,True
2026-01-13 11:06:00-08:00,2026-01-13,63,False
2026-01-13 11:09:00-08:00,2026-01-13,-1,True
2026-01-13 11:12:00-08:00,2026-01-13,28,False
2026-01-13 11:15:00-08:00,2026-01-13,28,False
2026-01-13 11:18:00-08:00,2026-01-13,75,False
2026-01-13 11:21:00-08:00,2026-01-13,83,False
2026-01-13 11:24:00-08:00,2026-01-13,83,False
2026-01-13 11:27:00-08:00,2026-01-13,71,False
2026-01-13 11:30:00-08:00,2026-01-13,66,False
2026-01-13 11:33:00-08:00,2026-01-13,63,False
2026-01-13 11:36:00-08:00,2026-01-13,56,False
2026-01-13 11:39:00-08:00,2026-01-13,-1,True
2026-01-13 11:42:00-08:00,2026-01-13,61,False
2026-01-13 11:45:00-08:00,2026-01-13,58,False
2026-01-13 11:48:00-08:00,2026-01-13,51,False
2026-01-13 11:51:00-08:00,2026-01-13,57,False
2026-01-13 11:54:00-08:00,2026-01-13,-1,True
2026-01-13 11:57:00-08:00,2026-01-13,78,False
2026-01-13 12:00:00-08:00,2026-01-13,80,False
2026-01-13 12:03:00-08:00,2026-01-13,-1,True
2026-01-13 12:06:00-08:00,2026-01-13,-1,True
2026-01-13 12:09:00-08:00,2026-01-13,-1,True
2026-01-13 12:12:00-08:00,2026-01-13,75,False
2026-01-13 12:15:00-08:00,2026-01-13,68,False
2026-01-13 12:18:00-08:00,2026-01-13,76,False
2026-01-13 12:21:00-08:00,2026-01-13,-1,True
2026-01-13 12:24:00-08:00,2026-01-13,73,False
2026-01-13 12:27:00-08:00,2026-01-13,-1,True
2026-01-13 12:30:00-08:00,2026-01-13,-1,True
2026-01-13 12:33:00-08:00,2026-01-13,90,False
2026-01-13 12:36:00-08:00,2026-01-13,93,False
2026-01-13 12:39:00-08:00,2026-01-13,94,False
2026-01-13 12:42:00-08:00,2026-01-13,91,False
2026-01-13 12:45:00-08:00,2026-01-13,87,False
2026-01-13 12:48:00-08:00,2026-01-13,85,False
2026-01-13 12:51:00-08:00,2026-01-13,83,False
2026-01-13 12:54:00-08:00,2026-01-13,70,False
2026-01-13 12:57:00-08:00,2026-01-13,73,False
2026-01-13 13:00:00-08:00,2026-01-13,68,False
2026-01-13 13:03:00-08:00,2026-01-13,78,False
2026-01-13 13:06:00-08:00,2026-01-13,82,False
2026-01-13 13:09:00-08:00,2026-01-13,-1,True
2026-01-13 13:12:00-08:00,2026-01-13,52,False
2026-01-13 13:15:00-08:00,2026-01-13,-1,True
2026-01-13 13:18:00-08:00,2026-01-13,73,False
2026-01-13 13:21:00-08:00,2026-01-13,78,False
2026-01-13 13:24:00-08:00,2026-01-13,78,False
2026-01-13 13:27:00-08:00,2026-01-13,69,False
2026-01-13 13:30:00-08:00,2026-01-13,73,False
2026-01-13 13:33:00-08:00,2026-01-13,-1,True
2026-01-13 13:36:00-08:00,2026-01-13,82,False
2026-01-13 13:39:00-08:00,2026-01-13,85,False
2026-01-13 13:42:00-08:00,2026-01-13,79,False
2026-01-13 13:45:00-08:00,2026-01-13,-2,True
2026-01-13 13:48:00-08:00,2026-01-13,83,False
2026-01-13 13:51:00-08:00,2026-01-13,62,False
2026-01-13 13:54:00-08:00,2026-01-13,65,False
2026-01-13 13:57:00-08:00,2026-01-13,63,False
2026-01-13 14:00:00-08:00,2026-01-13,52,False
2026-01-13 14:03:00-08:00,2026-01-13,55,False
2026-01-13 14:06:00-08:00,2026-01-13,40,False
2026-01-13 14:09:00-08:00,2026-01-13,67,False
2026-01-13 14:12:00-08:00,2026-01-13,63,False
2026-01-13 14:15:00-08:00,2026-01-13,56,False
2026-01-13 14:18:00-08:00,2026-01-13,56,False
2026-01-13 14:21:00-08:00,2026-01-13,42,False
2026-01-13 14:24:00-08:00,2026-01-13,42,False
2026-01-13 14:27:00-08:00,2026-01-13,55,False
2026-01-13 14:30:00-08:00,2026-01-13,61,False
2026-01-13 14:33:00-08:00,2026-01-13,59,False
2026-01-13 14:36:00-08:00,2026-01-13,40,False
2026-01-13 14:39:00-08:00,2026-01-13,48,False
2026-01-13 14:42:00-08:00,2026-01-13,46,False
2026-01-13 14:45:00-08:00,2026-01-13,45,False
2026-01-13 14:48:00-08:00,2026-01-13,37,False
2026-01-13 14:51:00-08:00,2026-01-13,25,False
2026-01-13 14:54:00-08:00,2026-01-13,34,False
2026-01-13 14:57:00-08:00,2026-01-13,34,False
2026-01-13 15:00:00-08:00,2026-01-13,-1,True
2026-01-13 15:03:00-08:00,2026-01-13,25,False
2026-01-13 15:06:00-08:00,2026-01-13,28,False
2026-01-13 15:09:00-08:00,2026-01-13,37,False
2026-01-13 15:12:00-08:00,2026-01-13,61,False
2026-01-13 15:15:00-08:00,2026-01-13,-1,True
2026-01-13 15:18:00-08:00,2026-01-13,43,False
2026-01-13 15:21:00-08:00,2026-01-13,28,False
2026-01-13 15:24:00-08:00,2026-01-13,25,False
2026-01-13 15:27:00-08:00,2026-01-13,53,False
2026-01-13 15:30:00-08:00,2026-01-13,52,False
2026-01-13 15:33:00-08:00,2026-01-13,31,False
2026-01-13 15:36:00-08:00,2026-01-13,28,False
2026-01-13 15:39:00-08:00,2026-01-13,57,False
2026-01-13 15:42:00-08:00,2026-01-13,57,False
2026-01-13 15:45:00-08:00,2026-01-13,57,False
2026-01-13 15:48:00-08:00,2026-01-13,73,False
2026-01-13 15:51:00-08:00,2026-01-13,71,False
2026-01-13 15:54:00-08:00,2026-01-13,67,False
2026-01-13 15:57:00-08:00,2026-01-13,70,False
2026-01-13 16:00:00-08:00,2026-01-13,79,False
2026-01-13 16:03:00-08:00,2026-01-13,79,False
2026-01-13 16:06:00-08:00,2026-01-13,86,False
2026-01-13 16:09:00-08:00,2026-01-13,80,False
2026-01-13 16:12:00-08:00,2026-01-13,82,False
2026-01-13 16:15:00-08:00,2026-01-13,80,False
2026-01-13 16:18:00-08:00,2026-01-13,78,False
2026-01-13 16:21:00-08:00,2026-01-13,-1,True
2026-01-13 16:24:00-08:00,2026-01-13,-1,True
2026-01-13 16:27:00-08:00,2026-01-13,-1,True
2026-01-13 16:30:00-08:00,2026-01-13,-1,True
2026-01-13 16:33:00-08:00,2026-01-13,-1,True
2026-01-13 16:36:00-08:00,2026-01-13,-2,True
2026-01-13 16:39:00-08:00,2026-01-13,96,False
2026-01-13 16:42:00-08:00,2026-01-13,81,False
2026-01-13 16:45:00-08:00,2026-01-13,83,False
2026-01-13 16:48:00-08:00,2026-01-13,81,False
2026-01-13 16:51:00-08:00,2026-01-13,74,False
2026-01-13 16:54:00-08:00,2026-01-13,73,False
2026-01-13 16:57:00-08:00,2026-01-13,73,False
2026-01-13 17:00:00-08:00,2026-01-13,72,False
2026-01-13 17:03:00-08:00,2026-01-13,-1,True
2026-01-13 17:06:00-08:00,2026-01-13,66,False
2026-01-13 17:09:00-08:00,2026-01-13,62,False
2026-01-13 17:12:00-08:00,2026-01-13,65,False
2026-01-13 17:15:00-08:00,2026-01-13,-1,True
2026-01-13 17:18:00-08:00,2026-01-13,-1,True
2026-01-13 17:21:00-08:00,2026-01-13,76,False
2026-01-13 17:24:00-08:00,2026-01-13,70,False
2026-01-13 17:27:00-08:00,2026-01-13,88,False
2026-01-13 17:30:00-08:00,2026-01-13,88,False
2026-01-13 17:33:00-08:00,2026-01-13,89,False
2026-01-13 17:36:00-08:00,2026-01-13,88,False
2026-01-13 17:39:00-08:00,2026-01-13,88,False
2026-01-13 17:42:00-08:00,2026-01-13,94,False
2026-01-13 17:45:00-08:00,2026-01-13,97,False
2026-01-13 17:48:00-08:00,2026-01-13,97,False
2026-01-13 17:51:00-08:00,2026-01-13,-2,True
2026-01-13 17:54:00-08:00,2026-01-13,97,False
2026-01-13 17:57:00-08:00,2026-01-13,97,False
2026-01-13 18:00:00-08:00,2026-01-13,98,False
2026-01-13 18:03:00-08:00,2026-01-13,97,False
2026-01-13 18:06:00-08:00,2026-01-13,97,False
2026-01-13 18:09:00-08:00,2026-01-13,97,False
2026-01-13 18:12:00-08:00,2026-01-13,95,False
2026-01-13 18:15:00-08:00,2026-01-13,92,False
2026-01-13 18:18:00-08:00,2026-01-13,91,False
2026-01-13 18:21:00-08:00,2026-01-13,87,False
2026-01-13 18:24:00-08:00,2026-01-13,91,False
2026-01-13 18:27:00-08:00,2026-01-13,85,False
2026-01-13 18:30:00-08:00,2026-01-13,88,False
2026-01-13 18:33:00-08:00,2026-01-13,88,False
2026-01-13 18:36:00-08:00,2026-01-13,84,False
2026-01-13 18:39:00-08:00,2026-01-13,82,False
2026-01-13 18:42:00-08:00,2026-01-13,-1,True
2026-01-13 18:45:00-08:00,2026-01-13,73,False
2026-01-13 18:48:00-08:00,2026-01-13,82,False
2026-01-13 18:51:00-08:00,2026-01-13,87,False
2026-01-13 18:54:00-08:00,2026-01-13,83,False
2026-01-13 18:57:00-08:00,2026-01-13,79,False
2026-01-13 19:00:00-08:00,2026-01-13,83,False
2026-01-13 19:03:00-08:00,2026-01-13,81,False
2026-01-13 19:06:00-08:00,2026-01-13,85,False
2026-01-13 19:09:00-08:00,2026-01-13,-1,True
2026-01-13 19:12:00-08:00,2026-01-13,73,False
2026-01-13 19:15:00-08:00,2026-01-13,-1,True
2026-01-13 19:18:00-08:00,2026-01-13,90,False
2026-01-13 19:21:00-08:00,2026-01-13,96,False
2026-01-13 19:24:00-08:00,2026-01-13,90,False
2026-01-13 19:27:00-08:00,2026-01-13,-2,True
2026-01-13 19:30:00-08:00,2026-01-13,-2,True
2026-01-13 19:33:00-08:00,2026-01-13,-2,True
2026-01-13 19:36:00-08:00,2026-01-13,-2,True
2026-01-13 19:39:00-08:00,2026-01-13,-2,True
2026-01-13 19:42:00-08:00,2026-01-13,-1,True
2026-01-13 19:45:00-08:00,2026-01-13,-1,True
2026-01-13 19:48:00-08:00,2026-01-13,-1,True
2026-01-13 19:51:00-08:00,2026-01-13,-1,True
2026-01-13 19:54:00-08:00,2026-01-13,-1,True
2026-01-13 19:57:00-08:00,2026-01-13,-1,True
2026-01-13 20:00:00-08:00,2026-01-13,-1,True
2026-01-13 20:03:00-08:00,2026-01-13,-1,True
2026-01-13 20:06:00-08:00,2026-01-13,-1,True
2026-01-13 20:09:00-08:00,2026-01-13,-1,True
2026-01-13 20:12:00-08:00,2026-01-13,-1,True
2026-01-13 20:15:00-08:00,2026-01-13,-1,True
2026-01-13 20:18:00-08:00,2026-01-13,82,False
2026-01-13 20:21:00-08:00,2026-01-13,85,False
2026-01-13 20:24:00-08:00,2026-01-13,78,False
2026-01-13 20:27:00-08:00,2026-01-13,83,False
2026-01-13 20:30:00-08:00,2026-01-13,68,False
2026-01-13 20:33:00-08:00,2026-01-13,76,False
2026-01-13 20:36:00-08:00,2026-01-13,82,False
2026-01-13 20:39:00-08:00,2026-01-13,78,False
2026-01-13 20:42:00-08:00,2026-01-13,77,False
2026-01-13 20:45:00-08:00,2026-01-13,79,False
2026-01-13 20:48:00-08:00,2026-01-13,82,False
2026-01-13 20:51:00-08:00,2026-01-13,79,False
2026-01-13 20:54:00-08:00,2026-01-13,77,False
2026-01-13 20:57:00-08:00,2026-01-13,73,False
2026-01-13 21:00:00-08:00,2026-01-13,81,False
2026-01-13 21:03:00-08:00,2026-01-13,82,False
2026-01-13 21:06:00-08:00,2026-01-13,73,False
2026-01-13 21:09:00-08:00,2026-01-13,65,False
2026-01-13 21:12:00-08:00,2026-01-13,-1,True
2026-01-13 21:15:00-08:00,2026-01-13,86,False
2026-01-13 21:18:00-08:00,2026-01-13,72,False
2026-01-13 21:21:00-08:00,2026-01-13,41,False
2026-01-13 21:24:00-08:00,2026-01-13,52,False
2026-01-13 21:27:00-08:00,2026-01-13,57,False
2026-01-13 21:30:00-08:00,2026-01-13,64,False
2026-01-13 21:33:00-08:00,2026-01-13,40,False
2026-01-13 21:36:00-08:00,2026-01-13,30,False
2026-01-13 21:39:00-08:00,2026-01-13,55,False
2026-01-13 21:42:00-08:00,2026-01-13,64,False
2026-01-13 21:45:00-08:00,2026-01-13,51,False
2026-01-13 21:48:00-08:00,2026-01-13,51,False
2026-01-13 21:51:00-08:00,2026-01-13,55,False
2026-01-13 21:54:00-08:00,2026-01-13,50,False
2026-01-13 21:57:00-08:00,2026-01-13,65,False
2026-01-13 22:00:00-08:00,2026-01-13,60,False
2026-01-13 22:03:00-08:00,2026-01-13,67,False
2026-01-13 22:06:00-08:00,2026-01-13,-1,True
2026-01-13 22:09:00-08:00,2026-01-13,45,False
2026-01-13 22:12:00-08:00,2026-01-13,46,False
2026-01-13 22:15:00-08:00,2026-01-13,43,False
2026-01-13 22:18:00-08:00,2026-01-13,34,False
2026-01-13 22:21:00-08:00,2026-01-13,37,False
2026-01-13 22:24:00-08:00,2026-01-13,34,False
2026-01-13 22:27:00-08:00,2026-01-13,33,False
2026-01-13 22:30:00-08:00,2026-01-13,26,False
2026-01-13 22:33:00-08:00,2026-01-13,24,False
2026-01-13 22:36:00-08:00,2026-01-13,35,False
2026-01-13 22:39:00-08:00,2026-01-13,35,False
2026-01-13 22:42:00-08:00,2026-01-13,47,False
2026-01-13 22:45:00-08:00,2026-01-13,-1,True
2026-01-13 22:48:00-08:00,2026-01-13,38,False
2026-01-13 22:51:00-08:00,2026-01-13,50,False
2026-01-13 22:54:00-08:00,2026-01-13,41,False
2026-01-13 22:57:00-08:00,2026-01-13,28,False
2026-01-13 23:00:00-08:00,2026-01-13,32,False
2026-01-13 23:03:00-08:00,2026-01-13,-1,True
2026-01-13 23:06:00-08:00,2026-01-13,88,False
2026-01-13 23:09:00-08:00,2026-01-13,84,False
2026-01-13 23:12:00-08:00,2026-01-13,26,False
2026-01-13 23:15:00-08:00,2026-01-13,23,False
2026-01-13 23:18:00-08:00,2026-01-13,39,False
2026-01-13 23:21:00-08:00,2026-01-13,35,False
2026-01-13 23:24:00-08:00,2026-01-13,41,False
2026-01-13 23:27:00-08:00,2026-01-13,24,False
2026-01-13 23:30:00-08:00,2026-01-13,22,False
2026-01-13 23:33:00-08:00,2026-01-13,21,False
2026-01-13 23:36:00-08:00,2026-01-13,21,False
2026-01-13 23:39:00-08:00,2026-01-13,20,False
2026-01-13 23:42:00-08:00,2026-01-13,20,False
2026-01-13 23:45:00-08:00,2026-01-13,19,False
2026-01-13 23:48:00-08:00,2026-01-13,19,False
2026-01-13 23:51:00-08:00,2026-01-13,20,False
2026-01-13 23:54:00-08:00,2026-01-13,21,False
2026-01-13 23:57:00-08:00,2026-01-13,19,False
2026-01-14 00:00:00-08:00,2026-01-14,19,False
2026-01-14 00:03:00-08:00,2026-01-14,17,False
2026-01-14 00:06:00-08:00,2026-01-14,18,False
2026-01-14 00:09:00-08:00,2026-01-14,17,False
2026-01-14 00:12:00-08:00,2026-01-14,15,False
2026-01-14 00:15:00-08:00,2026-01-14,44,False
2026-01-14 00:18:00-08:00,2026-01-14,19,False
2026-01-14 00:21:00-08:00,2026-01-14,20,False
2026-01-14 00:24:00-08:00,2026-01-14,18,False
2026-01-14 00:27:00-08:00,2026-01-14,20,False
2026-01-14 00:30:00-08:00,2026-01-14,19,False
2026-01-14 00:33:00-08:00,2026-01-14,20,False
2026-01-14 00:36:00-08:00,2026-01-14,24,False
2026-01-14 00:39:00-08:00,2026-01-14,22,False
2026-01-14 00:42:00-08:00,2026-01-14,22,False
2026-01-14 00:45:00-08:00,2026-01-14,18,False
2026-01-14 00:48:00-08:00,2026-01-14,17,False
2026-01-14 00:51:00-08:00,2026-01-14,21,False
2026-01-14 00:54:00-08:00,2026-01-14,25,False
2026-01-14 00:57:00-08:00,2026-01-14,31,False
2026-01-14 01:00:00-08:00,2026-01-14,23,False
2026-01-14 01:03:00-08:00,2026-01-14,23,False
2026-01-14 01:06:00-08:00,2026-01-14,24,False
2026-01-14 01:09:00-08:00,2026-01-14,18,False
2026-01-14 01:12:00-08:00,2026-01-14,18,False
2026-01-14 01:15:00-08:00,2026-01-14,18,False
2026-01-14 01:18:00-08:00,2026-01-14,20,False
2026-01-14 01:21:00-08:00,2026-01-14,18,False
2026-01-14 01:24:00-08:00,2026-01-14,18,False
2026-01-14 01:27:00-08:00,2026-01-14,16,False
2026-01-14 01:30:00-08:00,2026-01-14,32,False
2026-01-14 01:33:00-08:00,2026-01-14,24,False
2026-01-14 01:36:00-08:00,2026-01-14,22,False
2026-01-14 01:39:00-08:00,2026-01-14,20,False
2026-01-14 01:42:00-08:00,2026-01-14,15,False
2026-01-14 01:45:00-08:00,2026-01-14,18,False
2026-01-14 01:48:00-08:00,2026-01-14,18,False
2026-01-14 01:51:00-08:00,2026-01-14,15,False
2026-01-14 01:54:00-08:00,2026-01-14,16,False
2026-01-14 01:57:00-08:00,2026-01-14,17,False
2026-01-14 02:00:00-08:00,2026-01-14,18,False
2026-01-14 02:03:00-08:00,2026-01-14,21,False
2026-01-14 02:06:00-08:00,2026-01-14,17,False
2026-01-14 02:09:00-08:00,2026-01-14,15,False
2026-01-14 02:12:00-08:00,2026-01-14,16,False
2026-01-14 02:15:00-08:00,2026-01-14,17,False
2026-01-14 02:18:00-08:00,2026-01-14,11,True
2026-01-14 02:21:00-08:00,2026-01-14,9,True
2026-01-14 02:24:00-08:00,2026-01-14,12,True
2026-01-14 02:27:00-08:00,2026-01-14,15,False
2026-01-14 02:30:00-08:00,2026-01-14,14,True
2026-01-14 02:33:00-08:00,2026-01-14,11,True
2026-01-14 02:36:00-08:00,2026-01-14,9,True
2026-01-14 02:39:00-08:00,2026-01-14,11,True
2026-01-14 02:42:00-08:00,2026-01-14,11,True
2026-01-14 02:45:00-08:00,2026-01-14,13,True
2026-01-14 02:48:00-08:00,2026-01-14,16,False
2026-01-14 02:51:00-08:00,2026-01-14,13,True
2026-01-14 02:54:00-08:00,2026-01-14,11,True
2026-01-14 02:57:00-08:00,2026-01-14,12,True
2026-01-14 03:00:00-08:00,2026-01-14,12,True
2026-01-14 03:03:00-08:00,2026-01-14,10,True
2026-01-14 03:06:00-08:00,2026-01-14,9,True
2026-01-14 03:09:00-08:00,2026-01-14,9,True
2026-01-14 03:12:00-08:00,2026-01-14,8,True
2026-01-14 03:15:00-08:00,2026-01-14,9,True
2026-01-14 03:18:00-08:00,2026-01-14,12,True
2026-01-14 03:21:00-08:00,2026-01-14,13,True
2026-01-14 03:24:00-08:00,2026-01-14,9,True
2026-01-14 03:27:00-08:00,2026-01-14,15,False
2026-01-14 03:30:00-08:00,2026-01-14,11,True
2026-01-14 03:33:00-08:00,2026-01-14,7,True
2026-01-14 03:36:00-08:00,2026-01-14,9,True
2026-01-14 03:39:00-08:00,2026-01-14,15,False
2026-01-14 03:42:00-08:00,2026-01-14,17,False
2026-01-14 03:45:00-08:00,2026-01-14,25,False
2026-01-14 03:48:00-08:00,2026-01-14,22,False
2026-01-14 03:51:00-08:00,2026-01-14,13,True
2026-01-14 03:54:00-08:00,2026-01-14,23,False
2026-01-14 03:57:00-08:00,2026-01-14,17,False
2026-01-14 04:00:00-08:00,2026-01-14,9,True
2026-01-14 04:03:00-08:00,2026-01-14,14,True
2026-01-14 04:06:00-08:00,2026-01-14,14,True
2026-01-14 04:09:00-08:00,2026-01-14,20,False
2026-01-14 04:12:00-08:00,2026-01-14,25,False
2026-01-14 04:15:00-08:00,2026-01-14,11,True
2026-01-14 04:18:00-08:00,2026-01-14,14,True
2026-01-14 04:21:00-08:00,2026-01-14,16,False
2026-01-14 04:24:00-08:00,2026-01-14,13,True
2026-01-14 04:27:00-08:00,2026-01-14,13,True
2026-01-14 04:30:00-08:00,2026-01-14,16,False
2026-01-14 04:33:00-08:00,2026-01-14,16,False
2026-01-14 04:36:00-08:00,2026-01-14,14,True
2026-01-14 04:39:00-08:00,2026-01-14,14,True
2026-01-14 04:42:00-08:00,2026-01-14,11,True
2026-01-14 04:45:00-08:00,2026-01-14,16,False
2026-01-14 04:48:00-08:00,2026-01-14,16,False
2026-01-14 04:51:00-08:00,2026-01-14,25,False
2026-01-14 04:54:00-08:00,2026-01-14,17,False
2026-01-14 04:57:00-08:00,2026-01-14,17,False
2026-01-14 05:00:00-08:00,2026-01-14,19,False
2026-01-14 05:03:00-08:00,2026-01-14,17,False
2026-01-14 05:06:00-08:00,2026-01-14,16,False
2026-01-14 05:09:00-08:00,2026-01-14,16,False
2026-01-14 05:12:00-08:00,2026-01-14,13,True
2026-01-14 05:15:00-08:00,2026-01-14,18,False
2026-01-14 05:18:00-08:00,2026-01-14,20,False
2026-01-14 05:21:00-08:00,2026-01-14,16,False
2026-01-14 05:24:00-08:00,2026-01-14,15,False
2026-01-14 05:27:00-08:00,2026-01-14,16,False
2026-01-14 05:30:00-08:00,2026-01-14,20,False
2026-01-14 05:33:00-08:00,2026-01-14,16,False
2026-01-14 05:36:00-08:00,2026-01-14,17,False
2026-01-14 05:39:00-08:00,2026-01-14,20,False
2026-01-14 05:42:00-08:00,2026-01-14,21,False
2026-01-14 05:45:00-08:00,2026-01-14,22,False
2026-01-14 05:48:00-08:00,2026-01-14,20,False
2026-01-14 05:51:00-08:00,2026-01-14,24,False
2026-01-14 05:54:00-08:00,2026-01-14,23,False
2026-01-14 05:57:00-08:00,2026-01-14,19,False
2026-01-14 06:00:00-08:00,2026-01-14,21,False
2026-01-14 06:03:00-08:00,2026-01-14,16,False
2026-01-14 06:06:00-08:00,2026-01-14,17,False
2026-01-14 06:09:00-08:00,2026-01-14,19,False
2026-01-14 06:12:00-08:00,2026-01-14,13,True
2026-01-14 06:15:00-08:00,2026-01-14,22,False
2026-01-14 06:18:00-08:00,2026-01-14,22,False
2026-01-14 06:21:00-08:00,2026-01-14,19,False
2026-01-14 06:24:00-08:00,2026-01-14,33,False
2026-01-14 06:27:00-08:00,2026-01-14,46,False
2026-01-14 06:30:00-08:00,2026-01-14,52,False
2026-01-14 06:33:00-08:00,2026-01-14,-1,True
2026-01-14 06:36:00-08:00,2026-01-14,76,False
2026-01-14 06:39:00-08:00,2026-01-14,61,False
2026-01-14 06:42:00-08:00,2026-01-14,59,False
2026-01-14 06:45:00-08:00,2026-01-14,36,False
2026-01-14 06:48:00-08:00,2026-01-14,33,False
2026-01-14 06:51:00-08:00,2026-01-14,42,False
2026-01-14 06:54:00-08:00,2026-01-14,49,False
2026-01-14 06:57:00-08:00,2026-01-14,44,False
2026-01-14 07:00:00-08:00,2026-01-14,49,False
2026-01-14 07:03:00-08:00,2026-01-14,31,False
2026-01-14 07:06:00-08:00,2026-01-14,20,False
2026-01-14 07:09:00-08:00,2026-01-14,26,False
2026-01-14 07:12:00-08:00,2026-01-14,18,False
2026-01-14 07:15:00-08:00,2026-01-14,25,False
2026-01-14 07:18:00-08:00,2026-01-14,-1,True
2026-01-14 07:21:00-08:00,2026-01-14,54,False
2026-01-14 07:24:00-08:00,2026-01-14,60,False
2026-01-14 07:27:00-08:00,2026-01-14,70,False
2026-01-14 07:30:00-08:00,2026-01-14,36,False
2026-01-14 07:33:00-08:00,2026-01-14,23,False
2026-01-14 07:36:00-08:00,2026-01-14,20,False
2026-01-14 07:39:00-08:00,2026-01-14,24,False
2026-01-14 07:42:00-08:00,2026-01-14,28,False
2026-01-14 07:45:00-08:00,2026-01-14,24,False
2026-01-14 07:48:00-08:00,2026-01-14,35,False
2026-01-14 07:51:00-08:00,2026-01-14,47,False
2026-01-14 07:54:00-08:00,2026-01-14,37,False
2026-01-14 07:57:00-08:00,2026-01-14,37,False
2026-01-14 08:00:00-08:00,2026-01-14,44,False
2026-01-14 08:03:00-08:00,2026-01-14,49,False
2026-01-14 08:06:00-08:00,2026-01-14,24,False
2026-01-14 08:09:00-08:00,2026-01-14,20,False
2026-01-14 08:12:00-08:00,2026-01-14,22,False
2026-01-14 08:15:00-08:00,2026-01-14,22,False
2026-01-14 08:18:00-08:00,2026-01-14,18,False
2026-01-14 08:21:00-08:00,2026-01-14,20,False
2026-01-14 08:24:00-08:00,2026-01-14,25,False
2026-01-14 08:27:00-08:00,2026-01-14,56,False
2026-01-14 08:30:00-08:00,2026-01-14,-2,True
2026-01-14 08:33:00-08:00,2026-01-14,-1,True
2026-01-14 08:36:00-08:00,2026-01-14,-1,True
2026-01-14 08:39:00-08:00,2026-01-14,-1,True
2026-01-14 08:42:00-08:00,2026-01-14,-1,True
2026-01-14 08:45:00-08:00,2026-01-14,14,True
2026-01-14 08:48:00-08:00,2026-01-14,-2,True
2026-01-14 08:51:00-08:00,2026-01-14,-1,True
2026-01-14 08:54:00-08:00,2026-01-14,20,False
2026-01-14 08:57:00-08:00,2026-01-14,21,False
2026-01-14 09:00:00-08:00,2026-01-14,24,False
2026-01-14 09:03:00-08:00,2026-01-14,15,False
2026-01-14 09:06:00-08:00,2026-01-14,22,False
2026-01-14 09:09:00-08:00,2026-01-14,24,False
2026-01-14 09:12:00-08:00,2026-01-14,-1,True
2026-01-14 09:15:00-08:00,2026-01-14,-1,True
2026-01-14 09:18:00-08:00,2026-01-14,25,False
2026-01-14 09:21:00-08:00,2026-01-14,31,False
2026-01-14 09:24:00-08:00,2026-01-14,18,False
2026-01-14 09:27:00-08:00,2026-01-14,-1,True
2026-01-14 09:30:00-08:00,2026-01-14,-1,True
2026-01-14 09:33:00-08:00,2026-01-14,-1,True
2026-01-14 09:36:00-08:00,2026-01-14,-1,True
2026-01-14 09:39:00-08:00,2026-01-14,-1,True
2026-01-14 09:42:00-08:00,2026-01-14,23,False
2026-01-14 09:45:00-08:00,2026-01-14,53,False
2026-01-14 09:48:00-08:00,2026-01-14,31,False
2026-01-14 09:51:00-08:00,2026-01-14,24,False
2026-01-14 09:54:00-08:00,2026-01-14,20,False
2026-01-14 09:57:00-08:00,2026-01-14,21,False
2026-01-14 10:00:00-08:00,2026-01-14,20,False
2026-01-14 10:03:00-08:00,2026-01-14,-1,True
2026-01-14 10:06:00-08:00,2026-01-14,44,False
2026-01-14 10:09:00-08:00,2026-01-14,23,False
2026-01-14 10:12:00-08:00,2026-01-14,25,False
2026-01-14 10:15:00-08:00,2026-01-14,22,False
2026-01-14 10:18:00-08:00,2026-01-14,18,False
2026-01-14 10:21:00-08:00,2026-01-14,22,False
2026-01-14 10:24:00-08:00,2026-01-14,25,False
2026-01-14 10:27:00-08:00,2026-01-14,31,False
2026-01-14 10:30:00-08:00,2026-01-14,22,False
2026-01-14 10:33:00-08:00,2026-01-14,21,False
2026-01-14 10:36:00-08:00,2026-01-14,19,False
2026-01-14 10:39:00-08:00,2026-01-14,25,False
2026-01-14 10:42:00-08:00,2026-01-14,23,False
2026-01-14 10:45:00-08:00,2026-01-14,20,False
2026-01-14 10:48:00-08:00,2026-01-14,21,False
2026-01-14 10:51:00-08:00,2026-01-14,25,False
2026-01-14 10:54:00-08:00,2026-01-14,21,False
2026-01-14 10:57:00-08:00,2026-01-14,18,False
2026-01-14 11:00:00-08:00,2026-01-14,15,False
2026-01-14 11:03:00-08:00,2026-01-14,16,False
2026-01-14 11:06:00-08:00,2026-01-14,17,False
2026-01-14 11:09:00-08:00,2026-01-14,19,False
2026-01-14 11:12:00-08:00,2026-01-14,18,False
2026-01-14 11:15:00-08:00,2026-01-14,14,True
2026-01-14 11:18:00-08:00,2026-01-14,12,True
2026-01-14 11:21:00-08:00,2026-01-14,16,False
2026-01-14 11:24:00-08:00,2026-01-14,17,False
2026-01-14 11:27:00-08:00,2026-01-14,40,False
2026-01-14 11:30:00-08:00,2026-01-14,32,False
2026-01-14 11:33:00-08:00,2026-01-14,-1,True
2026-01-14 11:36:00-08:00,2026-01-14,-1,True
2026-01-14 11:39:00-08:00,2026-01-14,-1,True
2026-01-14 11:42:00-08:00,2026-01-14,-2,True
2026-01-14 11:45:00-08:00,2026-01-14,-1,True
2026-01-14 11:48:00-08:00,2026-01-14,20,False
2026-01-14 11:51:00-08:00,2026-01-14,18,False
2026-01-14 11:54:00-08:00,2026-01-14,24,False
2026-01-14 11:57:00-08:00,2026-01-14,24,False
2026-01-14 12:00:00-08:00,2026-01-14,30,False
2026-01-14 12:03:00-08:00,2026-01-14,55,False
2026-01-14 12:06:00-08:00,2026-01-14,-1,True
2026-01-14 12:09:00-08:00,2026-01-14,-2,True
2026-01-14 12:12:00-08:00,2026-01-14,-1,True
2026-01-14 12:15:00-08:00,2026-01-14,37,False
2026-01-14 12:18:00-08:00,2026-01-14,-1,True
2026-01-14 12:21:00-08:00,2026-01-14,-1,True
2026-01-14 12:24:00-08:00,2026-01-14,-2,True
2026-01-14 12:27:00-08:00,2026-01-14,-1,True
2026-01-14 12:30:00-08:00,2026-01-14,-2,True
2026-01-14 12:33:00-08:00,2026-01-14,-2,True
2026-01-14 12:36:00-08:00,2026-01-14,-2,True
2026-01-14 12:39:00-08:00,2026-01-14,-2,True
2026-01-14 12:42:00-08:00,2026-01-14,-2,True
2026-01-14 12:45:00-08:00,2026-01-14,-2,True
2026-01-14 12:48:00-08:00,2026-01-14,-2,True
2026-01-14 12:51:00-08:00,2026-01-14,-1,True
2026-01-14 12:54:00-08:00,2026-01-14,-1,True
2026-01-14 12:57:00-08:00,2026-01-14,-2,True
2026-01-14 13:00:00-08:00,2026-01-14,-2,True
2026-01-14 13:03:00-08:00,2026-01-14,-1,True
2026-01-14 13:06:00-08:00,2026-01-14,83,False
2026-01-14 13:09:00-08:00,2026-01-14,70,False
2026-01-14 13:12:00-08:00,2026-01-14,61,False
2026-01-14 13:15:00-08:00,2026-01-14,61,False
2026-01-14 13:18:00-08:00,2026-01-14,61,False
2026-01-14 13:21:00-08:00,2026-01-14,61,False
2026-01-14 13:24:00-08:00,2026-01-14,-1,True
2026-01-14 13:27:00-08:00,2026-01-14,61,False
2026-01-14 13:30:00-08:00,2026-01-14,63,False
2026-01-14 13:33:00-08:00,2026-01-14,57,False
2026-01-14 13:36:00-08:00,2026-01-14,52,False
2026-01-14 13:39:00-08:00,2026-01-14,36,False
2026-01-14 13:42:00-08:00,2026-01-14,-1,True
2026-01-14 13:45:00-08:00,2026-01-14,-1,True
2026-01-14 13:48:00-08:00,2026-01-14,52,False
2026-01-14 13:51:00-08:00,2026-01-14,54,False
2026-01-14 13:54:00-08:00,2026-01-14,60,False
2026-01-14 13:57:00-08:00,2026-01-14,70,False
2026-01-14 14:00:00-08:00,2026-01-14,73,False
2026-01-14 14:03:00-08:00,2026-01-14,78,False
2026-01-14 14:06:00-08:00,2026-01-14,82,False
2026-01-14 14:09:00-08:00,2026-01-14,73,False
2026-01-14 14:12:00-08:00,2026-01-14,64,False
2026-01-14 14:15:00-08:00,2026-01-14,66,False
2026-01-14 14:18:00-08:00,2026-01-14,72,False
2026-01-14 14:21:00-08:00,2026-01-14,70,False
2026-01-14 14:24:00-08:00,2026-01-14,80,False
2026-01-14 14:27:00-08:00,2026-01-14,72,False
2026-01-14 14:30:00-08:00,2026-01-14,54,False
2026-01-14 14:33:00-08:00,2026-01-14,58,False
2026-01-14 14:36:00-08:00,2026-01-14,53,False
2026-01-14 14:39:00-08:00,2026-01-14,55,False
2026-01-14 14:42:00-08:00,2026-01-14,43,False
2026-01-14 14:45:00-08:00,2026-01-14,-1,True
2026-01-14 14:48:00-08:00,2026-01-14,-2,True
2026-01-14 14:51:00-08:00,2026-01-14,-2,True
2026-01-14 14:54:00-08:00,2026-01-14,86,False
2026-01-14 14:57:00-08:00,2026-01-14,79,False
2026-01-14 15:00:00-08:00,2026-01-14,61,False
2026-01-14 15:03:00-08:00,2026-01-14,-1,True
2026-01-14 15:06:00-08:00,2026-01-14,-2,True
2026-01-14 15:09:00-08:00,2026-01-14,-2,True
2026-01-14 15:12:00-08:00,2026-01-14,-2,True
2026-01-14 15:15:00-08:00,2026-01-14,-2,True
2026-01-14 15:18:00-08:00,2026-01-14,-2,True
2026-01-14 15:21:00-08:00,2026-01-14,-2,True
2026-01-14 15:24:00-08:00,2026-01-14,-2,True
2026-01-14 15:27:00-08:00,2026-01-14,-2,True
2026-01-14 15:30:00-08:00,2026-01-14,-2,True
2026-01-14 15:33:00-08:00,2026-01-14,-2,True
2026-01-14 15:36:00-08:00,2026-01-14,-2,True
2026-01-14 15:39:00-08:00,2026-01-14,-2,True
2026-01-14 15:42:00-08:00,2026-01-14,-2,True
2026-01-14 15:45:00-08:00,2026-01-14,-2,True
2026-01-14 15:48:00-08:00,2026-01-14,-2,True
2026-01-14 15:51:00-08:00,2026-01-14,-2,True
2026-01-14 15:54:00-08:00,2026-01-14,-2,True
2026-01-14 15:57:00-08:00,2026-01-14,-2,True
2026-01-14 16:00:00-08:00,2026-01-14,-1,True
2026-01-14 16:03:00-08:00,2026-01-14,-1,True
2026-01-14 16:06:00-08:00,2026-01-14,-1,True
2026-01-14 16:09:00-08:00,2026-01-14,-1,True
2026-01-14 16:12:00-08:00,2026-01-14,-2,True
2026-01-14 16:15:00-08:00,2026-01-14,-2,True
2026-01-14 16:18:00-08:00,2026-01-14,-2,True
2026-01-14 16:21:00-08:00,2026-01-14,-1,True
2026-01-14 16:24:00-08:00,2026-01-14,-1,True
2026-01-14 16:27:00-08:00,2026-01-14,-1,True
2026-01-14 16:30:00-08:00,2026-01-14,-1,True
2026-01-14 16:33:00-08:00,2026-01-14,-1,True
2026-01-14 16:36:00-08:00,2026-01-14,16,False
2026-01-14 16:39:00-08:00,2026-01-14,85,False
2026-01-14 16:42:00-08:00,2026-01-14,88,False
2026-01-14 16:45:00-08:00,2026-01-14,92,False
2026-01-14 16:48:00-08:00,2026-01-14,94,False
2026-01-14 16:51:00-08:00,2026-01-14,94,False
2026-01-14 16:54:00-08:00,2026-01-14,89,False
2026-01-14 16:57:00-08:00,2026-01-14,91,False
2026-01-14 17:00:00-08:00,2026-01-14,91,False
2026-01-14 17:03:00-08:00,2026-01-14,95,False
2026-01-14 17:06:00-08:00,2026-01-14,85,False
2026-01-14 17:09:00-08:00,2026-01-14,-2,True
2026-01-14 17:12:00-08:00,2026-01-14,-2,True
2026-01-14 17:15:00-08:00,2026-01-14,95,False
2026-01-14 17:18:00-08:00,2026-01-14,96,False
2026-01-14 17:21:00-08:00,2026-01-14,-1,True
2026-01-14 17:24:00-08:00,2026-01-14,-2,True
2026-01-14 17:27:00-08:00,2026-01-14,-1,True
2026-01-14 17:30:00-08:00,2026-01-14,95,False
2026-01-14 17:33:00-08:00,2026-01-14,-1,True
2026-01-14 17:36:00-08:00,2026-01-14,-1,True
2026-01-14 17:39:00-08:00,2026-01-14,-1,True
2026-01-14 17:42:00-08:00,2026-01-14,-2,True
2026-01-14 17:45:00-08:00,2026-01-14,81,False
2026-01-14 17:48:00-08:00,2026-01-14,-1,True
2026-01-14 17:51:00-08:00,2026-01-14,-1,True
2026-01-14 17:54:00-08:00,2026-01-14,-1,True
2026-01-14 17:57:00-08:00,2026-01-14,-1,True
2026-01-14 18:00:00-08:00,2026-01-14,76,False
2026-01-14 18:03:00-08:00,2026-01-14,87,False
2026-01-14 18:06:00-08:00,2026-01-14,85,False
2026-01-14 18:09:00-08:00,2026-01-14,78,False
2026-01-14 18:12:00-08:00,2026-01-14,-1,True
2026-01-14 18:15:00-08:00,2026-01-14,-1,True
2026-01-14 18:18:00-08:00,2026-01-14,81,False
2026-01-14 18:21:00-08:00,2026-01-14,70,False
2026-01-14 18:24:00-08:00,2026-01-14,73,False
2026-01-14 18:27:00-08:00,2026-01-14,49,False
2026-01-14 18:30:00-08:00,2026-01-14,38,False
2026-01-14 18:33:00-08:00,2026-01-14,49,False
2026-01-14 18:36:00-08:00,2026-01-14,-2,True
2026-01-14 18:39:00-08:00,2026-01-14,70,False
2026-01-14 18:42:00-08:00,2026-01-14,62,False
2026-01-14 18:45:00-08:00,2026-01-14,59,False
2026-01-14 18:48:00-08:00,2026-01-14,67,False
2026-01-14 18:51:00-08:00,2026-01-14,-1,True
2026-01-14 18:54:00-08:00,2026-01-14,71,False
2026-01-14 18:57:00-08:00,2026-01-14,-1,True
2026-01-14 19:00:00-08:00,2026-01-14,82,False
2026-01-14 19:03:00-08:00,2026-01-14,-2,True
2026-01-14 19:06:00-08:00,2026-01-14,82,False
2026-01-14 19:09:00-08:00,2026-01-14,49,False
2026-01-14 19:12:00-08:00,2026-01-14,67,False
2026-01-14 19:15:00-08:00,2026-01-14,60,False
2026-01-14 19:18:00-08:00,2026-01-14,69,False
2026-01-14 19:21:00-08:00,2026-01-14,52,False
2026-01-14 19:24:00-08:00,2026-01-14,82,False
2026-01-14 19:27:00-08:00,2026-01-14,-1,True
2026-01-14 19:30:00-08:00,2026-01-14,-1,True
2026-01-14 19:33:00-08:00,2026-01-14,44,False
2026-01-14 19:36:00-08:00,2026-01-14,28,False
2026-01-14 19:39:00-08:00,2026-01-14,-1,True
2026-01-14 19:42:00-08:00,2026-01-14,52,False
2026-01-14 19:45:00-08:00,2026-01-14,37,False
2026-01-14 19:48:00-08:00,2026-01-14,38,False
2026-01-14 19:51:00-08:00,2026-01-14,-2,True
2026-01-14 19:54:00-08:00,2026-01-14,-2,True
2026-01-14 19:57:00-08:00,2026-01-14,-2,True
2026-01-14 20:00:00-08:00,2026-01-14,-2,True
2026-01-14 20:03:00-08:00,2026-01-14,-1,True
2026-01-14 20:06:00-08:00,2026-01-14,-2,True
2026-01-14 20:09:00-08:00,2026-01-14,-2,True
2026-01-14 20:12:00-08:00,2026-01-14,-1,True
2026-01-14 20:15:00-08:00,2026-01-14,-1,True
2026-01-14 20:18:00-08:00,2026-01-14,-2,True
2026-01-14 20:21:00-08:00,2026-01-14,-2,True
2026-01-14 20:24:00-08:00,2026-01-14,-1,True
2026-01-14 20:27:00-08:00,2026-01-14,-2,True
2026-01-14 20:30:00-08:00,2026-01-14,-2,True
2026-01-14 20:33:00-08:00,2026-01-14,-1,True
2026-01-14 20:36:00-08:00,2026-01-14,81,False
2026-01-14 20:39:00-08:00,2026-01-14,77,False
2026-01-14 20:42:00-08:00,2026-01-14,61,False
2026-01-14 20:45:00-08:00,2026-01-14,45,False
2026-01-14 20:48:00-08:00,2026-01-14,23,False
2026-01-14 20:51:00-08:00,2026-01-14,-2,True
2026-01-14 20:54:00-08:00,2026-01-14,-2,True
2026-01-14 20:57:00-08:00,2026-01-14,-2,True
2026-01-14 21:00:00-08:00,2026-01-14,-2,True
2026-01-14 21:03:00-08:00,2026-01-14,-1,True
2026-01-14 21:06:00-08:00,2026-01-14,86,False
2026-01-14 21:09:00-08:00,2026-01-14,61,False
2026-01-14 21:12:00-08:00,2026-01-14,43,False
2026-01-14 21:15:00-08:00,2026-01-14,40,False
2026-01-14 21:18:00-08:00,2026-01-14,-1,True
2026-01-14 21:21:00-08:00,2026-01-14,-1,True
2026-01-14 21:24:00-08:00,2026-01-14,-1,True
2026-01-14 21:27:00-08:00,2026-01-14,33,False
2026-01-14 21:30:00-08:00,2026-01-14,34,False
2026-01-14 21:33:00-08:00,2026-01-14,52,False
2026-01-14 21:36:00-08:00,2026-01-14,-2,True
2026-01-14 21:39:00-08:00,2026-01-14,-2,True
2026-01-14 21:42:00-08:00,2026-01-14,-2,True
2026-01-14 21:45:00-08:00,2026-01-14,77,False
2026-01-14 21:48:00-08:00,2026-01-14,57,False
2026-01-14 21:51:00-08:00,2026-01-14,55,False
2026-01-14 21:54:00-08:00,2026-01-14,65,False
2026-01-14 21:57:00-08:00,2026-01-14,-2,True
2026-01-14 22:00:00-08:00,2026-01-14,-2,True
2026-01-14 22:03:00-08:00,2026-01-14,-1,True
2026-01-14 22:06:00-08:00,2026-01-14,83,False
2026-01-14 22:09:00-08:00,2026-01-14,63,False
2026-01-14 22:12:00-08:00,2026-01-14,-1,True
2026-01-14 22:15:00-08:00,2026-01-14,76,False
2026-01-14 22:18:00-08:00,2026-01-14,80,False
2026-01-14 22:21:00-08:00,2026-01-14,76,False
2026-01-14 22:24:00-08:00,2026-01-14,83,False
2026-01-14 22:27:00-08:00,2026-01-14,58,False
2026-01-14 22:30:00-08:00,2026-01-14,73,False
2026-01-14 22:33:00-08:00,2026-01-14,67,False
2026-01-14 22:36:00-08:00,2026-01-14,58,False
2026-01-14 22:39:00-08:00,2026-01-14,57,False
2026-01-14 22:42:00-08:00,2026-01-14,43,False
2026-01-14 22:45:00-08:00,2026-01-14,52,False
2026-01-14 22:48:00-08:00,2026-01-14,36,False
2026-01-14 22:51:00-08:00,2026-01-14,45,False
2026-01-14 22:54:00-08:00,2026-01-14,25,False
2026-01-14 22:57:00-08:00,2026-01-14,22,False
2026-01-14 23:00:00-08:00,2026-01-14,25,False
2026-01-14 23:03:00-08:00,2026-01-14,26,False
2026-01-14 23:06:00-08:00,2026-01-14,26,False
2026-01-14 23:09:00-08:00,2026-01-14,34,False
2026-01-14 23:12:00-08:00,2026-01-14,28,False
2026-01-14 23:15:00-08:00,2026-01-14,25,False
2026-01-14 23:18:00-08:00,2026-01-14,24,False
2026-01-14 23:21:00-08:00,2026-01-14,16,False
2026-01-14 23:24:00-08:00,2026-01-14,24,False
2026-01-14 23:27:00-08:00,2026-01-14,28,False
2026-01-14 23:30:00-08:00,2026-01-14,24,False
2026-01-14 23:33:00-08:00,2026-01-14,25,False
2026-01-14 23:36:00-08:00,2026-01-14,28,False
2026-01-14 23:39:00-08:00,2026-01-14,24,False
2026-01-14 23:42:00-08:00,2026-01-14,57,False
2026-01-14 23:45:00-08:00,2026-01-14,-2,True
2026-01-14 23:48:00-08:00,2026-01-14,55,False
2026-01-14 23:51:00-08:00,2026-01-14,27,False
2026-01-14 23:54:00-08:00,2026-01-14,34,False
2026-01-14 23:57:00-08:00,2026-01-14,28,False
2026-01-15 00:00:00-08:00,2026-01-15,20,False
2026-01-15 00:03:00-08:00,2026-01-15,19,False
2026-01-15 00:06:00-08:00,2026-01-15,15,False
2026-01-15 00:09:00-08:00,2026-01-15,16,False
2026-01-15 00:12:00-08:00,2026-01-15,19,False
2026-01-15 00:15:00-08:00,2026-01-15,18,False
2026-01-15 00:18:00-08:00,2026-01-15,15,False
2026-01-15 00:21:00-08:00,2026-01-15,19,False
2026-01-15 00:24:00-08:00,2026-01-15,16,False
2026-01-15 00:27:00-08:00,2026-01-15,18,False
2026-01-15 00:30:00-08:00,2026-01-15,18,False
2026-01-15 00:33:00-08:00,2026-01-15,18,False
2026-01-15 00:36:00-08:00,2026-01-15,22,False
2026-01-15 00:39:00-08:00,2026-01-15,23,False
2026-01-15 00:42:00-08:00,2026-01-15,13,True
2026-01-15 00:45:00-08:00,2026-01-15,17,False
2026-01-15 00:48:00-08:00,2026-01-15,13,True
2026-01-15 00:51:00-08:00,2026-01-15,15,False
2026-01-15 00:54:00-08:00,2026-01-15,14,True
2026-01-15 00:57:00-08:00,2026-01-15,13,True
2026-01-15 01:00:00-08:00,2026-01-15,15,False
2026-01-15 01:03:00-08:00,2026-01-15,14,True
2026-01-15 01:06:00-08:00,2026-01-15,14,True
2026-01-15 01:09:00-08:00,2026-01-15,17,False
2026-01-15 01:12:00-08:00,2026-01-15,14,True
2026-01-15 01:15:00-08:00,2026-01-15,22,False
2026-01-15 01:18:00-08:00,2026-01-15,18,False
2026-01-15 01:21:00-08:00,2026-01-15,16,False
2026-01-15 01:24:00-08:00,2026-01-15,15,False
2026-01-15 01:27:00-08:00,2026-01-15,12,True
2026-01-15 01:30:00-08:00,2026-01-15,15,False
2026-01-15 01:33:00-08:00,2026-01-15,16,False
2026-01-15 01:36:00-08:00,2026-01-15,13,True
2026-01-15 01:39:00-08:00,2026-01-15,18,False
2026-01-15 01:42:00-08:00,2026-01-15,16,False
2026-01-15 01:45:00-08:00,2026-01-15,26,False
2026-01-15 01:48:00-08:00,2026-01-15,22,False
2026-01-15 01:51:00-08:00,2026-01-15,19,False
2026-01-15 01:54:00-08:00,2026-01-15,17,False
2026-01-15 01:57:00-08:00,2026-01-15,16,False
2026-01-15 02:00:00-08:00,2026-01-15,16,False
2026-01-15 02:03:00-08:00,2026-01-15,17,False
2026-01-15 02:06:00-08:00,2026-01-15,20,False
2026-01-15 02:09:00-08:00,2026-01-15,23,False
2026-01-15 02:12:00-08:00,2026-01-15,27,False
2026-01-15 02:15:00-08:00,2026-01-15,26,False
2026-01-15 02:18:00-08:00,2026-01-15,15,False
2026-01-15 02:21:00-08:00,2026-01-15,16,False
2026-01-15 02:24:00-08:00,2026-01-15,18,False
2026-01-15 02:27:00-08:00,2026-01-15,16,False
2026-01-15 02:30:00-08:00,2026-01-15,16,False
2026-01-15 02:33:00-08:00,2026-01-15,15,False
2026-01-15 02:36:00-08:00,2026-01-15,16,False
2026-01-15 02:39:00-08:00,2026-01-15,15,False
2026-01-15 02:42:00-08:00,2026-01-15,17,False
2026-01-15 02:45:00-08:00,2026-01-15,14,True
2026-01-15 02:48:00-08:00,2026-01-15,13,True
2026-01-15 02:51:00-08:00,2026-01-15,16,False
2026-01-15 02:54:00-08:00,2026-01-15,12,True
2026-01-15 02:57:00-08:00,2026-01-15,10,True
2026-01-15 03:00:00-08:00,2026-01-15,7,True
2026-01-15 03:03:00-08:00,2026-01-15,17,False
2026-01-15 03:06:00-08:00,2026-01-15,15,False
2026-01-15 03:09:00-08:00,2026-01-15,20,False
2026-01-15 03:12:00-08:00,2026-01-15,18,False
2026-01-15 03:15:00-08:00,2026-01-15,15,False
2026-01-15 03:18:00-08:00,2026-01-15,15,False
2026-01-15 03:21:00-08:00,2026-01-15,18,False
2026-01-15 03:24:00-08:00,2026-01-15,15,False
2026-01-15 03:27:00-08:00,2026-01-15,13,True
2026-01-15 03:30:00-08:00,2026-01-15,15,False
2026-01-15 03:33:00-08:00,2026-01-15,18,False
2026-01-15 03:36:00-08:00,2026-01-15,19,False
2026-01-15 03:39:00-08:00,2026-01-15,19,False
2026-01-15 03:42:00-08:00,2026-01-15,15,False
2026-01-15 03:45:00-08:00,2026-01-15,17,False
2026-01-15 03:48:00-08:00,2026-01-15,20,False
2026-01-15 03:51:00-08:00,2026-01-15,17,False
2026-01-15 03:54:00-08:00,2026-01-15,20,False
2026-01-15 03:57:00-08:00,2026-01-15,20,False
2026-01-15 04:00:00-08:00,2026-01-15,22,False
2026-01-15 04:03:00-08:00,2026-01-15,20,False
2026-01-15 04:06:00-08:00,2026-01-15,21,False
2026-01-15 04:09:00-08:00,2026-01-15,21,False
2026-01-15 04:12:00-08:00,2026-01-15,24,False
2026-01-15 04:15:00-08:00,2026-01-15,15,False
2026-01-15 04:18:00-08:00,2026-01-15,12,True
2026-01-15 04:21:00-08:00,2026-01-15,13,True
2026-01-15 04:24:00-08:00,2026-01-15,9,True
2026-01-15 04:27:00-08:00,2026-01-15,14,True
2026-01-15 04:30:00-08:00,2026-01-15,17,False
2026-01-15 04:33:00-08:00,2026-01-15,26,False
2026-01-15 04:36:00-08:00,2026-01-15,24,False
2026-01-15 04:39:00-08:00,2026-01-15,17,False
2026-01-15 04:42:00-08:00,2026-01-15,8,True
2026-01-15 04:45:00-08:00,2026-01-15,19,False
2026-01-15 04:48:00-08:00,2026-01-15,32,False
2026-01-15 04:51:00-08:00,2026-01-15,25,False
2026-01-15 04:54:00-08:00,2026-01-15,20,False
2026-01-15 04:57:00-08:00,2026-01-15,19,False
2026-01-15 05:00:00-08:00,2026-01-15,17,False
2026-01-15 05:03:00-08:00,2026-01-15,18,False
2026-01-15 05:06:00-08:00,2026-01-15,15,False
2026-01-15 05:09:00-08:00,2026-01-15,18,False
2026-01-15 05:12:00-08:00,2026-01-15,20,False
2026-01-15 05:15:00-08:00,2026-01-15,19,False
2026-01-15 05:18:00-08:00,2026-01-15,23,False
2026-01-15 05:21:00-08:00,2026-01-15,17,False
2026-01-15 05:24:00-08:00,2026-01-15,17,False
2026-01-15 05:27:00-08:00,2026-01-15,21,False
2026-01-15 05:30:00-08:00,2026-01-15,19,False
2026-01-15 05:33:00-08:00,2026-01-15,15,False
2026-01-15 05:36:00-08:00,2026-01-15,16,False
2026-01-15 05:39:00-08:00,2026-01-15,14,True
2026-01-15 05:42:00-08:00,2026-01-15,14,True
2026-01-15 05:45:00-08:00,2026-01-15,20,False
2026-01-15 05:48:00-08:00,2026-01-15,18,False
2026-01-15 05:51:00-08:00,2026-01-15,17,False
2026-01-15 05:54:00-08:00,2026-01-15,10,True
2026-01-15 05:57:00-08:00,2026-01-15,13,True
2026-01-15 06:00:00-08:00,2026-01-15,23,False
2026-01-15 06:03:00-08:00,2026-01-15,14,True
2026-01-15 06:06:00-08:00,2026-01-15,12,True
2026-01-15 06:09:00-08:00,2026-01-15,18,False
2026-01-15 06:12:00-08:00,2026-01-15,10,True
2026-01-15 06:15:00-08:00,2026-01-15,10,True
2026-01-15 06:18:00-08:00,2026-01-15,12,True
2026-01-15 06:21:00-08:00,2026-01-15,10,True
2026-01-15 06:24:00-08:00,2026-01-15,13,True
2026-01-15 06:27:00-08:00,2026-01-15,15,False
2026-01-15 06:30:00-08:00,2026-01-15,20,False
2026-01-15 06:33:00-08:00,2026-01-15,19,False
2026-01-15 06:36:00-08:00,2026-01-15,20,False
2026-01-15 06:39:00-08:00,2026-01-15,25,False
2026-01-15 06:42:00-08:00,2026-01-15,36,False
2026-01-15 06:45:00-08:00,2026-01-15,42,False
2026-01-15 06:48:00-08:00,2026-01-15,64,False
2026-01-15 06:51:00-08:00,2026-01-15,86,False
2026-01-15 06:54:00-08:00,2026-01-15,58,False
2026-01-15 06:57:00-08:00,2026-01-15,37,False
2026-01-15 07:00:00-08:00,2026-01-15,57,False
2026-01-15 07:03:00-08:00,2026-01-15,53,False
2026-01-15 07:06:00-08:00,2026-01-15,43,False
2026-01-15 07:09:00-08:00,2026-01-15,35,False
2026-01-15 07:12:00-08:00,2026-01-15,47,False
2026-01-15 07:15:00-08:00,2026-01-15,37,False
2026-01-15 07:18:00-08:00,2026-01-15,43,False
2026-01-15 07:21:00-08:00,2026-01-15,28,False
2026-01-15 07:24:00-08:00,2026-01-15,37,False
2026-01-15 07:27:00-08:00,2026-01-15,22,False
2026-01-15 07:30:00-08:00,2026-01-15,25,False
2026-01-15 07:33:00-08:00,2026-01-15,24,False
2026-01-15 07:36:00-08:00,2026-01-15,22,False
2026-01-15 07:39:00-08:00,2026-01-15,25,False
2026-01-15 07:42:00-08:00,2026-01-15,31,False
2026-01-15 07:45:00-08:00,2026-01-15,25,False
2026-01-15 07:48:00-08:00,2026-01-15,73,False
2026-01-15 07:51:00-08:00,2026-01-15,71,False
2026-01-15 07:54:00-08:00,2026-01-15,46,False
2026-01-15 07:57:00-08:00,2026-01-15,37,False
2026-01-15 08:00:00-08:00,2026-01-15,31,False
2026-01-15 08:03:00-08:00,2026-01-15,26,False
2026-01-15 08:06:00-08:00,2026-01-15,25,False
2026-01-15 08:09:00-08:00,2026-01-15,34,False
2026-01-15 08:12:00-08:00,2026-01-15,26,False
2026-01-15 08:15:00-08:00,2026-01-15,25,False
2026-01-15 08:18:00-08:00,2026-01-15,34,False
2026-01-15 08:21:00-08:00,2026-01-15,28,False
2026-01-15 08:24:00-08:00,2026-01-15,31,False
2026-01-15 08:27:00-08:00,2026-01-15,25,False
2026-01-15 08:30:00-08:00,2026-01-15,27,False
2026-01-15 08:33:00-08:00,2026-01-15,25,False
2026-01-15 08:36:00-08:00,2026-01-15,24,False
2026-01-15 08:39:00-08:00,2026-01-15,23,False
2026-01-15 08:42:00-08:00,2026-01-15,24,False
2026-01-15 08:45:00-08:00,2026-01-15,25,False
2026-01-15 08:48:00-08:00,2026-01-15,24,False
2026-01-15 08:51:00-08:00,2026-01-15,20,False
2026-01-15 08:54:00-08:00,2026-01-15,21,False
2026-01-15 08:57:00-08:00,2026-01-15,24,False
2026-01-15 09:00:00-08:00,2026-01-15,19,False
2026-01-15 09:03:00-08:00,2026-01-15,19,False
2026-01-15 09:06:00-08:00,2026-01-15,23,False
2026-01-15 09:09:00-08:00,2026-01-15,36,False
2026-01-15 09:12:00-08:00,2026-01-15,30,False
2026-01-15 09:15:00-08:00,2026-01-15,28,False
2026-01-15 09:18:00-08:00,2026-01-15,31,False
2026-01-15 09:21:00-08:00,2026-01-15,52,False
2026-01-15 09:24:00-08:00,2026-01-15,36,False
2026-01-15 09:27:00-08:00,2026-01-15,43,False
2026-01-15 09:30:00-08:00,2026-01-15,43,False
2026-01-15 09:33:00-08:00,2026-01-15,-1,True
2026-01-15 09:36:00-08:00,2026-01-15,49,False
2026-01-15 09:39:00-08:00,2026-01-15,-1,True
2026-01-15 09:42:00-08:00,2026-01-15,57,False
2026-01-15 09:45:00-08:00,2026-01-15,49,False
2026-01-15 09:48:00-08:00,2026-01-15,54,False
2026-01-15 09:51:00-08:00,2026-01-15,50,False
2026-01-15 09:54:00-08:00,2026-01-15,67,False
2026-01-15 09:57:00-08:00,2026-01-15,62,False
2026-01-15 10:00:00-08:00,2026-01-15,48,False
2026-01-15 10:03:00-08:00,2026-01-15,59,False
2026-01-15 10:06:00-08:00,2026-01-15,56,False
2026-01-15 10:09:00-08:00,2026-01-15,60,False
2026-01-15 10:12:00-08:00,2026-01-15,61,False
2026-01-15 10:15:00-08:00,2026-01-15,42,False
2026-01-15 10:18:00-08:00,2026-01-15,63,False
2026-01-15 10:21:00-08:00,2026-01-15,64,False
2026-01-15 10:24:00-08:00,2026-01-15,57,False
2026-01-15 10:27:00-08:00,2026-01-15,61,False
2026-01-15 10:30:00-08:00,2026-01-15,52,False
2026-01-15 10:33:00-08:00,2026-01-15,63,False
2026-01-15 10:36:00-08:00,2026-01-15,58,False
2026-01-15 10:39:00-08:00,2026-01-15,43,False
2026-01-15 10:42:00-08:00,2026-01-15,49,False
2026-01-15 10:45:00-08:00,2026-01-15,43,False
2026-01-15 10:48:00-08:00,2026-01-15,42,False
2026-01-15 10:51:00-08:00,2026-01-15,49,False
2026-01-15 10:54:00-08:00,2026-01-15,43,False
2026-01-15 10:57:00-08:00,2026-01-15,44,False
2026-01-15 11:00:00-08:00,2026-01-15,44,False
2026-01-15 11:03:00-08:00,2026-01-15,59,False
2026-01-15 11:06:00-08:00,2026-01-15,61,False
2026-01-15 11:09:00-08:00,2026-01-15,61,False
2026-01-15 11:12:00-08:00,2026-01-15,57,False
2026-01-15 11:15:00-08:00,2026-01-15,64,False
2026-01-15 11:18:00-08:00,2026-01-15,64,False
2026-01-15 11:21:00-08:00,2026-01-15,51,False
2026-01-15 11:24:00-08:00,2026-01-15,48,False
2026-01-15 11:27:00-08:00,2026-01-15,67,False
2026-01-15 11:30:00-08:00,2026-01-15,82,False
2026-01-15 11:33:00-08:00,2026-01-15,67,False
2026-01-15 11:36:00-08:00,2026-01-15,38,False
2026-01-15 11:39:00-08:00,2026-01-15,33,False
2026-01-15 11:42:00-08:00,2026-01-15,39,False
2026-01-15 11:45:00-08:00,2026-01-15,40,False
2026-01-15 11:48:00-08:00,2026-01-15,40,False
2026-01-15 11:51:00-08:00,2026-01-15,27,False
2026-01-15 11:54:00-08:00,2026-01-15,29,False
2026-01-15 11:57:00-08:00,2026-01-15,25,False
2026-01-15 12:00:00-08:00,2026-01-15,33,False
2026-01-15 12:03:00-08:00,2026-01-15,28,False
2026-01-15 12:06:00-08:00,2026-01-15,31,False
2026-01-15 12:09:00-08:00,2026-01-15,40,False
2026-01-15 12:12:00-08:00,2026-01-15,33,False
2026-01-15 12:15:00-08:00,2026-01-15,32,False
2026-01-15 12:18:00-08:00,2026-01-15,28,False
2026-01-15 12:21:00-08:00,2026-01-15,-1,True
2026-01-15 12:24:00-08:00,2026-01-15,60,False
2026-01-15 12:27:00-08:00,2026-01-15,52,False
2026-01-15 12:30:00-08:00,2026-01-15,65,False
2026-01-15 12:33:00-08:00,2026-01-15,82,False
2026-01-15 12:36:00-08:00,2026-01-15,62,False
2026-01-15 12:39:00-08:00,2026-01-15,50,False
2026-01-15 12:42:00-08:00,2026-01-15,40,False
2026-01-15 12:45:00-08:00,2026-01-15,40,False
2026-01-15 12:48:00-08:00,2026-01-15,62,False
2026-01-15 12:51:00-08:00,2026-01-15,59,False
2026-01-15 12:54:00-08:00,2026-01-15,-1,True
2026-01-15 12:57:00-08:00,2026-01-15,-1,True
2026-01-15 13:00:00-08:00,2026-01-15,-1,True
2026-01-15 13:03:00-08:00,2026-01-15,58,False
2026-01-15 13:06:00-08:00,2026-01-15,43,False
2026-01-15 13:09:00-08:00,2026-01-15,65,False
2026-01-15 13:12:00-08:00,2026-01-15,51,False
2026-01-15 13:15:00-08:00,2026-01-15,23,False
2026-01-15 13:18:00-08:00,2026-01-15,34,False
2026-01-15 13:21:00-08:00,2026-01-15,-1,True
2026-01-15 13:24:00-08:00,2026-01-15,-1,True
2026-01-15 13:27:00-08:00,2026-01-15,24,False
2026-01-15 13:30:00-08:00,2026-01-15,9,True
2026-01-15 13:33:00-08:00,2026-01-15,25,False
2026-01-15 13:36:00-08:00,2026-01-15,38,False
2026-01-15 13:39:00-08:00,2026-01-15,48,False
2026-01-15 13:42:00-08:00,2026-01-15,76,False
2026-01-15 13:45:00-08:00,2026-01-15,84,False
2026-01-15 13:48:00-08:00,2026-01-15,79,False
2026-01-15 13:51:00-08:00,2026-01-15,54,False
2026-01-15 13:54:00-08:00,2026-01-15,65,False
2026-01-15 13:57:00-08:00,2026-01-15,70,False
2026-01-15 14:00:00-08:00,2026-01-15,44,False
2026-01-15 14:03:00-08:00,2026-01-15,45,False
2026-01-15 14:06:00-08:00,2026-01-15,47,False
2026-01-15 14:09:00-08:00,2026-01-15,55,False
2026-01-15 14:12:00-08:00,2026-01-15,45,False
2026-01-15 14:15:00-08:00,2026-01-15,45,False
2026-01-15 14:18:00-08:00,2026-01-15,52,False
2026-01-15 14:21:00-08:00,2026-01-15,56,False
2026-01-15 14:24:00-08:00,2026-01-15,-1,True
2026-01-15 14:27:00-08:00,2026-01-15,-1,True
2026-01-15 14:30:00-08:00,2026-01-15,52,False
2026-01-15 14:33:00-08:00,2026-01-15,31,False
2026-01-15 14:36:00-08:00,2026-01-15,43,False
2026-01-15 14:39:00-08:00,2026-01-15,34,False
2026-01-15 14:42:00-08:00,2026-01-15,22,False
2026-01-15 14:45:00-08:00,2026-01-15,28,False
2026-01-15 14:48:00-08:00,2026-01-15,25,False
2026-01-15 14:51:00-08:00,2026-01-15,23,False
2026-01-15 14:54:00-08:00,2026-01-15,20,False
2026-01-15 14:57:00-08:00,2026-01-15,28,False
2026-01-15 15:00:00-08:00,2026-01-15,31,False
2026-01-15 15:03:00-08:00,2026-01-15,19,False
2026-01-15 15:06:00-08:00,2026-01-15,20,False
2026-01-15 15:09:00-08:00,2026-01-15,21,False
2026-01-15 15:12:00-08:00,2026-01-15,20,False
2026-01-15 15:15:00-08:00,2026-01-15,26,False
2026-01-15 15:18:00-08:00,2026-01-15,25,False
2026-01-15 15:21:00-08:00,2026-01-15,20,False
2026-01-15 15:24:00-08:00,2026-01-15,21,False
2026-01-15 15:27:00-08:00,2026-01-15,22,False
2026-01-15 15:30:00-08:00,2026-01-15,17,False
2026-01-15 15:33:00-08:00,2026-01-15,21,False
2026-01-15 15:36:00-08:00,2026-01-15,22,False
2026-01-15 15:39:00-08:00,2026-01-15,37,False
2026-01-15 15:42:00-08:00,2026-01-15,25,False
2026-01-15 15:45:00-08:00,2026-01-15,40,False
2026-01-15 15:48:00-08:00,2026-01-15,19,False
2026-01-15 15:51:00-08:00,2026-01-15,25,False
2026-01-15 15:54:00-08:00,2026-01-15,22,False
2026-01-15 15:57:00-08:00,2026-01-15,25,False
2026-01-15 16:00:00-08:00,2026-01-15,28,False
2026-01-15 16:03:00-08:00,2026-01-15,28,False
2026-01-15 16:06:00-08:00,2026-01-15,22,False
2026-01-15 16:09:00-08:00,2026-01-15,30,False
2026-01-15 16:12:00-08:00,2026-01-15,29,False
2026-01-15 16:15:00-08:00,2026-01-15,42,False
2026-01-15 16:18:00-08:00,2026-01-15,55,False
2026-01-15 16:21:00-08:00,2026-01-15,40,False
2026-01-15 16:24:00-08:00,2026-01-15,56,False
2026-01-15 16:27:00-08:00,2026-01-15,46,False
2026-01-15 16:30:00-08:00,2026-01-15,48,False
2026-01-15 16:33:00-08:00,2026-01-15,35,False
2026-01-15 16:36:00-08:00,2026-01-15,43,False
2026-01-15 16:39:00-08:00,2026-01-15,37,False
2026-01-15 16:42:00-08:00,2026-01-15,-1,True
2026-01-15 16:45:00-08:00,2026-01-15,34,False
2026-01-15 16:48:00-08:00,2026-01-15,30,False
2026-01-15 16:51:00-08:00,2026-01-15,37,False
2026-01-15 16:54:00-08:00,2026-01-15,40,False
2026-01-15 16:57:00-08:00,2026-01-15,31,False
2026-01-15 17:00:00-08:00,2026-01-15,34,False
2026-01-15 17:03:00-08:00,2026-01-15,46,False
2026-01-15 17:06:00-08:00,2026-01-15,24,False
2026-01-15 17:09:00-08:00,2026-01-15,18,False
2026-01-15 17:12:00-08:00,2026-01-15,29,False
2026-01-15 17:15:00-08:00,2026-01-15,41,False
2026-01-15 17:18:00-08:00,2026-01-15,51,False
2026-01-15 17:21:00-08:00,2026-01-15,58,False
2026-01-15 17:24:00-08:00,2026-01-15,32,False
2026-01-15 17:27:00-08:00,2026-01-15,41,False
2026-01-15 17:30:00-08:00,2026-01-15,34,False
2026-01-15 17:33:00-08:00,2026-01-15,42,False
2026-01-15 17:36:00-08:00,2026-01-15,24,False
2026-01-15 17:39:00-08:00,2026-01-15,37,False
2026-01-15 17:42:00-08:00,2026-01-15,46,False
2026-01-15 17:45:00-08:00,2026-01-15,39,False
2026-01-15 17:48:00-08:00,2026-01-15,40,False
2026-01-15 17:51:00-08:00,2026-01-15,24,False
2026-01-15 17:54:00-08:00,2026-01-15,40,False
2026-01-15 17:57:00-08:00,2026-01-15,38,False
2026-01-15 18:00:00-08:00,2026-01-15,34,False
2026-01-15 18:03:00-08:00,2026-01-15,29,False
2026-01-15 18:06:00-08:00,2026-01-15,35,False
2026-01-15 18:09:00-08:00,2026-01-15,39,False
2026-01-15 18:12:00-08:00,2026-01-15,32,False
2026-01-15 18:15:00-08:00,2026-01-15,29,False
2026-01-15 18:18:00-08:00,2026-01-15,47,False
2026-01-15 18:21:00-08:00,2026-01-15,43,False
2026-01-15 18:24:00-08:00,2026-01-15,42,False
2026-01-15 18:27:00-08:00,2026-01-15,41,False
2026-01-15 18:30:00-08:00,2026-01-15,37,False
2026-01-15 18:33:00-08:00,2026-01-15,49,False
2026-01-15 18:36:00-08:00,2026-01-15,46,False
2026-01-15 18:39:00-08:00,2026-01-15,43,False
2026-01-15 18:42:00-08:00,2026-01-15,-1,True
2026-01-15 18:45:00-08:00,2026-01-15,28,False
2026-01-15 18:48:00-08:00,2026-01-15,22,False
2026-01-15 18:51:00-08:00,2026-01-15,-1,True
2026-01-15 18:54:00-08:00,2026-01-15,-1,True
2026-01-15 18:57:00-08:00,2026-01-15,-2,True
2026-01-15 19:00:00-08:00,2026-01-15,-2,True
2026-01-15 19:03:00-08:00,2026-01-15,-2,True
2026-01-15 19:06:00-08:00,2026-01-15,53,False
2026-01-15 19:09:00-08:00,2026-01-15,36,False
2026-01-15 19:12:00-08:00,2026-01-15,33,False
2026-01-15 19:15:00-08:00,2026-01-15,49,False
2026-01-15 19:18:00-08:00,2026-01-15,63,False
2026-01-15 19:21:00-08:00,2026-01-15,92,False
2026-01-15 19:24:00-08:00,2026-01-15,67,False
2026-01-15 19:27:00-08:00,2026-01-15,53,False
2026-01-15 19:30:00-08:00,2026-01-15,58,False
2026-01-15 19:33:00-08:00,2026-01-15,38,False
2026-01-15 19:36:00-08:00,2026-01-15,34,False
2026-01-15 19:39:00-08:00,2026-01-15,56,False
2026-01-15 19:42:00-08:00,2026-01-15,85,False
2026-01-15 19:45:00-08:00,2026-01-15,60,False
2026-01-15 19:48:00-08:00,2026-01-15,47,False
2026-01-15 19:51:00-08:00,2026-01-15,25,False
2026-01-15 19:54:00-08:00,2026-01-15,24,False
2026-01-15 19:57:00-08:00,2026-01-15,29,False
2026-01-15 20:00:00-08:00,2026-01-15,-1,True
2026-01-15 20:03:00-08:00,2026-01-15,-2,True
2026-01-15 20:06:00-08:00,2026-01-15,-2,True
2026-01-15 20:09:00-08:00,2026-01-15,-2,True
2026-01-15 20:12:00-08:00,2026-01-15,-2,True
2026-01-15 20:15:00-08:00,2026-01-15,-2,True
2026-01-15 20:18:00-08:00,2026-01-15,-2,True
2026-01-15 20:21:00-08:00,2026-01-15,-2,True
2026-01-15 20:24:00-08:00,2026-01-15,-2,True
2026-01-15 20:27:00-08:00,2026-01-15,-2,True
2026-01-15 20:30:00-08:00,2026-01-15,-1,True
2026-01-15 20:33:00-08:00,2026-01-15,-1,True
2026-01-15 20:36:00-08:00,2026-01-15,-1,True
2026-01-15 20:39:00-08:00,2026-01-15,-1,True
2026-01-15 20:42:00-08:00,2026-01-15,-1,True
2026-01-15 20:45:00-08:00,2026-01-15,-1,True
2026-01-15 20:48:00-08:00,2026-01-15,-1,True
2026-01-15 20:51:00-08:00,2026-01-15,-1,True
2026-01-15 20:54:00-08:00,2026-01-15,-1,True
2026-01-15 20:57:00-08:00,2026-01-15,-1,True
2026-01-15 21:00:00-08:00,2026-01-15,-1,True
2026-01-15 21:03:00-08:00,2026-01-15,-1,True
2026-01-15 21:06:00-08:00,2026-01-15,63,False
2026-01-15 21:09:00-08:00,2026-01-15,61,False
2026-01-15 21:12:00-08:00,2026-01-15,70,False
2026-01-15 21:15:00-08:00,2026-01-15,70,False
2026-01-15 21:18:00-08:00,2026-01-15,42,False
2026-01-15 21:21:00-08:00,2026-01-15,31,False
2026-01-15 21:24:00-08:00,2026-01-15,59,False
2026-01-15 21:27:00-08:00,2026-01-15,59,False
2026-01-15 21:30:00-08:00,2026-01-15,52,False
2026-01-15 21:33:00-08:00,2026-01-15,71,False
2026-01-15 21:36:00-08:00,2026-01-15,70,False
2026-01-15 21:39:00-08:00,2026-01-15,68,False
2026-01-15 21:42:00-08:00,2026-01-15,64,False
2026-01-15 21:45:00-08:00,2026-01-15,50,False
2026-01-15 21:48:00-08:00,2026-01-15,64,False
2026-01-15 21:51:00-08:00,2026-01-15,70,False
2026-01-15 21:54:00-08:00,2026-01-15,-1,True
2026-01-15 21:57:00-08:00,2026-01-15,-2,True
2026-01-15 22:00:00-08:00,2026-01-15,-1,True
2026-01-15 22:03:00-08:00,2026-01-15,16,False
2026-01-15 22:06:00-08:00,2026-01-15,22,False
2026-01-15 22:09:00-08:00,2026-01-15,27,False
2026-01-15 22:12:00-08:00,2026-01-15,47,False
2026-01-15 22:15:00-08:00,2026-01-15,62,False
2026-01-15 22:18:00-08:00,2026-01-15,40,False
2026-01-15 22:21:00-08:00,2026-01-15,55,False
2026-01-15 22:24:00-08:00,2026-01-15,35,False
2026-01-15 22:27:00-08:00,2026-01-15,64,False
2026-01-15 22:30:00-08:00,2026-01-15,66,False
2026-01-15 22:33:00-08:00,2026-01-15,64,False
2026-01-15 22:36:00-08:00,2026-01-15,20,False
2026-01-15 22:39:00-08:00,2026-01-15,16,False
2026-01-15 22:42:00-08:00,2026-01-15,18,False
2026-01-15 22:45:00-08:00,2026-01-15,17,False
2026-01-15 22:48:00-08:00,2026-01-15,18,False
2026-01-15 22:51:00-08:00,2026-01-15,16,False
2026-01-15 22:54:00-08:00,2026-01-15,17,False
2026-01-15 22:57:00-08:00,2026-01-15,13,True
2026-01-15 23:00:00-08:00,2026-01-15,15,False
2026-01-15 23:03:00-08:00,2026-01-15,15,False
2026-01-15 23:06:00-08:00,2026-01-15,15,False
2026-01-15 23:09:00-08:00,2026-01-15,13,True
2026-01-15 23:12:00-08:00,2026-01-15,14,True
2026-01-15 23:15:00-08:00,2026-01-15,13,True
2026-01-15 23:18:00-08:00,2026-01-15,13,True
2026-01-15 23:21:00-08:00,2026-01-15,14,True
2026-01-15 23:24:00-08:00,2026-01-15,11,True
2026-01-15 23:27:00-08:00,2026-01-15,15,False
2026-01-15 23:30:00-08:00,2026-01-15,23,False
2026-01-15 23:33:00-08:00,2026-01-15,14,True
2026-01-15 23:36:00-08:00,2026-01-15,16,False
2026-01-15 23:39:00-08:00,2026-01-15,16,False
2026-01-15 23:42:00-08:00,2026-01-15,18,False
2026-01-15 23:45:00-08:00,2026-01-15,19,False
2026-01-15 23:48:00-08:00,2026-01-15,18,False
2026-01-15 23:51:00-08:00,2026-01-15,17,False
2026-01-15 23:54:00-08:00,2026-01-15,12,True
2026-01-15 23:57:00-08:00,2026-01-15,8,True
2026-01-16 00:00:00-08:00,2026-01-16,9,True
2026-01-16 00:03:00-08:00,2026-01-16,7,True
2026-01-16 00:06:00-08:00,2026-01-16,6,True
2026-01-16 00:09:00-08:00,2026-01-16,14,True
2026-01-16 00:12:00-08:00,2026-01-16,16,False
2026-01-16 00:15:00-08:00,2026-01-16,14,True
2026-01-16 00:18:00-08:00,2026-01-16,15,False
2026-01-16 00:21:00-08:00,2026-01-16,15,False
2026-01-16 00:24:00-08:00,2026-01-16,16,False
2026-01-16 00:27:00-08:00,2026-01-16,17,False
2026-01-16 00:30:00-08:00,2026-01-16,25,False
2026-01-16 00:33:00-08:00,2026-01-16,58,False
2026-01-16 00:36:00-08:00,2026-01-16,28,False
2026-01-16 00:39:00-08:00,2026-01-16,23,False
2026-01-16 00:42:00-08:00,2026-01-16,28,False
2026-01-16 00:45:00-08:00,2026-01-16,28,False
2026-01-16 00:48:00-08:00,2026-01-16,19,False
2026-01-16 00:51:00-08:00,2026-01-16,19,False
2026-01-16 00:54:00-08:00,2026-01-16,19,False
2026-01-16 00:57:00-08:00,2026-01-16,21,False
2026-01-16 01:00:00-08:00,2026-01-16,21,False
2026-01-16 01:03:00-08:00,2026-01-16,18,False
2026-01-16 01:06:00-08:00,2026-01-16,19,False
2026-01-16 01:09:00-08:00,2026-01-16,11,True
2026-01-16 01:12:00-08:00,2026-01-16,15,False
2026-01-16 01:15:00-08:00,2026-01-16,16,False
2026-01-16 01:18:00-08:00,2026-01-16,15,False
2026-01-16 01:21:00-08:00,2026-01-16,17,False
2026-01-16 01:24:00-08:00,2026-01-16,19,False
2026-01-16 01:27:00-08:00,2026-01-16,20,False
2026-01-16 01:30:00-08:00,2026-01-16,12,True
2026-01-16 01:33:00-08:00,2026-01-16,12,True
2026-01-16 01:36:00-08:00,2026-01-16,21,False
2026-01-16 01:39:00-08:00,2026-01-16,15,False
2026-01-16 01:42:00-08:00,2026-01-16,18,False
2026-01-16 01:45:00-08:00,2026-01-16,13,True
2026-01-16 01:48:00-08:00,2026-01-16,16,False
2026-01-16 01:51:00-08:00,2026-01-16,17,False
2026-01-16 01:54:00-08:00,2026-01-16,22,False
2026-01-16 01:57:00-08:00,2026-01-16,19,False
2026-01-16 02:00:00-08:00,2026-01-16,17,False
2026-01-16 02:03:00-08:00,2026-01-16,15,False
2026-01-16 02:06:00-08:00,2026-01-16,17,False
2026-01-16 02:09:00-08:00,2026-01-16,22,False
2026-01-16 02:12:00-08:00,2026-01-16,21,False
2026-01-16 02:15:00-08:00,2026-01-16,22,False
2026-01-16 02:18:00-08:00,2026-01-16,20,False
2026-01-16 02:21:00-08:00,2026-01-16,24,False
2026-01-16 02:24:00-08:00,2026-01-16,22,False
2026-01-16 02:27:00-08:00,2026-01-16,20,False
2026-01-16 02:30:00-08:00,2026-01-16,20,False
2026-01-16 02:33:00-08:00,2026-01-16,22,False
2026-01-16 02:36:00-08:00,2026-01-16,23,False
2026-01-16 02:39:00-08:00,2026-01-16,24,False
2026-01-16 02:42:00-08:00,2026-01-16,24,False
2026-01-16 02:45:00-08:00,2026-01-16,22,False
2026-01-16 02:48:00-08:00,2026-01-16,22,False
2026-01-16 02:51:00-08:00,2026-01-16,12,True
2026-01-16 02:54:00-08:00,2026-01-16,19,False
2026-01-16 02:57:00-08:00,2026-01-16,21,False
2026-01-16 03:00:00-08:00,2026-01-16,22,False
2026-01-16 03:03:00-08:00,2026-01-16,15,False
2026-01-16 03:06:00-08:00,2026-01-16,12,True
2026-01-16 03:09:00-08:00,2026-01-16,22,False
2026-01-16 03:12:00-08:00,2026-01-16,16,False
2026-01-16 03:15:00-08:00,2026-01-16,18,False
2026-01-16 03:18:00-08:00,2026-01-16,20,False
2026-01-16 03:21:00-08:00,2026-01-16,20,False
2026-01-16 03:24:00-08:00,2026-01-16,21,False
2026-01-16 03:27:00-08:00,2026-01-16,14,True
2026-01-16 03:30:00-08:00,2026-01-16,10,True
2026-01-16 03:33:00-08:00,2026-01-16,14,True
2026-01-16 03:36:00-08:00,2026-01-16,22,False
2026-01-16 03:39:00-08:00,2026-01-16,22,False
2026-01-16 03:42:00-08:00,2026-01-16,19,False
2026-01-16 03:45:00-08:00,2026-01-16,21,False
2026-01-16 03:48:00-08:00,2026-01-16,17,False
2026-01-16 03:51:00-08:00,2026-01-16,13,True
2026-01-16 03:54:00-08:00,2026-01-16,20,False
2026-01-16 03:57:00-08:00,2026-01-16,16,False
2026-01-16 04:00:00-08:00,2026-01-16,11,True
2026-01-16 04:03:00-08:00,2026-01-16,17,False
2026-01-16 04:06:00-08:00,2026-01-16,19,False
2026-01-16 04:09:00-08:00,2026-01-16,19,False
2026-01-16 04:12:00-08:00,2026-01-16,23,False
2026-01-16 04:15:00-08:00,2026-01-16,21,False
2026-01-16 04:18:00-08:00,2026-01-16,25,False
2026-01-16 04:21:00-08:00,2026-01-16,16,False
2026-01-16 04:24:00-08:00,2026-01-16,18,False
2026-01-16 04:27:00-08:00,2026-01-16,16,False
2026-01-16 04:30:00-08:00,2026-01-16,9,True
2026-01-16 04:33:00-08:00,2026-01-16,15,False
2026-01-16 04:36:00-08:00,2026-01-16,12,True
2026-01-16 04:39:00-08:00,2026-01-16,8,True
2026-01-16 04:42:00-08:00,2026-01-16,15,False
2026-01-16 04:45:00-08:00,2026-01-16,12,True
2026-01-16 04:48:00-08:00,2026-01-16,14,True
2026-01-16 04:51:00-08:00,2026-01-16,16,False
2026-01-16 04:54:00-08:00,2026-01-16,16,False
2026-01-16 04:57:00-08:00,2026-01-16,22,False
2026-01-16 05:00:00-08:00,2026-01-16,13,True
2026-01-16 05:03:00-08:00,2026-01-16,17,False
2026-01-16 05:06:00-08:00,2026-01-16,15,False
2026-01-16 05:09:00-08:00,2026-01-16,8,True
2026-01-16 05:12:00-08:00,2026-01-16,18,False
2026-01-16 05:15:00-08:00,2026-01-16,13,True
2026-01-16 05:18:00-08:00,2026-01-16,15,False
2026-01-16 05:21:00-08:00,2026-01-16,12,True
2026-01-16 05:24:00-08:00,2026-01-16,13,True
2026-01-16 05:27:00-08:00,2026-01-16,10,True
2026-01-16 05:30:00-08:00,2026-01-16,17,False
2026-01-16 05:33:00-08:00,2026-01-16,16,False
2026-01-16 05:36:00-08:00,2026-01-16,15,False
2026-01-16 05:39:00-08:00,2026-01-16,15,False
2026-01-16 05:42:00-08:00,2026-01-16,20,False
2026-01-16 05:45:00-08:00,2026-01-16,21,False
2026-01-16 05:48:00-08:00,2026-01-16,20,False
2026-01-16 05:51:00-08:00,2026-01-16,17,False
2026-01-16 05:54:00-08:00,2026-01-16,23,False
2026-01-16 05:57:00-08:00,2026-01-16,20,False
2026-01-16 06:00:00-08:00,2026-01-16,21,False
2026-01-16 06:03:00-08:00,2026-01-16,14,True
2026-01-16 06:06:00-08:00,2026-01-16,16,False
2026-01-16 06:09:00-08:00,2026-01-16,16,False
2026-01-16 06:12:00-08:00,2026-01-16,12,True
2026-01-16 06:15:00-08:00,2026-01-16,10,True
2026-01-16 06:18:00-08:00,2026-01-16,15,False
2026-01-16 06:21:00-08:00,2026-01-16,17,False
2026-01-16 06:24:00-08:00,2026-01-16,21,False
2026-01-16 06:27:00-08:00,2026-01-16,20,False
2026-01-16 06:30:00-08:00,2026-01-16,24,False
2026-01-16 06:33:00-08:00,2026-01-16,23,False
2026-01-16 06:36:00-08:00,2026-01-16,23,False
2026-01-16 06:39:00-08:00,2026-01-16,24,False
2026-01-16 06:42:00-08:00,2026-01-16,31,False
2026-01-16 06:45:00-08:00,2026-01-16,28,False
2026-01-16 06:48:00-08:00,2026-01-16,25,False
2026-01-16 06:51:00-08:00,2026-01-16,29,False
2026-01-16 06:54:00-08:00,2026-01-16,34,False
2026-01-16 06:57:00-08:00,2026-01-16,21,False
2026-01-16 07:00:00-08:00,2026-01-16,29,False
2026-01-16 07:03:00-08:00,2026-01-16,25,False
2026-01-16 07:06:00-08:00,2026-01-16,28,False
2026-01-16 07:09:00-08:00,2026-01-16,21,False
2026-01-16 07:12:00-08:00,2026-01-16,20,False
2026-01-16 07:15:00-08:00,2026-01-16,37,False
2026-01-16 07:18:00-08:00,2026-01-16,24,False
2026-01-16 07:21:00-08:00,2026-01-16,55,False
2026-01-16 07:24:00-08:00,2026-01-16,57,False
2026-01-16 07:27:00-08:00,2026-01-16,-1,True
2026-01-16 07:30:00-08:00,2026-01-16,55,False
2026-01-16 07:33:00-08:00,2026-01-16,37,False
2026-01-16 07:36:00-08:00,2026-01-16,28,False
2026-01-16 07:39:00-08:00,2026-01-16,28,False
2026-01-16 07:42:00-08:00,2026-01-16,40,False
2026-01-16 07:45:00-08:00,2026-01-16,40,False
2026-01-16 07:48:00-08:00,2026-01-16,45,False
2026-01-16 07:51:00-08:00,2026-01-16,44,False
2026-01-16 07:54:00-08:00,2026-01-16,71,False
2026-01-16 07:57:00-08:00,2026-01-16,50,False
2026-01-16 08:00:00-08:00,2026-01-16,-1,True
2026-01-16 08:03:00-08:00,2026-01-16,-1,True
2026-01-16 08:06:00-08:00,2026-01-16,36,False
2026-01-16 08:09:00-08:00,2026-01-16,46,False
2026-01-16 08:12:00-08:00,2026-01-16,40,False
2026-01-16 08:15:00-08:00,2026-01-16,33,False
2026-01-16 08:18:00-08:00,2026-01-16,38,False
2026-01-16 08:21:00-08:00,2026-01-16,52,False
2026-01-16 08:24:00-08:00,2026-01-16,58,False
2026-01-16 08:27:00-08:00,2026-01-16,61,False
2026-01-16 08:30:00-08:00,2026-01-16,46,False
2026-01-16 08:33:00-08:00,2026-01-16,43,False
2026-01-16 08:36:00-08:00,2026-01-16,51,False
2026-01-16 08:39:00-08:00,2026-01-16,30,False
2026-01-16 08:42:00-08:00,2026-01-16,55,False
2026-01-16 08:45:00-08:00,2026-01-16,39,False
2026-01-16 08:48:00-08:00,2026-01-16,47,False
2026-01-16 08:51:00-08:00,2026-01-16,53,False
2026-01-16 08:54:00-08:00,2026-01-16,32,False
2026-01-16 08:57:00-08:00,2026-01-16,65,False
2026-01-16 09:00:00-08:00,2026-01-16,39,False
2026-01-16 09:03:00-08:00,2026-01-16,-1,True
2026-01-16 09:06:00-08:00,2026-01-16,-1,True
2026-01-16 09:09:00-08:00,2026-01-16,22,False
2026-01-16 09:12:00-08:00,2026-01-16,32,False
2026-01-16 09:15:00-08:00,2026-01-16,27,False
2026-01-16 09:18:00-08:00,2026-01-16,31,False
2026-01-16 09:21:00-08:00,2026-01-16,31,False
2026-01-16 09:24:00-08:00,2026-01-16,27,False
2026-01-16 09:27:00-08:00,2026-01-16,47,False
2026-01-16 09:30:00-08:00,2026-01-16,27,False
2026-01-16 09:33:00-08:00,2026-01-16,31,False
2026-01-16 09:36:00-08:00,2026-01-16,38,False
2026-01-16 09:39:00-08:00,2026-01-16,25,False
2026-01-16 09:42:00-08:00,2026-01-16,27,False
2026-01-16 09:45:00-08:00,2026-01-16,30,False
2026-01-16 09:48:00-08:00,2026-01-16,31,False
2026-01-16 09:51:00-08:00,2026-01-16,-1,True
2026-01-16 09:54:00-08:00,2026-01-16,-2,True
2026-01-16 09:57:00-08:00,2026-01-16,82,False
2026-01-16 10:00:00-08:00,2026-01-16,76,False
2026-01-16 10:03:00-08:00,2026-01-16,-2,True
2026-01-16 10:06:00-08:00,2026-01-16,88,False
2026-01-16 10:09:00-08:00,2026-01-16,69,False
2026-01-16 10:12:00-08:00,2026-01-16,30,False
2026-01-16 10:15:00-08:00,2026-01-16,33,False
2026-01-16 10:18:00-08:00,2026-01-16,31,False
2026-01-16 10:21:00-08:00,2026-01-16,37,False
2026-01-16 10:24:00-08:00,2026-01-16,54,False
2026-01-16 10:27:00-08:00,2026-01-16,37,False
2026-01-16 10:30:00-08:00,2026-01-16,53,False
2026-01-16 10:33:00-08:00,2026-01-16,45,False
2026-01-16 10:36:00-08:00,2026-01-16,61,False
2026-01-16 10:39:00-08:00,2026-01-16,52,False
2026-01-16 10:42:00-08:00,2026-01-16,48,False
2026-01-16 10:45:00-08:00,2026-01-16,64,False
2026-01-16 10:48:00-08:00,2026-01-16,-1,True
2026-01-16 10:51:00-08:00,2026-01-16,-1,True
2026-01-16 10:54:00-08:00,2026-01-16,69,False
2026-01-16 10:57:00-08:00,2026-01-16,54,False
2026-01-16 11:00:00-08:00,2026-01-16,73,False
2026-01-16 11:03:00-08:00,2026-01-16,61,False
2026-01-16 11:06:00-08:00,2026-01-16,68,False
2026-01-16 11:09:00-08:00,2026-01-16,62,False
2026-01-16 11:12:00-08:00,2026-01-16,59,False
2026-01-16 11:15:00-08:00,2026-01-16,45,False
2026-01-16 11:18:00-08:00,2026-01-16,43,False
2026-01-16 11:21:00-08:00,2026-01-16,52,False
2026-01-16 11:24:00-08:00,2026-01-16,31,False
2026-01-16 11:27:00-08:00,2026-01-16,43,False
2026-01-16 11:30:00-08:00,2026-01-16,33,False
2026-01-16 11:33:00-08:00,2026-01-16,46,False
2026-01-16 11:36:00-08:00,2026-01-16,64,False
2026-01-16 11:39:00-08:00,2026-01-16,40,False
2026-01-16 11:42:00-08:00,2026-01-16,39,False
2026-01-16 11:45:00-08:00,2026-01-16,31,False
2026-01-16 11:48:00-08:00,2026-01-16,88,False
2026-01-16 11:51:00-08:00,2026-01-16,-1,True
2026-01-16 11:54:00-08:00,2026-01-16,77,False
2026-01-16 11:57:00-08:00,2026-01-16,62,False
2026-01-16 12:00:00-08:00,2026-01-16,52,False
2026-01-16 12:03:00-08:00,2026-01-16,25,False
2026-01-16 12:06:00-08:00,2026-01-16,39,False
2026-01-16 12:09:00-08:00,2026-01-16,43,False
2026-01-16 12:12:00-08:00,2026-01-16,56,False
2026-01-16 12:15:00-08:00,2026-01-16,49,False
2026-01-16 12:18:00-08:00,2026-01-16,-2,True
2026-01-16 12:21:00-08:00,2026-01-16,-2,True
2026-01-16 12:24:00-08:00,2026-01-16,-2,True
2026-01-16 12:27:00-08:00,2026-01-16,67,False
2026-01-16 12:30:00-08:00,2026-01-16,-1,True
2026-01-16 12:33:00-08:00,2026-01-16,36,False
2026-01-16 12:36:00-08:00,2026-01-16,35,False
2026-01-16 12:39:00-08:00,2026-01-16,36,False
2026-01-16 12:42:00-08:00,2026-01-16,19,False
2026-01-16 12:45:00-08:00,2026-01-16,22,False
2026-01-16 12:48:00-08:00,2026-01-16,22,False
2026-01-16 12:51:00-08:00,2026-01-16,22,False
2026-01-16 12:54:00-08:00,2026-01-16,24,False
2026-01-16 12:57:00-08:00,2026-01-16,20,False
2026-01-16 13:00:00-08:00,2026-01-16,18,False
2026-01-16 13:03:00-08:00,2026-01-16,18,False
2026-01-16 13:06:00-08:00,2026-01-16,15,False
2026-01-16 13:09:00-08:00,2026-01-16,13,True
2026-01-16 13:12:00-08:00,2026-01-16,16,False
2026-01-16 13:15:00-08:00,2026-01-16,15,False
2026-01-16 13:18:00-08:00,2026-01-16,18,False
2026-01-16 13:21:00-08:00,2026-01-16,13,True
2026-01-16 13:24:00-08:00,2026-01-16,15,False
2026-01-16 13:27:00-08:00,2026-01-16,16,False
2026-01-16 13:30:00-08:00,2026-01-16,15,False
2026-01-16 13:33:00-08:00,2026-01-16,16,False
2026-01-16 13:36:00-08:00,2026-01-16,18,False
2026-01-16 13:39:00-08:00,2026-01-16,20,False
2026-01-16 13:42:00-08:00,2026-01-16,20,False
2026-01-16 13:45:00-08:00,2026-01-16,19,False
2026-01-16 13:48:00-08:00,2026-01-16,19,False
2026-01-16 13:51:00-08:00,2026-01-16,22,False
2026-01-16 13:54:00-08:00,2026-01-16,17,False
2026-01-16 13:57:00-08:00,2026-01-16,21,False
2026-01-16 14:00:00-08:00,2026-01-16,21,False
2026-01-16 14:03:00-08:00,2026-01-16,21,False
2026-01-16 14:06:00-08:00,2026-01-16,15,False
2026-01-16 14:09:00-08:00,2026-01-16,21,False
2026-01-16 14:12:00-08:00,2026-01-16,37,False
2026-01-16 14:15:00-08:00,2026-01-16,25,False
2026-01-16 14:18:00-08:00,2026-01-16,28,False
2026-01-16 14:21:00-08:00,2026-01-16,45,False
2026-01-16 14:24:00-08:00,2026-01-16,46,False
2026-01-16 14:27:00-08:00,2026-01-16,25,False
2026-01-16 14:30:00-08:00,2026-01-16,25,False
2026-01-16 14:33:00-08:00,2026-01-16,22,False
2026-01-16 14:36:00-08:00,2026-01-16,15,False
2026-01-16 14:39:00-08:00,2026-01-16,17,False
2026-01-16 14:42:00-08:00,2026-01-16,18,False
2026-01-16 14:45:00-08:00,2026-01-16,13,True
2026-01-16 14:48:00-08:00,2026-01-16,16,False
2026-01-16 14:51:00-08:00,2026-01-16,19,False
2026-01-16 14:54:00-08:00,2026-01-16,19,False
2026-01-16 14:57:00-08:00,2026-01-16,20,False
2026-01-16 15:00:00-08:00,2026-01-16,16,False
2026-01-16 15:03:00-08:00,2026-01-16,18,False
2026-01-16 15:06:00-08:00,2026-01-16,19,False
2026-01-16 15:09:00-08:00,2026-01-16,22,False
2026-01-16 15:12:00-08:00,2026-01-16,22,False
2026-01-16 15:15:00-08:00,2026-01-16,21,False
2026-01-16 15:18:00-08:00,2026-01-16,21,False
2026-01-16 15:21:00-08:00,2026-01-16,16,False
2026-01-16 15:24:00-08:00,2026-01-16,15,False
2026-01-16 15:27:00-08:00,2026-01-16,9,True
2026-01-16 15:30:00-08:00,2026-01-16,12,True
2026-01-16 15:33:00-08:00,2026-01-16,11,True
2026-01-16 15:36:00-08:00,2026-01-16,18,False
2026-01-16 15:39:00-08:00,2026-01-16,15,False
2026-01-16 15:42:00-08:00,2026-01-16,12,True
2026-01-16 15:45:00-08:00,2026-01-16,15,False
2026-01-16 15:48:00-08:00,2026-01-16,14,True
2026-01-16 15:51:00-08:00,2026-01-16,18,False
2026-01-16 15:54:00-08:00,2026-01-16,17,False
2026-01-16 15:57:00-08:00,2026-01-16,17,False
2026-01-16 16:00:00-08:00,2026-01-16,16,False
2026-01-16 16:03:00-08:00,2026-01-16,20,False
2026-01-16 16:06:00-08:00,2026-01-16,22,False
2026-01-16 16:09:00-08:00,2026-01-16,25,False
2026-01-16 16:12:00-08:00,2026-01-16,24,False
2026-01-16 16:15:00-08:00,2026-01-16,20,False
2026-01-16 16:18:00-08:00,2026-01-16,20,False
2026-01-16 16:21:00-08:00,2026-01-16,21,False
2026-01-16 16:24:00-08:00,2026-01-16,21,False
2026-01-16 16:27:00-08:00,2026-01-16,13,True
2026-01-16 16:30:00-08:00,2026-01-16,18,False
2026-01-16 16:33:00-08:00,2026-01-16,16,False
2026-01-16 16:36:00-08:00,2026-01-16,24,False
2026-01-16 16:39:00-08:00,2026-01-16,29,False
2026-01-16 16:42:00-08:00,2026-01-16,39,False
2026-01-16 16:45:00-08:00,2026-01-16,18,False
2026-01-16 16:48:00-08:00,2026-01-16,22,False
2026-01-16 16:51:00-08:00,2026-01-16,31,False
2026-01-16 16:54:00-08:00,2026-01-16,34,False
2026-01-16 16:57:00-08:00,2026-01-16,39,False
2026-01-16 17:00:00-08:00,2026-01-16,34,False
2026-01-16 17:03:00-08:00,2026-01-16,24,False
2026-01-16 17:06:00-08:00,2026-01-16,25,False
2026-01-16 17:09:00-08:00,2026-01-16,25,False
2026-01-16 17:12:00-08:00,2026-01-16,25,False
2026-01-16 17:15:00-08:00,2026-01-16,28,False
2026-01-16 17:18:00-08:00,2026-01-16,28,False
2026-01-16 17:21:00-08:00,2026-01-16,36,False
2026-01-16 17:24:00-08:00,2026-01-16,41,False
2026-01-16 17:27:00-08:00,2026-01-16,39,False
2026-01-16 17:30:00-08:00,2026-01-16,-2,True
2026-01-16 17:33:00-08:00,2026-01-16,-2,True
2026-01-16 17:36:00-08:00,2026-01-16,-2,True
2026-01-16 17:39:00-08:00,2026-01-16,-1,True
2026-01-16 17:42:00-08:00,2026-01-16,-1,True
2026-01-16 17:45:00-08:00,2026-01-16,64,False
2026-01-16 17:48:00-08:00,2026-01-16,59,False
2026-01-16 17:51:00-08:00,2026-01-16,55,False
2026-01-16 17:54:00-08:00,2026-01-16,58,False
2026-01-16 17:57:00-08:00,2026-01-16,72,False
2026-01-16 18:00:00-08:00,2026-01-16,67,False
2026-01-16 18:03:00-08:00,2026-01-16,73,False
2026-01-16 18:06:00-08:00,2026-01-16,62,False
2026-01-16 18:09:00-08:00,2026-01-16,-2,True
2026-01-16 18:12:00-08:00,2026-01-16,85,False
2026-01-16 18:15:00-08:00,2026-01-16,-1,True
2026-01-16 18:18:00-08:00,2026-01-16,-2,True
2026-01-16 18:21:00-08:00,2026-01-16,-2,True
2026-01-16 18:24:00-08:00,2026-01-16,72,False
2026-01-16 18:27:00-08:00,2026-01-16,40,False
2026-01-16 18:30:00-08:00,2026-01-16,36,False
2026-01-16 18:33:00-08:00,2026-01-16,38,False
2026-01-16 18:36:00-08:00,2026-01-16,36,False
2026-01-16 18:39:00-08:00,2026-01-16,37,False
2026-01-16 18:42:00-08:00,2026-01-16,53,False
2026-01-16 18:45:00-08:00,2026-01-16,55,False
2026-01-16 18:48:00-08:00,2026-01-16,54,False
2026-01-16 18:51:00-08:00,2026-01-16,53,False
2026-01-16 18:54:00-08:00,2026-01-16,59,False
2026-01-16 18:57:00-08:00,2026-01-16,60,False
2026-01-16 19:00:00-08:00,2026-01-16,43,False
2026-01-16 19:03:00-08:00,2026-01-16,57,False
2026-01-16 19:06:00-08:00,2026-01-16,64,False
2026-01-16 19:09:00-08:00,2026-01-16,49,False
2026-01-16 19:12:00-08:00,2026-01-16,34,False
2026-01-16 19:15:00-08:00,2026-01-16,37,False
2026-01-16 19:18:00-08:00,2026-01-16,61,False
2026-01-16 19:21:00-08:00,2026-01-16,59,False
2026-01-16 19:24:00-08:00,2026-01-16,70,False
2026-01-16 19:27:00-08:00,2026-01-16,77,False
2026-01-16 19:30:00-08:00,2026-01-16,67,False
2026-01-16 19:33:00-08:00,2026-01-16,47,False
2026-01-16 19:36:00-08:00,2026-01-16,52,False
2026-01-16 19:39:00-08:00,2026-01-16,60,False
2026-01-16 19:42:00-08:00,2026-01-16,49,False
2026-01-16 19:45:00-08:00,2026-01-16,45,False
2026-01-16 19:48:00-08:00,2026-01-16,50,False
2026-01-16 19:51:00-08:00,2026-01-16,49,False
2026-01-16 19:54:00-08:00,2026-01-16,37,False
2026-01-16 19:57:00-08:00,2026-01-16,58,False
2026-01-16 20:00:00-08:00,2026-01-16,26,False
2026-01-16 20:03:00-08:00,2026-01-16,32,False
2026-01-16 20:06:00-08:00,2026-01-16,24,False
2026-01-16 20:09:00-08:00,2026-01-16,40,False
2026-01-16 20:12:00-08:00,2026-01-16,47,False
2026-01-16 20:15:00-08:00,2026-01-16,37,False
2026-01-16 20:18:00-08:00,2026-01-16,39,False
2026-01-16 20:21:00-08:00,2026-01-16,34,False
2026-01-16 20:24:00-08:00,2026-01-16,36,False
2026-01-16 20:27:00-08:00,2026-01-16,34,False
2026-01-16 20:30:00-08:00,2026-01-16,28,False
2026-01-16 20:33:00-08:00,2026-01-16,31,False
2026-01-16 20:36:00-08:00,2026-01-16,25,False
2026-01-16 20:39:00-08:00,2026-01-16,18,False
2026-01-16 20:42:00-08:00,2026-01-16,20,False
2026-01-16 20:45:00-08:00,2026-01-16,24,False
2026-01-16 20:48:00-08:00,2026-01-16,22,False
2026-01-16 20:51:00-08:00,2026-01-16,32,False
2026-01-16 20:54:00-08:00,2026-01-16,-1,True
2026-01-16 20:57:00-08:00,2026-01-16,12,True
2026-01-16 21:00:00-08:00,2026-01-16,18,False
2026-01-16 21:03:00-08:00,2026-01-16,18,False
2026-01-16 21:06:00-08:00,2026-01-16,17,False
2026-01-16 21:09:00-08:00,2026-01-16,20,False
2026-01-16 21:12:00-08:00,2026-01-16,22,False
2026-01-16 21:15:00-08:00,2026-01-16,16,False
2026-01-16 21:18:00-08:00,2026-01-16,11,True
2026-01-16 21:21:00-08:00,2026-01-16,16,False
2026-01-16 21:24:00-08:00,2026-01-16,24,False
2026-01-16 21:27:00-08:00,2026-01-16,20,False
2026-01-16 21:30:00-08:00,2026-01-16,16,False
2026-01-16 21:33:00-08:00,2026-01-16,16,False
2026-01-16 21:36:00-08:00,2026-01-16,17,False
2026-01-16 21:39:00-08:00,2026-01-16,17,False
2026-01-16 21:42:00-08:00,2026-01-16,17,False
2026-01-16 21:45:00-08:00,2026-01-16,14,True
2026-01-16 21:48:00-08:00,2026-01-16,14,True
2026-01-16 21:51:00-08:00,2026-01-16,9,True
2026-01-16 21:54:00-08:00,2026-01-16,13,True
2026-01-16 21:57:00-08:00,2026-01-16,19,False
2026-01-16 22:00:00-08:00,2026-01-16,16,False
2026-01-16 22:03:00-08:00,2026-01-16,20,False
2026-01-16 22:06:00-08:00,2026-01-16,17,False
2026-01-16 22:09:00-08:00,2026-01-16,12,True
2026-01-16 22:12:00-08:00,2026-01-16,13,True
2026-01-16 22:15:00-08:00,2026-01-16,17,False
2026-01-16 22:18:00-08:00,2026-01-16,17,False
2026-01-16 22:21:00-08:00,2026-01-16,16,False
2026-01-16 22:24:00-08:00,2026-01-16,23,False
2026-01-16 22:27:00-08:00,2026-01-16,11,True
2026-01-16 22:30:00-08:00,2026-01-16,14,True
2026-01-16 22:33:00-08:00,2026-01-16,9,True
2026-01-16 22:36:00-08:00,2026-01-16,7,True
2026-01-16 22:39:00-08:00,2026-01-16,8,True
2026-01-16 22:42:00-08:00,2026-01-16,18,False
2026-01-16 22:45:00-08:00,2026-01-16,5,True
2026-01-16 22:48:00-08:00,2026-01-16,11,True
2026-01-16 22:51:00-08:00,2026-01-16,-1,True
2026-01-16 22:54:00-08:00,2026-01-16,-2,True
2026-01-16 22:57:00-08:00,2026-01-16,-1,True
2026-01-16 23:00:00-08:00,2026-01-16,44,False
2026-01-16 23:03:00-08:00,2026-01-16,16,False
2026-01-16 23:06:00-08:00,2026-01-16,20,False
2026-01-16 23:09:00-08:00,2026-01-16,21,False
2026-01-16 23:12:00-08:00,2026-01-16,19,False
2026-01-16 23:15:00-08:00,2026-01-16,19,False
2026-01-16 23:18:00-08:00,2026-01-16,22,False
2026-01-16 23:21:00-08:00,2026-01-16,19,False
2026-01-16 23:24:00-08:00,2026-01-16,15,False
2026-01-16 23:27:00-08:00,2026-01-16,11,True
2026-01-16 23:30:00-08:00,2026-01-16,11,True
2026-01-16 23:33:00-08:00,2026-01-16,14,True
2026-01-16 23:36:00-08:00,2026-01-16,10,True
2026-01-16 23:39:00-08:00,2026-01-16,13,True
2026-01-16 23:42:00-08:00,2026-01-16,15,False
2026-01-16 23:45:00-08:00,2026-01-16,15,False
2026-01-16 23:48:00-08:00,2026-01-16,15,False
2026-01-16 23:51:00-08:00,2026-01-16,16,False
2026-01-16 23:54:00-08:00,2026-01-16,15,False
2026-01-16 23:57:00-08:00,2026-01-16,17,False
2026-01-17 00:00:00-08:00,2026-01-17,16,False
2026-01-17 00:03:00-08:00,2026-01-17,10,True
2026-01-17 00:06:00-08:00,2026-01-17,16,False
2026-01-17 00:09:00-08:00,2026-01-17,17,False
2026-01-17 00:12:00-08:00,2026-01-17,15,False
2026-01-17 00:15:00-08:00,2026-01-17,15,False
2026-01-17 00:18:00-08:00,2026-01-17,13,True
2026-01-17 00:21:00-08:00,2026-01-17,15,False
2026-01-17 00:24:00-08:00,2026-01-17,15,False
2026-01-17 00:27:00-08:00,2026-01-17,14,True
2026-01-17 00:30:00-08:00,2026-01-17,13,True
2026-01-17 00:33:00-08:00,2026-01-17,21,False
2026-01-17 00:36:00-08:00,2026-01-17,15,False
2026-01-17 00:39:00-08:00,2026-01-17,19,False
2026-01-17 00:42:00-08:00,2026-01-17,16,False
2026-01-17 00:45:00-08:00,2026-01-17,17,False
2026-01-17 00:48:00-08:00,2026-01-17,20,False
2026-01-17 00:51:00-08:00,2026-01-17,20,False
2026-01-17 00:54:00-08:00,2026-01-17,20,False
2026-01-17 00:57:00-08:00,2026-01-17,21,False
2026-01-17 01:00:00-08:00,2026-01-17,21,False
2026-01-17 01:03:00-08:00,2026-01-17,22,False
2026-01-17 01:06:00-08:00,2026-01-17,20,False
2026-01-17 01:09:00-08:00,2026-01-17,15,False
2026-01-17 01:12:00-08:00,2026-01-17,16,False
2026-01-17 01:15:00-08:00,2026-01-17,15,False
2026-01-17 01:18:00-08:00,2026-01-17,18,False
2026-01-17 01:21:00-08:00,2026-01-17,13,True
2026-01-17 01:24:00-08:00,2026-01-17,17,False
2026-01-17 01:27:00-08:00,2026-01-17,18,False
2026-01-17 01:30:00-08:00,2026-01-17,19,False
2026-01-17 01:33:00-08:00,2026-01-17,19,False
2026-01-17 01:36:00-08:00,2026-01-17,19,False
2026-01-17 01:39:00-08:00,2026-01-17,23,False
2026-01-17 01:42:00-08:00,2026-01-17,19,False
2026-01-17 01:45:00-08:00,2026-01-17,18,False
2026-01-17 01:48:00-08:00,2026-01-17,16,False
2026-01-17 01:51:00-08:00,2026-01-17,16,False
2026-01-17 01:54:00-08:00,2026-01-17,9,True
2026-01-17 01:57:00-08:00,2026-01-17,10,True
2026-01-17 02:00:00-08:00,2026-01-17,9,True
2026-01-17 02:03:00-08:00,2026-01-17,10,True
2026-01-17 02:06:00-08:00,2026-01-17,11,True
2026-01-17 02:09:00-08:00,2026-01-17,9,True
2026-01-17 02:12:00-08:00,2026-01-17,10,True
2026-01-17 02:15:00-08:00,2026-01-17,14,True
2026-01-17 02:18:00-08:00,2026-01-17,16,False
2026-01-17 02:21:00-08:00,2026-01-17,16,False
2026-01-17 02:24:00-08:00,2026-01-17,15,False
2026-01-17 02:27:00-08:00,2026-01-17,13,True
2026-01-17 02:30:00-08:00,2026-01-17,15,False
2026-01-17 02:33:00-08:00,2026-01-17,14,True
2026-01-17 02:36:00-08:00,2026-01-17,20,False
2026-01-17 02:39:00-08:00,2026-01-17,17,False
2026-01-17 02:42:00-08:00,2026-01-17,52,False
2026-01-17 02:45:00-08:00,2026-01-17,31,False
2026-01-17 02:48:00-08:00,2026-01-17,22,False
2026-01-17 02:51:00-08:00,2026-01-17,22,False
2026-01-17 02:54:00-08:00,2026-01-17,11,True
2026-01-17 02:57:00-08:00,2026-01-17,11,True
2026-01-17 03:00:00-08:00,2026-01-17,12,True
2026-01-17 03:03:00-08:00,2026-01-17,9,True
2026-01-17 03:06:00-08:00,2026-01-17,10,True
2026-01-17 03:09:00-08:00,2026-01-17,9,True
2026-01-17 03:12:00-08:00,2026-01-17,9,True
2026-01-17 03:15:00-08:00,2026-01-17,7,True
2026-01-17 03:18:00-08:00,2026-01-17,8,True
2026-01-17 03:21:00-08:00,2026-01-17,8,True
2026-01-17 03:24:00-08:00,2026-01-17,8,True
2026-01-17 03:27:00-08:00,2026-01-17,9,True
2026-01-17 03:30:00-08:00,2026-01-17,10,True
2026-01-17 03:33:00-08:00,2026-01-17,10,True
2026-01-17 03:36:00-08:00,2026-01-17,10,True
2026-01-17 03:39:00-08:00,2026-01-17,10,True
2026-01-17 03:42:00-08:00,2026-01-17,12,True
2026-01-17 03:45:00-08:00,2026-01-17,11,True
2026-01-17 03:48:00-08:00,2026-01-17,11,True
2026-01-17 03:51:00-08:00,2026-01-17,11,True
2026-01-17 03:54:00-08:00,2026-01-17,8,True
2026-01-17 03:57:00-08:00,2026-01-17,10,True
2026-01-17 04:00:00-08:00,2026-01-17,5,True
2026-01-17 04:03:00-08:00,2026-01-17,5,True
2026-01-17 04:06:00-08:00,2026-01-17,6,True
2026-01-17 04:09:00-08:00,2026-01-17,10,True
2026-01-17 04:12:00-08:00,2026-01-17,14,True
2026-01-17 04:15:00-08:00,2026-01-17,19,False
2026-01-17 04:18:00-08:00,2026-01-17,20,False
2026-01-17 04:21:00-08:00,2026-01-17,11,True
2026-01-17 04:24:00-08:00,2026-01-17,7,True
2026-01-17 04:27:00-08:00,2026-01-17,5,True
2026-01-17 04:30:00-08:00,2026-01-17,8,True
2026-01-17 04:33:00-08:00,2026-01-17,4,True
2026-01-17 04:36:00-08:00,2026-01-17,7,True
2026-01-17 04:39:00-08:00,2026-01-17,8,True
2026-01-17 04:42:00-08:00,2026-01-17,8,True
2026-01-17 04:45:00-08:00,2026-01-17,18,False
2026-01-17 04:48:00-08:00,2026-01-17,16,False
2026-01-17 04:51:00-08:00,2026-01-17,8,True
2026-01-17 04:54:00-08:00,2026-01-17,8,True
2026-01-17 04:57:00-08:00,2026-01-17,8,True
2026-01-17 05:00:00-08:00,2026-01-17,10,True
2026-01-17 05:03:00-08:00,2026-01-17,11,True
2026-01-17 05:06:00-08:00,2026-01-17,10,True
2026-01-17 05:09:00-08:00,2026-01-17,8,True
2026-01-17 05:12:00-08:00,2026-01-17,10,True
2026-01-17 05:15:00-08:00,2026-01-17,12,True
2026-01-17 05:18:00-08:00,2026-01-17,12,True
2026-01-17 05:21:00-08:00,2026-01-17,11,True
2026-01-17 05:24:00-08:00,2026-01-17,9,True
2026-01-17 05:27:00-08:00,2026-01-17,9,True
2026-01-17 05:30:00-08:00,2026-01-17,8,True
2026-01-17 05:33:00-08:00,2026-01-17,8,True
2026-01-17 05:36:00-08:00,2026-01-17,9,True
2026-01-17 05:39:00-08:00,2026-01-17,8,True
2026-01-17 05:42:00-08:00,2026-01-17,3,True
2026-01-17 05:45:00-08:00,2026-01-17,7,True
2026-01-17 05:48:00-08:00,2026-01-17,13,True
2026-01-17 05:51:00-08:00,2026-01-17,7,True
2026-01-17 05:54:00-08:00,2026-01-17,6,True
2026-01-17 05:57:00-08:00,2026-01-17,8,True
2026-01-17 06:00:00-08:00,2026-01-17,44,False
2026-01-17 06:03:00-08:00,2026-01-17,22,False
2026-01-17 06:06:00-08:00,2026-01-17,22,False
2026-01-17 06:09:00-08:00,2026-01-17,24,False
2026-01-17 06:12:00-08:00,2026-01-17,23,False
2026-01-17 06:15:00-08:00,2026-01-17,19,False
2026-01-17 06:18:00-08:00,2026-01-17,20,False
2026-01-17 06:21:00-08:00,2026-01-17,20,False
2026-01-17 06:24:00-08:00,2026-01-17,17,False
2026-01-17 06:27:00-08:00,2026-01-17,17,False
2026-01-17 06:30:00-08:00,2026-01-17,18,False
2026-01-17 06:33:00-08:00,2026-01-17,23,False
2026-01-17 06:36:00-08:00,2026-01-17,28,False
2026-01-17 06:39:00-08:00,2026-01-17,49,False
2026-01-17 06:42:00-08:00,2026-01-17,21,False
2026-01-17 06:45:00-08:00,2026-01-17,21,False
2026-01-17 06:48:00-08:00,2026-01-17,18,False
2026-01-17 06:51:00-08:00,2026-01-17,18,False
2026-01-17 06:54:00-08:00,2026-01-17,20,False
2026-01-17 06:57:00-08:00,2026-01-17,19,False
2026-01-17 07:00:00-08:00,2026-01-17,19,False
2026-01-17 07:03:00-08:00,2026-01-17,21,False
2026-01-17 07:06:00-08:00,2026-01-17,20,False
2026-01-17 07:09:00-08:00,2026-01-17,25,False
2026-01-17 07:12:00-08:00,2026-01-17,16,False
2026-01-17 07:15:00-08:00,2026-01-17,19,False
2026-01-17 07:18:00-08:00,2026-01-17,23,False
2026-01-17 07:21:00-08:00,2026-01-17,23,False
2026-01-17 07:24:00-08:00,2026-01-17,25,False
2026-01-17 07:27:00-08:00,2026-01-17,33,False
2026-01-17 07:30:00-08:00,2026-01-17,-2,True
2026-01-17 07:33:00-08:00,2026-01-17,-2,True
2026-01-17 07:36:00-08:00,2026-01-17,-2,True
2026-01-17 07:39:00-08:00,2026-01-17,-2,True
2026-01-17 07:42:00-08:00,2026-01-17,-1,True
2026-01-17 07:45:00-08:00,2026-01-17,64,False
2026-01-17 07:48:00-08:00,2026-01-17,34,False
2026-01-17 07:51:00-08:00,2026-01-17,25,False
2026-01-17 07:54:00-08:00,2026-01-17,34,False
2026-01-17 07:57:00-08:00,2026-01-17,52,False
2026-01-17 08:00:00-08:00,2026-01-17,49,False
2026-01-17 08:03:00-08:00,2026-01-17,56,False
2026-01-17 08:06:00-08:00,2026-01-17,51,False
2026-01-17 08:09:00-08:00,2026-01-17,48,False
2026-01-17 08:12:00-08:00,2026-01-17,52,False
2026-01-17 08:15:00-08:00,2026-01-17,34,False
2026-01-17 08:18:00-08:00,2026-01-17,52,False
2026-01-17 08:21:00-08:00,2026-01-17,49,False
2026-01-17 08:24:00-08:00,2026-01-17,32,False
2026-01-17 08:27:00-08:00,2026-01-17,-1,True
2026-01-17 08:30:00-08:00,2026-01-17,-1,True
2026-01-17 08:33:00-08:00,2026-01-17,-1,True
2026-01-17 08:36:00-08:00,2026-01-17,-2,True
2026-01-17 08:39:00-08:00,2026-01-17,-2,True
2026-01-17 08:42:00-08:00,2026-01-17,-2,True
2026-01-17 08:45:00-08:00,2026-01-17,-2,True
2026-01-17 08:48:00-08:00,2026-01-17,-2,True
2026-01-17 08:51:00-08:00,2026-01-17,-2,True
2026-01-17 08:54:00-08:00,2026-01-17,-2,True
2026-01-17 08:57:00-08:00,2026-01-17,-2,True
2026-01-17 09:00:00-08:00,2026-01-17,-2,True
2026-01-17 09:03:00-08:00,2026-01-17,-2,True
2026-01-17 09:06:00-08:00,2026-01-17,-2,True
2026-01-17 09:09:00-08:00,2026-01-17,-2,True
2026-01-17 09:12:00-08:00,2026-01-17,-2,True
2026-01-17 09:15:00-08:00,2026-01-17,-2,True
2026-01-17 09:18:00-08:00,2026-01-17,-2,True
2026-01-17 09:21:00-08:00,2026-01-17,-2,True
2026-01-17 09:24:00-08:00,2026-01-17,-2,True
2026-01-17 09:27:00-08:00,2026-01-17,-2,True
2026-01-17 09:30:00-08:00,2026-01-17,-2,True
2026-01-17 09:33:00-08:00,2026-01-17,-2,True
2026-01-17 09:36:00-08:00,2026-01-17,-2,True
2026-01-17 09:39:00-08:00,2026-01-17,-2,True
2026-01-17 09:42:00-08:00,2026-01-17,-2,True
2026-01-17 09:45:00-08:00,2026-01-17,-2,True
2026-01-17 09:48:00-08:00,2026-01-17,-2,True
2026-01-17 09:51:00-08:00,2026-01-17,-2,True
2026-01-17 09:54:00-08:00,2026-01-17,-2,True
2026-01-17 09:57:00-08:00,2026-01-17,-2,True
2026-01-17 10:00:00-08:00,2026-01-17,-1,True
2026-01-17 10:03:00-08:00,2026-01-17,-1,True
2026-01-17 10:06:00-08:00,2026-01-17,-1,True
2026-01-17 10:09:00-08:00,2026-01-17,-1,True
2026-01-17 10:12:00-08:00,2026-01-17,-1,True
2026-01-17 10:15:00-08:00,2026-01-17,-2,True
2026-01-17 10:18:00-08:00,2026-01-17,-1,True
2026-01-17 10:21:00-08:00,2026-01-17,-1,True
2026-01-17 10:24:00-08:00,2026-01-17,-1,True
2026-01-17 10:27:00-08:00,2026-01-17,-1,True
2026-01-17 10:30:00-08:00,2026-01-17,-1,True
2026-01-17 10:33:00-08:00,2026-01-17,-1,True
2026-01-17 10:36:00-08:00,2026-01-17,-1,True
2026-01-17 10:39:00-08:00,2026-01-17,-1,True
2026-01-17 10:42:00-08:00,2026-01-17,-1,True
2026-01-17 10:45:00-08:00,2026-01-17,-1,True
2026-01-17 10:48:00-08:00,2026-01-17,-1,True
2026-01-17 10:51:00-08:00,2026-01-17,-1,True
2026-01-17 10:54:00-08:00,2026-01-17,-1,True
2026-01-17 10:57:00-08:00,2026-01-17,-1,True
2026-01-17 11:00:00-08:00,2026-01-17,-1,True
2026-01-17 11:03:00-08:00,2026-01-17,-1,True
2026-01-17 11:06:00-08:00,2026-01-17,-1,True
2026-01-17 11:09:00-08:00,2026-01-17,-1,True
2026-01-17 11:12:00-08:00,2026-01-17,-1,True
2026-01-17 11:15:00-08:00,2026-01-17,-1,True
2026-01-17 11:18:00-08:00,2026-01-17,-1,True
2026-01-17 11:21:00-08:00,2026-01-17,-1,True
2026-01-17 11:24:00-08:00,2026-01-17,-1,True
2026-01-17 11:27:00-08:00,2026-01-17,-1,True
2026-01-17 11:30:00-08:00,2026-01-17,82,False
2026-01-17 11:33:00-08:00,2026-01-17,76,False
2026-01-17 11:36:00-08:00,2026-01-17,71,False
2026-01-17 11:39:00-08:00,2026-01-17,76,False
2026-01-17 11:42:00-08:00,2026-01-17,70,False
2026-01-17 11:45:00-08:00,2026-01-17,68,False
2026-01-17 11:48:00-08:00,2026-01-17,71,False
2026-01-17 11:51:00-08:00,2026-01-17,66,False
2026-01-17 11:54:00-08:00,2026-01-17,43,False
2026-01-17 11:57:00-08:00,2026-01-17,67,False
2026-01-17 12:00:00-08:00,2026-01-17,82,False
2026-01-17 12:03:00-08:00,2026-01-17,77,False
2026-01-17 12:06:00-08:00,2026-01-17,74,False
2026-01-17 12:09:00-08:00,2026-01-17,76,False
2026-01-17 12:12:00-08:00,2026-01-17,76,False
2026-01-17 12:15:00-08:00,2026-01-17,76,False
2026-01-17 12:18:00-08:00,2026-01-17,80,False
2026-01-17 12:21:00-08:00,2026-01-17,74,False
2026-01-17 12:24:00-08:00,2026-01-17,80,False
2026-01-17 12:27:00-08:00,2026-01-17,77,False
2026-01-17 12:30:00-08:00,2026-01-17,76,False
2026-01-17 12:33:00-08:00,2026-01-17,74,False
2026-01-17 12:36:00-08:00,2026-01-17,75,False
2026-01-17 12:39:00-08:00,2026-01-17,-2,True
2026-01-17 12:42:00-08:00,2026-01-17,-2,True
2026-01-17 12:45:00-08:00,2026-01-17,-1,True
2026-01-17 12:48:00-08:00,2026-01-17,82,False
2026-01-17 12:51:00-08:00,2026-01-17,75,False
2026-01-17 12:54:00-08:00,2026-01-17,75,False
2026-01-17 12:57:00-08:00,2026-01-17,81,False
2026-01-17 13:00:00-08:00,2026-01-17,85,False
2026-01-17 13:03:00-08:00,2026-01-17,93,False
2026-01-17 13:06:00-08:00,2026-01-17,76,False
2026-01-17 13:09:00-08:00,2026-01-17,-1,True
2026-01-17 13:12:00-08:00,2026-01-17,94,False
2026-01-17 13:15:00-08:00,2026-01-17,93,False
2026-01-17 13:18:00-08:00,2026-01-17,82,False
2026-01-17 13:21:00-08:00,2026-01-17,94,False
2026-01-17 13:24:00-08:00,2026-01-17,85,False
2026-01-17 13:27:00-08:00,2026-01-17,59,False
2026-01-17 13:30:00-08:00,2026-01-17,64,False
2026-01-17 13:33:00-08:00,2026-01-17,68,False
2026-01-17 13:36:00-08:00,2026-01-17,85,False
2026-01-17 13:39:00-08:00,2026-01-17,94,False
2026-01-17 13:42:00-08:00,2026-01-17,-1,True
2026-01-17 13:45:00-08:00,2026-01-17,-1,True
2026-01-17 13:48:00-08:00,2026-01-17,97,False
2026-01-17 13:51:00-08:00,2026-01-17,94,False
2026-01-17 13:54:00-08:00,2026-01-17,94,False
2026-01-17 13:57:00-08:00,2026-01-17,70,False
2026-01-17 14:00:00-08:00,2026-01-17,79,False
2026-01-17 14:03:00-08:00,2026-01-17,86,False
2026-01-17 14:06:00-08:00,2026-01-17,60,False
2026-01-17 14:09:00-08:00,2026-01-17,90,False
2026-01-17 14:12:00-08:00,2026-01-17,82,False
2026-01-17 14:15:00-08:00,2026-01-17,78,False
2026-01-17 14:18:00-08:00,2026-01-17,85,False
2026-01-17 14:21:00-08:00,2026-01-17,83,False
2026-01-17 14:24:00-08:00,2026-01-17,76,False
2026-01-17 14:27:00-08:00,2026-01-17,84,False
2026-01-17 14:30:00-08:00,2026-01-17,-1,True
2026-01-17 14:33:00-08:00,2026-01-17,91,False
2026-01-17 14:36:00-08:00,2026-01-17,86,False
2026-01-17 14:39:00-08:00,2026-01-17,85,False
2026-01-17 14:42:00-08:00,2026-01-17,91,False
2026-01-17 14:45:00-08:00,2026-01-17,-2,True
2026-01-17 14:48:00-08:00,2026-01-17,-1,True
2026-01-17 14:51:00-08:00,2026-01-17,93,False
2026-01-17 14:54:00-08:00,2026-01-17,-2,True
2026-01-17 14:57:00-08:00,2026-01-17,97,False
2026-01-17 15:00:00-08:00,2026-01-17,93,False
2026-01-17 15:03:00-08:00,2026-01-17,84,False
2026-01-17 15:06:00-08:00,2026-01-17,91,False
2026-01-17 15:09:00-08:00,2026-01-17,91,False
2026-01-17 15:12:00-08:00,2026-01-17,94,False
2026-01-17 15:15:00-08:00,2026-01-17,-1,True
2026-01-17 15:18:00-08:00,2026-01-17,-1,True
2026-01-17 15:21:00-08:00,2026-01-17,-1,True
2026-01-17 15:24:00-08:00,2026-01-17,73,False
2026-01-17 15:27:00-08:00,2026-01-17,73,False
2026-01-17 15:30:00-08:00,2026-01-17,78,False
2026-01-17 15:33:00-08:00,2026-01-17,70,False
2026-01-17 15:36:00-08:00,2026-01-17,85,False
2026-01-17 15:39:00-08:00,2026-01-17,63,False
2026-01-17 15:42:00-08:00,2026-01-17,73,False
2026-01-17 15:45:00-08:00,2026-01-17,78,False
2026-01-17 15:48:00-08:00,2026-01-17,72,False
2026-01-17 15:51:00-08:00,2026-01-17,81,False
2026-01-17 15:54:00-08:00,2026-01-17,-1,True
2026-01-17 15:57:00-08:00,2026-01-17,90,False
2026-01-17 16:00:00-08:00,2026-01-17,92,False
2026-01-17 16:03:00-08:00,2026-01-17,-1,True
2026-01-17 16:06:00-08:00,2026-01-17,-2,True
2026-01-17 16:09:00-08:00,2026-01-17,-2,True
2026-01-17 16:12:00-08:00,2026-01-17,-2,True
2026-01-17 16:15:00-08:00,2026-01-17,-1,True
2026-01-17 16:18:00-08:00,2026-01-17,-2,True
2026-01-17 16:21:00-08:00,2026-01-17,-2,True
2026-01-17 16:24:00-08:00,2026-01-17,-2,True
2026-01-17 16:27:00-08:00,2026-01-17,-2,True
2026-01-17 16:30:00-08:00,2026-01-17,94,False
2026-01-17 16:33:00-08:00,2026-01-17,94,False
2026-01-17 16:36:00-08:00,2026-01-17,97,False
2026-01-17 16:39:00-08:00,2026-01-17,97,False
2026-01-17 16:42:00-08:00,2026-01-17,91,False
2026-01-17 16:45:00-08:00,2026-01-17,87,False
2026-01-17 16:48:00-08:00,2026-01-17,85,False
2026-01-17 16:51:00-08:00,2026-01-17,76,False
2026-01-17 16:54:00-08:00,2026-01-17,84,False
2026-01-17 16:57:00-08:00,2026-01-17,88,False
2026-01-17 17:00:00-08:00,2026-01-17,82,False
2026-01-17 17:03:00-08:00,2026-01-17,85,False
2026-01-17 17:06:00-08:00,2026-01-17,88,False
2026-01-17 17:09:00-08:00,2026-01-17,90,False
2026-01-17 17:12:00-08:00,2026-01-17,87,False
2026-01-17 17:15:00-08:00,2026-01-17,88,False
2026-01-17 17:18:00-08:00,2026-01-17,90,False
2026-01-17 17:21:00-08:00,2026-01-17,87,False
2026-01-17 17:24:00-08:00,2026-01-17,88,False
2026-01-17 17:27:00-08:00,2026-01-17,87,False
2026-01-17 17:30:00-08:00,2026-01-17,88,False
2026-01-17 17:33:00-08:00,2026-01-17,89,False
2026-01-17 17:36:00-08:00,2026-01-17,86,False
2026-01-17 17:39:00-08:00,2026-01-17,87,False
2026-01-17 17:42:00-08:00,2026-01-17,91,False
2026-01-17 17:45:00-08:00,2026-01-17,91,False
2026-01-17 17:48:00-08:00,2026-01-17,88,False
2026-01-17 17:51:00-08:00,2026-01-17,88,False
2026-01-17 17:54:00-08:00,2026-01-17,90,False
2026-01-17 17:57:00-08:00,2026-01-17,94,False
2026-01-17 18:00:00-08:00,2026-01-17,94,False
2026-01-17 18:03:00-08:00,2026-01-17,91,False
2026-01-17 18:06:00-08:00,2026-01-17,91,False
2026-01-17 18:09:00-08:00,2026-01-17,91,False
2026-01-17 18:12:00-08:00,2026-01-17,91,False
2026-01-17 18:15:00-08:00,2026-01-17,89,False
2026-01-17 18:18:00-08:00,2026-01-17,91,False
2026-01-17 18:21:00-08:00,2026-01-17,88,False
2026-01-17 18:24:00-08:00,2026-01-17,91,False
2026-01-17 18:27:00-08:00,2026-01-17,88,False
2026-01-17 18:30:00-08:00,2026-01-17,89,False
2026-01-17 18:33:00-08:00,2026-01-17,86,False
2026-01-17 18:36:00-08:00,2026-01-17,88,False
2026-01-17 18:39:00-08:00,2026-01-17,90,False
2026-01-17 18:42:00-08:00,2026-01-17,91,False
2026-01-17 18:45:00-08:00,2026-01-17,89,False
2026-01-17 18:48:00-08:00,2026-01-17,91,False
2026-01-17 18:51:00-08:00,2026-01-17,91,False
2026-01-17 18:54:00-08:00,2026-01-17,-1,True
2026-01-17 18:57:00-08:00,2026-01-17,97,False
2026-01-17 19:00:00-08:00,2026-01-17,96,False
2026-01-17 19:03:00-08:00,2026-01-17,96,False
2026-01-17 19:06:00-08:00,2026-01-17,-1,True
2026-01-17 19:09:00-08:00,2026-01-17,96,False
2026-01-17 19:12:00-08:00,2026-01-17,88,False
2026-01-17 19:15:00-08:00,2026-01-17,95,False
2026-01-17 19:18:00-08:00,2026-01-17,96,False
2026-01-17 19:21:00-08:00,2026-01-17,94,False
2026-01-17 19:24:00-08:00,2026-01-17,88,False
2026-01-17 19:27:00-08:00,2026-01-17,93,False
2026-01-17 19:30:00-08:00,2026-01-17,92,False
2026-01-17 19:33:00-08:00,2026-01-17,92,False
2026-01-17 19:36:00-08:00,2026-01-17,91,False
2026-01-17 19:39:00-08:00,2026-01-17,94,False
2026-01-17 19:42:00-08:00,2026-01-17,91,False
2026-01-17 19:45:00-08:00,2026-01-17,82,False
2026-01-17 19:48:00-08:00,2026-01-17,82,False
2026-01-17 19:51:00-08:00,2026-01-17,76,False
2026-01-17 19:54:00-08:00,2026-01-17,85,False
2026-01-17 19:57:00-08:00,2026-01-17,88,False
2026-01-17 20:00:00-08:00,2026-01-17,82,False
2026-01-17 20:03:00-08:00,2026-01-17,87,False
2026-01-17 20:06:00-08:00,2026-01-17,87,False
2026-01-17 20:09:00-08:00,2026-01-17,85,False
2026-01-17 20:12:00-08:00,2026-01-17,-1,True
2026-01-17 20:15:00-08:00,2026-01-17,-2,True
2026-01-17 20:18:00-08:00,2026-01-17,-1,True
2026-01-17 20:21:00-08:00,2026-01-17,-1,True
2026-01-17 20:24:00-08:00,2026-01-17,-2,True
2026-01-17 20:27:00-08:00,2026-01-17,-2,True
2026-01-17 20:30:00-08:00,2026-01-17,-2,True
2026-01-17 20:33:00-08:00,2026-01-17,-2,True
2026-01-17 20:36:00-08:00,2026-01-17,-2,True
2026-01-17 20:39:00-08:00,2026-01-17,-1,True
2026-01-17 20:42:00-08:00,2026-01-17,91,False
2026-01-17 20:45:00-08:00,2026-01-17,79,False
2026-01-17 20:48:00-08:00,2026-01-17,87,False
2026-01-17 20:51:00-08:00,2026-01-17,88,False
2026-01-17 20:54:00-08:00,2026-01-17,82,False
2026-01-17 20:57:00-08:00,2026-01-17,79,False
2026-01-17 21:00:00-08:00,2026-01-17,70,False
2026-01-17 21:03:00-08:00,2026-01-17,76,False
2026-01-17 21:06:00-08:00,2026-01-17,73,False
2026-01-17 21:09:00-08:00,2026-01-17,75,False
2026-01-17 21:12:00-08:00,2026-01-17,71,False
2026-01-17 21:15:00-08:00,2026-01-17,75,False
2026-01-17 21:18:00-08:00,2026-01-17,75,False
2026-01-17 21:21:00-08:00,2026-01-17,70,False
2026-01-17 21:24:00-08:00,2026-01-17,80,False
2026-01-17 21:27:00-08:00,2026-01-17,90,False
2026-01-17 21:30:00-08:00,2026-01-17,94,False
2026-01-17 21:33:00-08:00,2026-01-17,88,False
2026-01-17 21:36:00-08:00,2026-01-17,79,False
2026-01-17 21:39:00-08:00,2026-01-17,91,False
2026-01-17 21:42:00-08:00,2026-01-17,79,False
2026-01-17 21:45:00-08:00,2026-01-17,79,False
2026-01-17 21:48:00-08:00,2026-01-17,79,False
2026-01-17 21:51:00-08:00,2026-01-17,91,False
2026-01-17 21:54:00-08:00,2026-01-17,86,False
2026-01-17 21:57:00-08:00,2026-01-17,89,False
2026-01-17 22:00:00-08:00,2026-01-17,86,False
2026-01-17 22:03:00-08:00,2026-01-17,88,False
2026-01-17 22:06:00-08:00,2026-01-17,86,False
2026-01-17 22:09:00-08:00,2026-01-17,89,False
2026-01-17 22:12:00-08:00,2026-01-17,87,False
2026-01-17 22:15:00-08:00,2026-01-17,74,False
2026-01-17 22:18:00-08:00,2026-01-17,76,False
2026-01-17 22:21:00-08:00,2026-01-17,81,False
2026-01-17 22:24:00-08:00,2026-01-17,83,False
2026-01-17 22:27:00-08:00,2026-01-17,84,False
2026-01-17 22:30:00-08:00,2026-01-17,89,False
2026-01-17 22:33:00-08:00,2026-01-17,80,False
2026-01-17 22:36:00-08:00,2026-01-17,76,False
2026-01-17 22:39:00-08:00,2026-01-17,81,False
2026-01-17 22:42:00-08:00,2026-01-17,80,False
2026-01-17 22:45:00-08:00,2026-01-17,91,False
2026-01-17 22:48:00-08:00,2026-01-17,90,False
2026-01-17 22:51:00-08:00,2026-01-17,74,False
2026-01-17 22:54:00-08:00,2026-01-17,79,False
2026-01-17 22:57:00-08:00,2026-01-17,68,False
2026-01-17 23:00:00-08:00,2026-01-17,76,False
2026-01-17 23:03:00-08:00,2026-01-17,77,False
2026-01-17 23:06:00-08:00,2026-01-17,77,False
2026-01-17 23:09:00-08:00,2026-01-17,79,False
2026-01-17 23:12:00-08:00,2026-01-17,90,False
2026-01-17 23:15:00-08:00,2026-01-17,88,False
2026-01-17 23:18:00-08:00,2026-01-17,85,False
2026-01-17 23:21:00-08:00,2026-01-17,-1,True
2026-01-17 23:24:00-08:00,2026-01-17,-1,True
2026-01-17 23:27:00-08:00,2026-01-17,-2,True
2026-01-17 23:30:00-08:00,2026-01-17,-2,True
2026-01-17 23:33:00-08:00,2026-01-17,-2,True
2026-01-17 23:36:00-08:00,2026-01-17,-2,True
2026-01-17 23:39:00-08:00,2026-01-17,-1,True
2026-01-17 23:42:00-08:00,2026-01-17,70,False
2026-01-17 23:45:00-08:00,2026-01-17,47,False
2026-01-17 23:48:00-08:00,2026-01-17,54,False
2026-01-17 23:51:00-08:00,2026-01-17,47,False
2026-01-17 23:54:00-08:00,2026-01-17,76,False
2026-01-17 23:57:00-08:00,2026-01-17,66,False
2026-01-18 00:00:00-08:00,2026-01-18,49,False
2026-01-18 00:03:00-08:00,2026-01-18,43,False
2026-01-18 00:06:00-08:00,2026-01-18,44,False
2026-01-18 00:09:00-08:00,2026-01-18,43,False
2026-01-18 00:12:00-08:00,2026-01-18,46,False
2026-01-18 00:15:00-08:00,2026-01-18,41,False
2026-01-18 00:18:00-08:00,2026-01-18,46,False
2026-01-18 00:21:00-08:00,2026-01-18,56,False
2026-01-18 00:24:00-08:00,2026-01-18,61,False
2026-01-18 00:27:00-08:00,2026-01-18,-1,True
2026-01-18 00:30:00-08:00,2026-01-18,-2,True
2026-01-18 00:33:00-08:00,2026-01-18,-1,True
2026-01-18 00:36:00-08:00,2026-01-18,54,False
2026-01-18 00:39:00-08:00,2026-01-18,36,False
2026-01-18 00:42:00-08:00,2026-01-18,25,False
2026-01-18 00:45:00-08:00,2026-01-18,25,False
2026-01-18 00:48:00-08:00,2026-01-18,25,False
2026-01-18 00:51:00-08:00,2026-01-18,25,False
2026-01-18 00:54:00-08:00,2026-01-18,25,False
2026-01-18 00:57:00-08:00,2026-01-18,46,False
2026-01-18 01:00:00-08:00,2026-01-18,55,False
2026-01-18 01:03:00-08:00,2026-01-18,35,False
2026-01-18 01:06:00-08:00,2026-01-18,25,False
2026-01-18 01:09:00-08:00,2026-01-18,28,False
2026-01-18 01:12:00-08:00,2026-01-18,37,False
2026-01-18 01:15:00-08:00,2026-01-18,46,False
2026-01-18 01:18:00-08:00,2026-01-18,37,False
2026-01-18 01:21:00-08:00,2026-01-18,36,False
2026-01-18 01:24:00-08:00,2026-01-18,24,False
2026-01-18 01:27:00-08:00,2026-01-18,18,False
2026-01-18 01:30:00-08:00,2026-01-18,20,False
2026-01-18 01:33:00-08:00,2026-01-18,34,False
2026-01-18 01:36:00-08:00,2026-01-18,24,False
2026-01-18 01:39:00-08:00,2026-01-18,16,False
2026-01-18 01:42:00-08:00,2026-01-18,16,False
2026-01-18 01:45:00-08:00,2026-01-18,13,True
2026-01-18 01:48:00-08:00,2026-01-18,15,False
2026-01-18 01:51:00-08:00,2026-01-18,16,False
2026-01-18 01:54:00-08:00,2026-01-18,18,False
2026-01-18 01:57:00-08:00,2026-01-18,17,False
2026-01-18 02:00:00-08:00,2026-01-18,16,False
2026-01-18 02:03:00-08:00,2026-01-18,14,True
2026-01-18 02:06:00-08:00,2026-01-18,14,True
2026-01-18 02:09:00-08:00,2026-01-18,15,False
2026-01-18 02:12:00-08:00,2026-01-18,18,False
2026-01-18 02:15:00-08:00,2026-01-18,58,False
2026-01-18 02:18:00-08:00,2026-01-18,36,False
2026-01-18 02:21:00-08:00,2026-01-18,34,False
2026-01-18 02:24:00-08:00,2026-01-18,76,False
2026-01-18 02:27:00-08:00,2026-01-18,43,False
2026-01-18 02:30:00-08:00,2026-01-18,35,False
2026-01-18 02:33:00-08:00,2026-01-18,33,False
2026-01-18 02:36:00-08:00,2026-01-18,31,False
2026-01-18 02:39:00-08:00,2026-01-18,-1,True
2026-01-18 02:42:00-08:00,2026-01-18,28,False
2026-01-18 02:45:00-08:00,2026-01-18,22,False
2026-01-18 02:48:00-08:00,2026-01-18,16,False
2026-01-18 02:51:00-08:00,2026-01-18,18,False
2026-01-18 02:54:00-08:00,2026-01-18,18,False
2026-01-18 02:57:00-08:00,2026-01-18,23,False
2026-01-18 03:00:00-08:00,2026-01-18,10,True
2026-01-18 03:03:00-08:00,2026-01-18,7,True
2026-01-18 03:06:00-08:00,2026-01-18,11,True
2026-01-18 03:09:00-08:00,2026-01-18,9,True
2026-01-18 03:12:00-08:00,2026-01-18,10,True
2026-01-18 03:15:00-08:00,2026-01-18,11,True
2026-01-18 03:18:00-08:00,2026-01-18,10,True
2026-01-18 03:21:00-08:00,2026-01-18,9,True
2026-01-18 03:24:00-08:00,2026-01-18,11,True
2026-01-18 03:27:00-08:00,2026-01-18,11,True
2026-01-18 03:30:00-08:00,2026-01-18,12,True
2026-01-18 03:33:00-08:00,2026-01-18,10,True
2026-01-18 03:36:00-08:00,2026-01-18,12,True
2026-01-18 03:39:00-08:00,2026-01-18,16,False
2026-01-18 03:42:00-08:00,2026-01-18,19,False
2026-01-18 03:45:00-08:00,2026-01-18,15,False
2026-01-18 03:48:00-08:00,2026-01-18,18,False
2026-01-18 03:51:00-08:00,2026-01-18,20,False
2026-01-18 03:54:00-08:00,2026-01-18,20,False
2026-01-18 03:57:00-08:00,2026-01-18,22,False
2026-01-18 04:00:00-08:00,2026-01-18,23,False
2026-01-18 04:03:00-08:00,2026-01-18,24,False
2026-01-18 04:06:00-08:00,2026-01-18,20,False
2026-01-18 04:09:00-08:00,2026-01-18,21,False
2026-01-18 04:12:00-08:00,2026-01-18,19,False
2026-01-18 04:15:00-08:00,2026-01-18,13,True
2026-01-18 04:18:00-08:00,2026-01-18,14,True
2026-01-18 04:21:00-08:00,2026-01-18,18,False
2026-01-18 04:24:00-08:00,2026-01-18,19,False
2026-01-18 04:27:00-08:00,2026-01-18,19,False
2026-01-18 04:30:00-08:00,2026-01-18,20,False
2026-01-18 04:33:00-08:00,2026-01-18,17,False
2026-01-18 04:36:00-08:00,2026-01-18,11,True
2026-01-18 04:39:00-08:00,2026-01-18,16,False
2026-01-18 04:42:00-08:00,2026-01-18,12,True
2026-01-18 04:45:00-08:00,2026-01-18,8,True
2026-01-18 04:48:00-08:00,2026-01-18,8,True
2026-01-18 04:51:00-08:00,2026-01-18,10,True
2026-01-18 04:54:00-08:00,2026-01-18,15,False
2026-01-18 04:57:00-08:00,2026-01-18,10,True
2026-01-18 05:00:00-08:00,2026-01-18,16,False
2026-01-18 05:03:00-08:00,2026-01-18,13,True
2026-01-18 05:06:00-08:00,2026-01-18,13,True
2026-01-18 05:09:00-08:00,2026-01-18,12,True
2026-01-18 05:12:00-08:00,2026-01-18,13,True
2026-01-18 05:15:00-08:00,2026-01-18,15,False
2026-01-18 05:18:00-08:00,2026-01-18,18,False
2026-01-18 05:21:00-08:00,2026-01-18,35,False
2026-01-18 05:24:00-08:00,2026-01-18,34,False
2026-01-18 05:27:00-08:00,2026-01-18,15,False
2026-01-18 05:30:00-08:00,2026-01-18,13,True
2026-01-18 05:33:00-08:00,2026-01-18,8,True
2026-01-18 05:36:00-08:00,2026-01-18,8,True
2026-01-18 05:39:00-08:00,2026-01-18,5,True
2026-01-18 05:42:00-08:00,2026-01-18,8,True
2026-01-18 05:45:00-08:00,2026-01-18,8,True
2026-01-18 05:48:00-08:00,2026-01-18,9,True
2026-01-18 05:51:00-08:00,2026-01-18,11,True
2026-01-18 05:54:00-08:00,2026-01-18,12,True
2026-01-18 05:57:00-08:00,2026-01-18,8,True
2026-01-18 06:00:00-08:00,2026-01-18,8,True
2026-01-18 06:03:00-08:00,2026-01-18,14,True
2026-01-18 06:06:00-08:00,2026-01-18,12,True
2026-01-18 06:09:00-08:00,2026-01-18,8,True
2026-01-18 06:12:00-08:00,2026-01-18,9,True
2026-01-18 06:15:00-08:00,2026-01-18,14,True
2026-01-18 06:18:00-08:00,2026-01-18,9,True
2026-01-18 06:21:00-08:00,2026-01-18,19,False
2026-01-18 06:24:00-08:00,2026-01-18,19,False
2026-01-18 06:27:00-08:00,2026-01-18,13,True
2026-01-18 06:30:00-08:00,2026-01-18,11,True
2026-01-18 06:33:00-08:00,2026-01-18,9,True
2026-01-18 06:36:00-08:00,2026-01-18,11,True
2026-01-18 06:39:00-08:00,2026-01-18,15,False
2026-01-18 06:42:00-08:00,2026-01-18,11,True
2026-01-18 06:45:00-08:00,2026-01-18,10,True
2026-01-18 06:48:00-08:00,2026-01-18,12,True
2026-01-18 06:51:00-08:00,2026-01-18,12,True
2026-01-18 06:54:00-08:00,2026-01-18,24,False
2026-01-18 06:57:00-08:00,2026-01-18,24,False
2026-01-18 07:00:00-08:00,2026-01-18,17,False
2026-01-18 07:03:00-08:00,2026-01-18,28,False
2026-01-18 07:06:00-08:00,2026-01-18,40,False
2026-01-18 07:09:00-08:00,2026-01-18,43,False
2026-01-18 07:12:00-08:00,2026-01-18,55,False
2026-01-18 07:15:00-08:00,2026-01-18,27,False
2026-01-18 07:18:00-08:00,2026-01-18,52,False
2026-01-18 07:21:00-08:00,2026-01-18,34,False
2026-01-18 07:24:00-08:00,2026-01-18,49,False
2026-01-18 07:27:00-08:00,2026-01-18,71,False
2026-01-18 07:30:00-08:00,2026-01-18,66,False
2026-01-18 07:33:00-08:00,2026-01-18,54,False
2026-01-18 07:36:00-08:00,2026-01-18,64,False
2026-01-18 07:39:00-08:00,2026-01-18,43,False
2026-01-18 07:42:00-08:00,2026-01-18,69,False
2026-01-18 07:45:00-08:00,2026-01-18,52,False
2026-01-18 07:48:00-08:00,2026-01-18,21,False
2026-01-18 07:51:00-08:00,2026-01-18,23,False
2026-01-18 07:54:00-08:00,2026-01-18,18,False
2026-01-18 07:57:00-08:00,2026-01-18,20,False
2026-01-18 08:00:00-08:00,2026-01-18,25,False
2026-01-18 08:03:00-08:00,2026-01-18,31,False
2026-01-18 08:06:00-08:00,2026-01-18,28,False
2026-01-18 08:09:00-08:00,2026-01-18,44,False
2026-01-18 08:12:00-08:00,2026-01-18,37,False
2026-01-18 08:15:00-08:00,2026-01-18,28,False
2026-01-18 08:18:00-08:00,2026-01-18,33,False
2026-01-18 08:21:00-08:00,2026-01-18,24,False
2026-01-18 08:24:00-08:00,2026-01-18,28,False
2026-01-18 08:27:00-08:00,2026-01-18,29,False
2026-01-18 08:30:00-08:00,2026-01-18,25,False
2026-01-18 08:33:00-08:00,2026-01-18,21,False
2026-01-18 08:36:00-08:00,2026-01-18,22,False
2026-01-18 08:39:00-08:00,2026-01-18,22,False
2026-01-18 08:42:00-08:00,2026-01-18,24,False
2026-01-18 08:45:00-08:00,2026-01-18,-1,True
2026-01-18 08:48:00-08:00,2026-01-18,-1,True
2026-01-18 08:51:00-08:00,2026-01-18,40,False
2026-01-18 08:54:00-08:00,2026-01-18,28,False
2026-01-18 08:57:00-08:00,2026-01-18,-1,True
2026-01-18 09:00:00-08:00,2026-01-18,17,False
2026-01-18 09:03:00-08:00,2026-01-18,21,False
2026-01-18 09:06:00-08:00,2026-01-18,20,False
2026-01-18 09:09:00-08:00,2026-01-18,24,False
2026-01-18 09:12:00-08:00,2026-01-18,22,False
2026-01-18 09:15:00-08:00,2026-01-18,22,False
2026-01-18 09:18:00-08:00,2026-01-18,22,False
2026-01-18 09:21:00-08:00,2026-01-18,20,False
2026-01-18 09:24:00-08:00,2026-01-18,21,False
2026-01-18 09:27:00-08:00,2026-01-18,27,False
2026-01-18 09:30:00-08:00,2026-01-18,24,False
2026-01-18 09:33:00-08:00,2026-01-18,19,False
2026-01-18 09:36:00-08:00,2026-01-18,19,False
2026-01-18 09:39:00-08:00,2026-01-18,22,False
2026-01-18 09:42:00-08:00,2026-01-18,19,False
2026-01-18 09:45:00-08:00,2026-01-18,17,False
2026-01-18 09:48:00-08:00,2026-01-18,19,False
2026-01-18 09:51:00-08:00,2026-01-18,23,False
2026-01-18 09:54:00-08:00,2026-01-18,19,False
2026-01-18 09:57:00-08:00,2026-01-18,21,False
2026-01-18 10:00:00-08:00,2026-01-18,18,False
2026-01-18 10:03:00-08:00,2026-01-18,23,False
2026-01-18 10:06:00-08:00,2026-01-18,28,False
2026-01-18 10:09:00-08:00,2026-01-18,22,False
2026-01-18 10:12:00-08:00,2026-01-18,28,False
2026-01-18 10:15:00-08:00,2026-01-18,22,False
2026-01-18 10:18:00-08:00,2026-01-18,25,False
2026-01-18 10:21:00-08:00,2026-01-18,23,False
2026-01-18 10:24:00-08:00,2026-01-18,-2,True
2026-01-18 10:27:00-08:00,2026-01-18,-2,True
2026-01-18 10:30:00-08:00,2026-01-18,77,False
2026-01-18 10:33:00-08:00,2026-01-18,-2,True
2026-01-18 10:36:00-08:00,2026-01-18,-2,True
2026-01-18 10:39:00-08:00,2026-01-18,-2,True
2026-01-18 10:42:00-08:00,2026-01-18,-1,True
2026-01-18 10:45:00-08:00,2026-01-18,61,False
2026-01-18 10:48:00-08:00,2026-01-18,29,False
2026-01-18 10:51:00-08:00,2026-01-18,26,False
2026-01-18 10:54:00-08:00,2026-01-18,-1,True
2026-01-18 10:57:00-08:00,2026-01-18,40,False
2026-01-18 11:00:00-08:00,2026-01-18,-1,True
2026-01-18 11:03:00-08:00,2026-01-18,-1,True
2026-01-18 11:06:00-08:00,2026-01-18,-2,True
2026-01-18 11:09:00-08:00,2026-01-18,-2,True
2026-01-18 11:12:00-08:00,2026-01-18,-1,True
2026-01-18 11:15:00-08:00,2026-01-18,-2,True
2026-01-18 11:18:00-08:00,2026-01-18,-2,True
2026-01-18 11:21:00-08:00,2026-01-18,-2,True
2026-01-18 11:24:00-08:00,2026-01-18,-2,True
2026-01-18 11:27:00-08:00,2026-01-18,-2,True
2026-01-18 11:30:00-08:00,2026-01-18,-2,True
2026-01-18 11:33:00-08:00,2026-01-18,-2,True
2026-01-18 11:36:00-08:00,2026-01-18,-2,True
2026-01-18 11:39:00-08:00,2026-01-18,-2,True
2026-01-18 11:42:00-08:00,2026-01-18,-2,True
2026-01-18 11:45:00-08:00,2026-01-18,-2,True
2026-01-18 11:48:00-08:00,2026-01-18,-2,True
2026-01-18 11:51:00-08:00,2026-01-18,-1,True
2026-01-18 11:54:00-08:00,2026-01-18,-1,True
2026-01-18 11:57:00-08:00,2026-01-18,-1,True
2026-01-18 12:00:00-08:00,2026-01-18,-2,True
2026-01-18 12:03:00-08:00,2026-01-18,-2,True
2026-01-18 12:06:00-08:00,2026-01-18,-2,True
2026-01-18 12:09:00-08:00,2026-01-18,-1,True
2026-01-18 12:12:00-08:00,2026-01-18,-1,True
2026-01-18 12:15:00-08:00,2026-01-18,-1,True
2026-01-18 12:18:00-08:00,2026-01-18,-2,True
2026-01-18 12:21:00-08:00,2026-01-18,-1,True
2026-01-18 12:24:00-08:00,2026-01-18,-1,True
2026-01-18 12:27:00-08:00,2026-01-18,-1,True
2026-01-18 12:30:00-08:00,2026-01-18,-2,True
2026-01-18 12:33:00-08:00,2026-01-18,-1,True
2026-01-18 12:36:00-08:00,2026-01-18,-1,True
2026-01-18 12:39:00-08:00,2026-01-18,-1,True
2026-01-18 12:42:00-08:00,2026-01-18,-2,True
2026-01-18 12:45:00-08:00,2026-01-18,-2,True
2026-01-18 12:48:00-08:00,2026-01-18,-2,True
2026-01-18 12:51:00-08:00,2026-01-18,-2,True
2026-01-18 12:54:00-08:00,2026-01-18,-1,True
2026-01-18 12:57:00-08:00,2026-01-18,87,False
2026-01-18 13:00:00-08:00,2026-01-18,87,False
2026-01-18 13:03:00-08:00,2026-01-18,86,False
2026-01-18 13:06:00-08:00,2026-01-18,76,False
2026-01-18 13:09:00-08:00,2026-01-18,68,False
2026-01-18 13:12:00-08:00,2026-01-18,79,False
2026-01-18 13:15:00-08:00,2026-01-18,86,False
2026-01-18 13:18:00-08:00,2026-01-18,79,False
2026-01-18 13:21:00-08:00,2026-01-18,73,False
2026-01-18 13:24:00-08:00,2026-01-18,75,False
2026-01-18 13:27:00-08:00,2026-01-18,82,False
2026-01-18 13:30:00-08:00,2026-01-18,77,False
2026-01-18 13:33:00-08:00,2026-01-18,67,False
2026-01-18 13:36:00-08:00,2026-01-18,-1,True
2026-01-18 13:39:00-08:00,2026-01-18,-2,True
2026-01-18 13:42:00-08:00,2026-01-18,91,False
2026-01-18 13:45:00-08:00,2026-01-18,-2,True
2026-01-18 13:48:00-08:00,2026-01-18,-1,True
2026-01-18 13:51:00-08:00,2026-01-18,-1,True
2026-01-18 13:54:00-08:00,2026-01-18,86,False
2026-01-18 13:57:00-08:00,2026-01-18,82,False
2026-01-18 14:00:00-08:00,2026-01-18,76,False
2026-01-18 14:03:00-08:00,2026-01-18,72,False
2026-01-18 14:06:00-08:00,2026-01-18,77,False
2026-01-18 14:09:00-08:00,2026-01-18,66,False
2026-01-18 14:12:00-08:00,2026-01-18,59,False
2026-01-18 14:15:00-08:00,2026-01-18,70,False
2026-01-18 14:18:00-08:00,2026-01-18,64,False
2026-01-18 14:21:00-08:00,2026-01-18,65,False
2026-01-18 14:24:00-08:00,2026-01-18,61,False
2026-01-18 14:27:00-08:00,2026-01-18,67,False
2026-01-18 14:30:00-08:00,2026-01-18,61,False
2026-01-18 14:33:00-08:00,2026-01-18,-2,True
2026-01-18 14:36:00-08:00,2026-01-18,-2,True
2026-01-18 14:39:00-08:00,2026-01-18,-1,True
2026-01-18 14:42:00-08:00,2026-01-18,-2,True
2026-01-18 14:45:00-08:00,2026-01-18,70,False
2026-01-18 14:48:00-08:00,2026-01-18,90,False
2026-01-18 14:51:00-08:00,2026-01-18,89,False
2026-01-18 14:54:00-08:00,2026-01-18,75,False
2026-01-18 14:57:00-08:00,2026-01-18,-1,True
2026-01-18 15:00:00-08:00,2026-01-18,94,False
2026-01-18 15:03:00-08:00,2026-01-18,85,False
2026-01-18 15:06:00-08:00,2026-01-18,76,False
2026-01-18 15:09:00-08:00,2026-01-18,71,False
2026-01-18 15:12:00-08:00,2026-01-18,89,False
2026-01-18 15:15:00-08:00,2026-01-18,-2,True
2026-01-18 15:18:00-08:00,2026-01-18,87,False
2026-01-18 15:21:00-08:00,2026-01-18,72,False
2026-01-18 15:24:00-08:00,2026-01-18,89,False
2026-01-18 15:27:00-08:00,2026-01-18,82,False
2026-01-18 15:30:00-08:00,2026-01-18,83,False
2026-01-18 15:33:00-08:00,2026-01-18,79,False
2026-01-18 15:36:00-08:00,2026-01-18,88,False
2026-01-18 15:39:00-08:00,2026-01-18,95,False
2026-01-18 15:42:00-08:00,2026-01-18,-1,True
2026-01-18 15:45:00-08:00,2026-01-18,91,False
2026-01-18 15:48:00-08:00,2026-01-18,91,False
2026-01-18 15:51:00-08:00,2026-01-18,65,False
2026-01-18 15:54:00-08:00,2026-01-18,72,False
2026-01-18 15:57:00-08:00,2026-01-18,67,False
2026-01-18 16:00:00-08:00,2026-01-18,64,False
2026-01-18 16:03:00-08:00,2026-01-18,67,False
2026-01-18 16:06:00-08:00,2026-01-18,75,False
2026-01-18 16:09:00-08:00,2026-01-18,61,False
2026-01-18 16:12:00-08:00,2026-01-18,65,False
2026-01-18 16:15:00-08:00,2026-01-18,70,False
2026-01-18 16:18:00-08:00,2026-01-18,52,False
2026-01-18 16:21:00-08:00,2026-01-18,67,False
2026-01-18 16:24:00-08:00,2026-01-18,56,False
2026-01-18 16:27:00-08:00,2026-01-18,61,False
2026-01-18 16:30:00-08:00,2026-01-18,55,False
2026-01-18 16:33:00-08:00,2026-01-18,74,False
2026-01-18 16:36:00-08:00,2026-01-18,71,False
2026-01-18 16:39:00-08:00,2026-01-18,65,False
2026-01-18 16:42:00-08:00,2026-01-18,51,False
2026-01-18 16:45:00-08:00,2026-01-18,46,False
2026-01-18 16:48:00-08:00,2026-01-18,52,False
2026-01-18 16:51:00-08:00,2026-01-18,68,False
2026-01-18 16:54:00-08:00,2026-01-18,47,False
2026-01-18 16:57:00-08:00,2026-01-18,47,False
2026-01-18 17:00:00-08:00,2026-01-18,58,False
2026-01-18 17:03:00-08:00,2026-01-18,58,False
2026-01-18 17:06:00-08:00,2026-01-18,62,False
2026-01-18 17:09:00-08:00,2026-01-18,64,False
2026-01-18 17:12:00-08:00,2026-01-18,57,False
2026-01-18 17:15:00-08:00,2026-01-18,34,False
2026-01-18 17:18:00-08:00,2026-01-18,40,False
2026-01-18 17:21:00-08:00,2026-01-18,57,False
2026-01-18 17:24:00-08:00,2026-01-18,57,False
2026-01-18 17:27:00-08:00,2026-01-18,61,False
2026-01-18 17:30:00-08:00,2026-01-18,49,False
2026-01-18 17:33:00-08:00,2026-01-18,45,False
2026-01-18 17:36:00-08:00,2026-01-18,52,False
2026-01-18 17:39:00-08:00,2026-01-18,52,False
2026-01-18 17:42:00-08:00,2026-01-18,53,False
2026-01-18 17:45:00-08:00,2026-01-18,73,False
2026-01-18 17:48:00-08:00,2026-01-18,53,False
2026-01-18 17:51:00-08:00,2026-01-18,66,False
2026-01-18 17:54:00-08:00,2026-01-18,54,False
2026-01-18 17:57:00-08:00,2026-01-18,69,False
2026-01-18 18:00:00-08:00,2026-01-18,64,False
2026-01-18 18:03:00-08:00,2026-01-18,84,False
2026-01-18 18:06:00-08:00,2026-01-18,67,False
2026-01-18 18:09:00-08:00,2026-01-18,58,False
2026-01-18 18:12:00-08:00,2026-01-18,64,False
2026-01-18 18:15:00-08:00,2026-01-18,67,False
2026-01-18 18:18:00-08:00,2026-01-18,39,False
2026-01-18 18:21:00-08:00,2026-01-18,49,False
2026-01-18 18:24:00-08:00,2026-01-18,66,False
2026-01-18 18:27:00-08:00,2026-01-18,45,False
2026-01-18 18:30:00-08:00,2026-01-18,47,False
2026-01-18 18:33:00-08:00,2026-01-18,61,False
2026-01-18 18:36:00-08:00,2026-01-18,56,False
2026-01-18 18:39:00-08:00,2026-01-18,56,False
2026-01-18 18:42:00-08:00,2026-01-18,49,False
2026-01-18 18:45:00-08:00,2026-01-18,61,False
2026-01-18 18:48:00-08:00,2026-01-18,56,False
2026-01-18 18:51:00-08:00,2026-01-18,45,False
2026-01-18 18:54:00-08:00,2026-01-18,44,False
2026-01-18 18:57:00-08:00,2026-01-18,49,False
2026-01-18 19:00:00-08:00,2026-01-18,43,False
2026-01-18 19:03:00-08:00,2026-01-18,63,False
2026-01-18 19:06:00-08:00,2026-01-18,55,False
2026-01-18 19:09:00-08:00,2026-01-18,48,False
2026-01-18 19:12:00-08:00,2026-01-18,55,False
2026-01-18 19:15:00-08:00,2026-01-18,43,False
2026-01-18 19:18:00-08:00,2026-01-18,48,False
2026-01-18 19:21:00-08:00,2026-01-18,52,False
2026-01-18 19:24:00-08:00,2026-01-18,29,False
2026-01-18 19:27:00-08:00,2026-01-18,43,False
2026-01-18 19:30:00-08:00,2026-01-18,42,False
2026-01-18 19:33:00-08:00,2026-01-18,50,False
2026-01-18 19:36:00-08:00,2026-01-18,35,False
2026-01-18 19:39:00-08:00,2026-01-18,40,False
2026-01-18 19:42:00-08:00,2026-01-18,34,False
2026-01-18 19:45:00-08:00,2026-01-18,50,False
2026-01-18 19:48:00-08:00,2026-01-18,45,False
2026-01-18 19:51:00-08:00,2026-01-18,41,False
2026-01-18 19:54:00-08:00,2026-01-18,24,False
2026-01-18 19:57:00-08:00,2026-01-18,43,False
2026-01-18 20:00:00-08:00,2026-01-18,34,False
2026-01-18 20:03:00-08:00,2026-01-18,42,False
2026-01-18 20:06:00-08:00,2026-01-18,63,False
2026-01-18 20:09:00-08:00,2026-01-18,70,False
2026-01-18 20:12:00-08:00,2026-01-18,-1,True
2026-01-18 20:15:00-08:00,2026-01-18,73,False
2026-01-18 20:18:00-08:00,2026-01-18,76,False
2026-01-18 20:21:00-08:00,2026-01-18,72,False
2026-01-18 20:24:00-08:00,2026-01-18,64,False
2026-01-18 20:27:00-08:00,2026-01-18,65,False
2026-01-18 20:30:00-08:00,2026-01-18,-1,True
2026-01-18 20:33:00-08:00,2026-01-18,79,False
2026-01-18 20:36:00-08:00,2026-01-18,45,False
2026-01-18 20:39:00-08:00,2026-01-18,53,False
2026-01-18 20:42:00-08:00,2026-01-18,33,False
2026-01-18 20:45:00-08:00,2026-01-18,41,False
2026-01-18 20:48:00-08:00,2026-01-18,49,False
2026-01-18 20:51:00-08:00,2026-01-18,31,False
2026-01-18 20:54:00-08:00,2026-01-18,46,False
2026-01-18 20:57:00-08:00,2026-01-18,56,False
2026-01-18 21:00:00-08:00,2026-01-18,63,False
2026-01-18 21:03:00-08:00,2026-01-18,60,False
2026-01-18 21:06:00-08:00,2026-01-18,63,False
2026-01-18 21:09:00-08:00,2026-01-18,41,False
2026-01-18 21:12:00-08:00,2026-01-18,52,False
2026-01-18 21:15:00-08:00,2026-01-18,69,False
2026-01-18 21:18:00-08:00,2026-01-18,64,False
2026-01-18 21:21:00-08:00,2026-01-18,43,False
2026-01-18 21:24:00-08:00,2026-01-18,65,False
2026-01-18 21:27:00-08:00,2026-01-18,55,False
2026-01-18 21:30:00-08:00,2026-01-18,57,False
2026-01-18 21:33:00-08:00,2026-01-18,59,False
2026-01-18 21:36:00-08:00,2026-01-18,52,False
2026-01-18 21:39:00-08:00,2026-01-18,46,False
2026-01-18 21:42:00-08:00,2026-01-18,52,False
2026-01-18 21:45:00-08:00,2026-01-18,44,False
2026-01-18 21:48:00-08:00,2026-01-18,39,False
2026-01-18 21:51:00-08:00,2026-01-18,40,False
2026-01-18 21:54:00-08:00,2026-01-18,44,False
2026-01-18 21:57:00-08:00,2026-01-18,50,False
2026-01-18 22:00:00-08:00,2026-01-18,59,False
2026-01-18 22:03:00-08:00,2026-01-18,55,False
2026-01-18 22:06:00-08:00,2026-01-18,55,False
2026-01-18 22:09:00-08:00,2026-01-18,70,False
2026-01-18 22:12:00-08:00,2026-01-18,51,False
2026-01-18 22:15:00-08:00,2026-01-18,28,False
2026-01-18 22:18:00-08:00,2026-01-18,28,False
2026-01-18 22:21:00-08:00,2026-01-18,30,False
2026-01-18 22:24:00-08:00,2026-01-18,24,False
2026-01-18 22:27:00-08:00,2026-01-18,-1,True
2026-01-18 22:30:00-08:00,2026-01-18,-1,True
2026-01-18 22:33:00-08:00,2026-01-18,35,False
2026-01-18 22:36:00-08:00,2026-01-18,25,False
2026-01-18 22:39:00-08:00,2026-01-18,34,False
2026-01-18 22:42:00-08:00,2026-01-18,37,False
2026-01-18 22:45:00-08:00,2026-01-18,41,False
2026-01-18 22:48:00-08:00,2026-01-18,28,False
2026-01-18 22:51:00-08:00,2026-01-18,37,False
2026-01-18 22:54:00-08:00,2026-01-18,35,False
2026-01-18 22:57:00-08:00,2026-01-18,25,False
2026-01-18 23:00:00-08:00,2026-01-18,36,False
2026-01-18 23:03:00-08:00,2026-01-18,49,False
2026-01-18 23:06:00-08:00,2026-01-18,90,False
2026-01-18 23:09:00-08:00,2026-01-18,22,False
2026-01-18 23:12:00-08:00,2026-01-18,15,False
2026-01-18 23:15:00-08:00,2026-01-18,14,True
2026-01-18 23:18:00-08:00,2026-01-18,15,False
2026-01-18 23:21:00-08:00,2026-01-18,12,True
2026-01-18 23:24:00-08:00,2026-01-18,12,True
2026-01-18 23:27:00-08:00,2026-01-18,13,True
2026-01-18 23:30:00-08:00,2026-01-18,11,True
2026-01-18 23:33:00-08:00,2026-01-18,13,True
2026-01-18 23:36:00-08:00,2026-01-18,12,True
2026-01-18 23:39:00-08:00,2026-01-18,12,True
2026-01-18 23:42:00-08:00,2026-01-18,15,False
2026-01-18 23:45:00-08:00,2026-01-18,22,False
2026-01-18 23:48:00-08:00,2026-01-18,13,True
2026-01-18 23:51:00-08:00,2026-01-18,13,True
2026-01-18 23:54:00-08:00,2026-01-18,13,True
2026-01-18 23:57:00-08:00,2026-01-18,14,True
2026-01-19 00:00:00-08:00,2026-01-19,13,True
2026-01-19 00:03:00-08:00,2026-01-19,11,True
2026-01-19 00:06:00-08:00,2026-01-19,12,True
2026-01-19 00:09:00-08:00,2026-01-19,13,True
2026-01-19 00:12:00-08:00,2026-01-19,12,True
2026-01-19 00:15:00-08:00,2026-01-19,14,True
2026-01-19 00:18:00-08:00,2026-01-19,16,False
2026-01-19 00:21:00-08:00,2026-01-19,15,False
2026-01-19 00:24:00-08:00,2026-01-19,15,False
2026-01-19 00:27:00-08:00,2026-01-19,14,True
2026-01-19 00:30:00-08:00,2026-01-19,17,False
2026-01-19 00:33:00-08:00,2026-01-19,17,False
2026-01-19 00:36:00-08:00,2026-01-19,18,False
2026-01-19 00:39:00-08:00,2026-01-19,19,False
2026-01-19 00:42:00-08:00,2026-01-19,22,False
2026-01-19 00:45:00-08:00,2026-01-19,23,False
2026-01-19 00:48:00-08:00,2026-01-19,23,False
2026-01-19 00:51:00-08:00,2026-01-19,21,False
2026-01-19 00:54:00-08:00,2026-01-19,17,False
2026-01-19 00:57:00-08:00,2026-01-19,17,False
2026-01-19 01:00:00-08:00,2026-01-19,23,False
2026-01-19 01:03:00-08:00,2026-01-19,17,False
2026-01-19 01:06:00-08:00,2026-01-19,22,False
2026-01-19 01:09:00-08:00,2026-01-19,17,False
2026-01-19 01:12:00-08:00,2026-01-19,19,False
2026-01-19 01:15:00-08:00,2026-01-19,19,False
2026-01-19 01:18:00-08:00,2026-01-19,22,False
2026-01-19 01:21:00-08:00,2026-01-19,21,False
2026-01-19 01:24:00-08:00,2026-01-19,22,False
2026-01-19 01:27:00-08:00,2026-01-19,20,False
2026-01-19 01:30:00-08:00,2026-01-19,23,False
2026-01-19 01:33:00-08:00,2026-01-19,23,False
2026-01-19 01:36:00-08:00,2026-01-19,21,False
2026-01-19 01:39:00-08:00,2026-01-19,22,False
2026-01-19 01:42:00-08:00,2026-01-19,16,False
2026-01-19 01:45:00-08:00,2026-01-19,11,True
2026-01-19 01:48:00-08:00,2026-01-19,15,False
2026-01-19 01:51:00-08:00,2026-01-19,8,True
2026-01-19 01:54:00-08:00,2026-01-19,11,True
2026-01-19 01:57:00-08:00,2026-01-19,11,True
2026-01-19 02:00:00-08:00,2026-01-19,18,False
2026-01-19 02:03:00-08:00,2026-01-19,23,False
2026-01-19 02:06:00-08:00,2026-01-19,15,False
2026-01-19 02:09:00-08:00,2026-01-19,12,True
2026-01-19 02:12:00-08:00,2026-01-19,15,False
2026-01-19 02:15:00-08:00,2026-01-19,17,False
2026-01-19 02:18:00-08:00,2026-01-19,13,True
2026-01-19 02:21:00-08:00,2026-01-19,13,True
2026-01-19 02:24:00-08:00,2026-01-19,9,True
2026-01-19 02:27:00-08:00,2026-01-19,13,True
2026-01-19 02:30:00-08:00,2026-01-19,13,True
2026-01-19 02:33:00-08:00,2026-01-19,16,False
2026-01-19 02:36:00-08:00,2026-01-19,13,True
2026-01-19 02:39:00-08:00,2026-01-19,15,False
2026-01-19 02:42:00-08:00,2026-01-19,12,True
2026-01-19 02:45:00-08:00,2026-01-19,14,True
2026-01-19 02:48:00-08:00,2026-01-19,11,True
2026-01-19 02:51:00-08:00,2026-01-19,12,True
2026-01-19 02:54:00-08:00,2026-01-19,11,True
2026-01-19 02:57:00-08:00,2026-01-19,11,True
2026-01-19 03:00:00-08:00,2026-01-19,9,True
2026-01-19 03:03:00-08:00,2026-01-19,10,True
2026-01-19 03:06:00-08:00,2026-01-19,10,True
2026-01-19 03:09:00-08:00,2026-01-19,12,True
2026-01-19 03:12:00-08:00,2026-01-19,11,True
2026-01-19 03:15:00-08:00,2026-01-19,13,True
2026-01-19 03:18:00-08:00,2026-01-19,15,False
2026-01-19 03:21:00-08:00,2026-01-19,12,True
2026-01-19 03:24:00-08:00,2026-01-19,13,True
2026-01-19 03:27:00-08:00,2026-01-19,13,True
2026-01-19 03:30:00-08:00,2026-01-19,11,True
2026-01-19 03:33:00-08:00,2026-01-19,11,True
2026-01-19 03:36:00-08:00,2026-01-19,14,True
2026-01-19 03:39:00-08:00,2026-01-19,21,False
2026-01-19 03:42:00-08:00,2026-01-19,23,False
2026-01-19 03:45:00-08:00,2026-01-19,34,False
2026-01-19 03:48:00-08:00,2026-01-19,25,False
2026-01-19 03:51:00-08:00,2026-01-19,19,False
2026-01-19 03:54:00-08:00,2026-01-19,21,False
2026-01-19 03:57:00-08:00,2026-01-19,21,False
2026-01-19 04:00:00-08:00,2026-01-19,17,False
2026-01-19 04:03:00-08:00,2026-01-19,17,False
2026-01-19 04:06:00-08:00,2026-01-19,16,False
2026-01-19 04:09:00-08:00,2026-01-19,17,False
2026-01-19 04:12:00-08:00,2026-01-19,14,True
2026-01-19 04:15:00-08:00,2026-01-19,17,False
2026-01-19 04:18:00-08:00,2026-01-19,19,False
2026-01-19 04:21:00-08:00,2026-01-19,22,False
2026-01-19 04:24:00-08:00,2026-01-19,20,False
2026-01-19 04:27:00-08:00,2026-01-19,16,False
2026-01-19 04:30:00-08:00,2026-01-19,12,True
2026-01-19 04:33:00-08:00,2026-01-19,12,True
2026-01-19 04:36:00-08:00,2026-01-19,12,True
2026-01-19 04:39:00-08:00,2026-01-19,11,True
2026-01-19 04:42:00-08:00,2026-01-19,12,True
2026-01-19 04:45:00-08:00,2026-01-19,11,True
2026-01-19 04:48:00-08:00,2026-01-19,13,True
2026-01-19 04:51:00-08:00,2026-01-19,12,True
2026-01-19 04:54:00-08:00,2026-01-19,16,False
2026-01-19 04:57:00-08:00,2026-01-19,11,True
2026-01-19 05:00:00-08:00,2026-01-19,9,True
2026-01-19 05:03:00-08:00,2026-01-19,11,True
2026-01-19 05:06:00-08:00,2026-01-19,14,True
2026-01-19 05:09:00-08:00,2026-01-19,14,True
2026-01-19 05:12:00-08:00,2026-01-19,12,True
2026-01-19 05:15:00-08:00,2026-01-19,11,True
2026-01-19 05:18:00-08:00,2026-01-19,24,False
2026-01-19 05:21:00-08:00,2026-01-19,13,True
2026-01-19 05:24:00-08:00,2026-01-19,15,False
2026-01-19 05:27:00-08:00,2026-01-19,13,True
2026-01-19 05:30:00-08:00,2026-01-19,18,False
2026-01-19 05:33:00-08:00,2026-01-19,7,True
2026-01-19 05:36:00-08:00,2026-01-19,11,True
2026-01-19 05:39:00-08:00,2026-01-19,14,True
2026-01-19 05:42:00-08:00,2026-01-19,19,False
2026-01-19 05:45:00-08:00,2026-01-19,13,True
2026-01-19 05:48:00-08:00,2026-01-19,11,True
2026-01-19 05:51:00-08:00,2026-01-19,10,True
2026-01-19 05:54:00-08:00,2026-01-19,11,True
2026-01-19 05:57:00-08:00,2026-01-19,12,True
2026-01-19 06:00:00-08:00,2026-01-19,14,True
2026-01-19 06:03:00-08:00,2026-01-19,16,False
2026-01-19 06:06:00-08:00,2026-01-19,20,False
2026-01-19 06:09:00-08:00,2026-01-19,15,False
2026-01-19 06:12:00-08:00,2026-01-19,15,False
2026-01-19 06:15:00-08:00,2026-01-19,14,True
2026-01-19 06:18:00-08:00,2026-01-19,15,False
2026-01-19 06:21:00-08:00,2026-01-19,15,False
2026-01-19 06:24:00-08:00,2026-01-19,16,False
2026-01-19 06:27:00-08:00,2026-01-19,17,False
2026-01-19 06:30:00-08:00,2026-01-19,15,False
2026-01-19 06:33:00-08:00,2026-01-19,16,False
2026-01-19 06:36:00-08:00,2026-01-19,17,False
2026-01-19 06:39:00-08:00,2026-01-19,21,False
2026-01-19 06:42:00-08:00,2026-01-19,12,True
2026-01-19 06:45:00-08:00,2026-01-19,12,True
2026-01-19 06:48:00-08:00,2026-01-19,37,False
2026-01-19 06:51:00-08:00,2026-01-19,52,False
2026-01-19 06:54:00-08:00,2026-01-19,48,False
2026-01-19 06:57:00-08:00,2026-01-19,37,False
2026-01-19 07:00:00-08:00,2026-01-19,40,False
2026-01-19 07:03:00-08:00,2026-01-19,63,False
2026-01-19 07:06:00-08:00,2026-01-19,42,False
2026-01-19 07:09:00-08:00,2026-01-19,55,False
2026-01-19 07:12:00-08:00,2026-01-19,36,False
2026-01-19 07:15:00-08:00,2026-01-19,34,False
2026-01-19 07:18:00-08:00,2026-01-19,22,False
2026-01-19 07:21:00-08:00,2026-01-19,27,False
2026-01-19 07:24:00-08:00,2026-01-19,25,False
2026-01-19 07:27:00-08:00,2026-01-19,25,False
2026-01-19 07:30:00-08:00,2026-01-19,28,False
2026-01-19 07:33:00-08:00,2026-01-19,25,False
2026-01-19 07:36:00-08:00,2026-01-19,30,False
2026-01-19 07:39:00-08:00,2026-01-19,34,False
2026-01-19 07:42:00-08:00,2026-01-19,31,False
2026-01-19 07:45:00-08:00,2026-01-19,31,False
2026-01-19 07:48:00-08:00,2026-01-19,40,False
2026-01-19 07:51:00-08:00,2026-01-19,66,False
2026-01-19 07:54:00-08:00,2026-01-19,37,False
2026-01-19 07:57:00-08:00,2026-01-19,28,False
2026-01-19 08:00:00-08:00,2026-01-19,30,False
2026-01-19 08:03:00-08:00,2026-01-19,25,False
2026-01-19 08:06:00-08:00,2026-01-19,25,False
2026-01-19 08:09:00-08:00,2026-01-19,48,False
2026-01-19 08:12:00-08:00,2026-01-19,-1,True
2026-01-19 08:15:00-08:00,2026-01-19,-1,True
2026-01-19 08:18:00-08:00,2026-01-19,25,False
2026-01-19 08:21:00-08:00,2026-01-19,46,False
2026-01-19 08:24:00-08:00,2026-01-19,41,False
2026-01-19 08:27:00-08:00,2026-01-19,30,False
2026-01-19 08:30:00-08:00,2026-01-19,49,False
2026-01-19 08:33:00-08:00,2026-01-19,-1,True
2026-01-19 08:36:00-08:00,2026-01-19,79,False
2026-01-19 08:39:00-08:00,2026-01-19,19,False
2026-01-19 08:42:00-08:00,2026-01-19,22,False
2026-01-19 08:45:00-08:00,2026-01-19,23,False
2026-01-19 08:48:00-08:00,2026-01-19,29,False
2026-01-19 08:51:00-08:00,2026-01-19,37,False
2026-01-19 08:54:00-08:00,2026-01-19,24,False
2026-01-19 08:57:00-08:00,2026-01-19,22,False
2026-01-19 09:00:00-08:00,2026-01-19,21,False
2026-01-19 09:03:00-08:00,2026-01-19,23,False
2026-01-19 09:06:00-08:00,2026-01-19,43,False
2026-01-19 09:09:00-08:00,2026-01-19,32,False
2026-01-19 09:12:00-08:00,2026-01-19,60,False
2026-01-19 09:15:00-08:00,2026-01-19,41,False
2026-01-19 09:18:00-08:00,2026-01-19,25,False
2026-01-19 09:21:00-08:00,2026-01-19,25,False
2026-01-19 09:24:00-08:00,2026-01-19,25,False
2026-01-19 09:27:00-08:00,2026-01-19,22,False
2026-01-19 09:30:00-08:00,2026-01-19,-1,True
2026-01-19 09:33:00-08:00,2026-01-19,82,False
2026-01-19 09:36:00-08:00,2026-01-19,33,False
2026-01-19 09:39:00-08:00,2026-01-19,-1,True
2026-01-19 09:42:00-08:00,2026-01-19,30,False
2026-01-19 09:45:00-08:00,2026-01-19,44,False
2026-01-19 09:48:00-08:00,2026-01-19,40,False
2026-01-19 09:51:00-08:00,2026-01-19,67,False
2026-01-19 09:54:00-08:00,2026-01-19,72,False
2026-01-19 09:57:00-08:00,2026-01-19,-1,True
2026-01-19 10:00:00-08:00,2026-01-19,46,False
2026-01-19 10:03:00-08:00,2026-01-19,61,False
2026-01-19 10:06:00-08:00,2026-01-19,41,False
2026-01-19 10:09:00-08:00,2026-01-19,41,False
2026-01-19 10:12:00-08:00,2026-01-19,51,False
2026-01-19 10:15:00-08:00,2026-01-19,45,False
2026-01-19 10:18:00-08:00,2026-01-19,83,False
2026-01-19 10:21:00-08:00,2026-01-19,40,False
2026-01-19 10:24:00-08:00,2026-01-19,-1,True
2026-01-19 10:27:00-08:00,2026-01-19,77,False
2026-01-19 10:30:00-08:00,2026-01-19,59,False
2026-01-19 10:33:00-08:00,2026-01-19,49,False
2026-01-19 10:36:00-08:00,2026-01-19,-2,True
2026-01-19 10:39:00-08:00,2026-01-19,-1,True
2026-01-19 10:42:00-08:00,2026-01-19,-2,True
2026-01-19 10:45:00-08:00,2026-01-19,-2,True
2026-01-19 10:48:00-08:00,2026-01-19,-2,True
2026-01-19 10:51:00-08:00,2026-01-19,-2,True
2026-01-19 10:54:00-08:00,2026-01-19,-2,True
2026-01-19 10:57:00-08:00,2026-01-19,-2,True
2026-01-19 11:00:00-08:00,2026-01-19,-2,True
2026-01-19 11:03:00-08:00,2026-01-19,-2,True
2026-01-19 11:06:00-08:00,2026-01-19,-2,True
2026-01-19 11:09:00-08:00,2026-01-19,-2,True
2026-01-19 11:12:00-08:00,2026-01-19,-1,True
2026-01-19 11:15:00-08:00,2026-01-19,-1,True
2026-01-19 11:18:00-08:00,2026-01-19,-1,True
2026-01-19 11:21:00-08:00,2026-01-19,-1,True
2026-01-19 11:24:00-08:00,2026-01-19,-1,True
2026-01-19 11:27:00-08:00,2026-01-19,-1,True
2026-01-19 11:30:00-08:00,2026-01-19,-1,True
2026-01-19 11:33:00-08:00,2026-01-19,-2,True
2026-01-19 11:36:00-08:00,2026-01-19,-1,True
2026-01-19 11:39:00-08:00,2026-01-19,-1,True
2026-01-19 11:42:00-08:00,2026-01-19,-1,True
2026-01-19 11:45:00-08:00,2026-01-19,-1,True
2026-01-19 11:48:00-08:00,2026-01-19,-1,True
2026-01-19 11:51:00-08:00,2026-01-19,-2,True
2026-01-19 11:54:00-08:00,2026-01-19,-1,True
2026-01-19 11:57:00-08:00,2026-01-19,-1,True
2026-01-19 12:00:00-08:00,2026-01-19,75,False
2026-01-19 12:03:00-08:00,2026-01-19,76,False
2026-01-19 12:06:00-08:00,2026-01-19,90,False
2026-01-19 12:09:00-08:00,2026-01-19,88,False
2026-01-19 12:12:00-08:00,2026-01-19,-1,True
2026-01-19 12:15:00-08:00,2026-01-19,68,False
2026-01-19 12:18:00-08:00,2026-01-19,64,False
2026-01-19 12:21:00-08:00,2026-01-19,-1,True
2026-01-19 12:24:00-08:00,2026-01-19,37,False
2026-01-19 12:27:00-08:00,2026-01-19,-1,True
2026-01-19 12:30:00-08:00,2026-01-19,79,False
2026-01-19 12:33:00-08:00,2026-01-19,79,False
2026-01-19 12:36:00-08:00,2026-01-19,42,False
2026-01-19 12:39:00-08:00,2026-01-19,83,False
2026-01-19 12:42:00-08:00,2026-01-19,84,False
2026-01-19 12:45:00-08:00,2026-01-19,-2,True
2026-01-19 12:48:00-08:00,2026-01-19,-1,True
2026-01-19 12:51:00-08:00,2026-01-19,79,False
2026-01-19 12:54:00-08:00,2026-01-19,-1,True
2026-01-19 12:57:00-08:00,2026-01-19,-1,True
2026-01-19 13:00:00-08:00,2026-01-19,-1,True
2026-01-19 13:03:00-08:00,2026-01-19,-1,True
2026-01-19 13:06:00-08:00,2026-01-19,-2,True
2026-01-19 13:09:00-08:00,2026-01-19,-2,True
2026-01-19 13:12:00-08:00,2026-01-19,-1,True
2026-01-19 13:15:00-08:00,2026-01-19,-2,True
2026-01-19 13:18:00-08:00,2026-01-19,-1,True
2026-01-19 13:21:00-08:00,2026-01-19,89,False
2026-01-19 13:24:00-08:00,2026-01-19,94,False
2026-01-19 13:27:00-08:00,2026-01-19,-2,True
2026-01-19 13:30:00-08:00,2026-01-19,87,False
2026-01-19 13:33:00-08:00,2026-01-19,70,False
2026-01-19 13:36:00-08:00,2026-01-19,76,False
2026-01-19 13:39:00-08:00,2026-01-19,-1,True
2026-01-19 13:42:00-08:00,2026-01-19,-1,True
2026-01-19 13:45:00-08:00,2026-01-19,-1,True
2026-01-19 13:48:00-08:00,2026-01-19,-1,True
2026-01-19 13:51:00-08:00,2026-01-19,-1,True
2026-01-19 13:54:00-08:00,2026-01-19,-1,True
2026-01-19 13:57:00-08:00,2026-01-19,-1,True
2026-01-19 14:00:00-08:00,2026-01-19,-1,True
2026-01-19 14:03:00-08:00,2026-01-19,-1,True
2026-01-19 14:06:00-08:00,2026-01-19,-2,True
2026-01-19 14:09:00-08:00,2026-01-19,-1,True
2026-01-19 14:12:00-08:00,2026-01-19,61,False
2026-01-19 14:15:00-08:00,2026-01-19,70,False
2026-01-19 14:18:00-08:00,2026-01-19,63,False
2026-01-19 14:21:00-08:00,2026-01-19,64,False
2026-01-19 14:24:00-08:00,2026-01-19,73,False
2026-01-19 14:27:00-08:00,2026-01-19,-1,True
2026-01-19 14:30:00-08:00,2026-01-19,67,False
2026-01-19 14:33:00-08:00,2026-01-19,-1,True
2026-01-19 14:36:00-08:00,2026-01-19,68,False
2026-01-19 14:39:00-08:00,2026-01-19,56,False
2026-01-19 14:42:00-08:00,2026-01-19,47,False
2026-01-19 14:45:00-08:00,2026-01-19,37,False
2026-01-19 14:48:00-08:00,2026-01-19,43,False
2026-01-19 14:51:00-08:00,2026-01-19,49,False
2026-01-19 14:54:00-08:00,2026-01-19,50,False
2026-01-19 14:57:00-08:00,2026-01-19,58,False
2026-01-19 15:00:00-08:00,2026-01-19,38,False
2026-01-19 15:03:00-08:00,2026-01-19,63,False
2026-01-19 15:06:00-08:00,2026-01-19,67,False
2026-01-19 15:09:00-08:00,2026-01-19,64,False
2026-01-19 15:12:00-08:00,2026-01-19,76,False
2026-01-19 15:15:00-08:00,2026-01-19,88,False
2026-01-19 15:18:00-08:00,2026-01-19,59,False
2026-01-19 15:21:00-08:00,2026-01-19,53,False
2026-01-19 15:24:00-08:00,2026-01-19,55,False
2026-01-19 15:27:00-08:00,2026-01-19,64,False
2026-01-19 15:30:00-08:00,2026-01-19,80,False
2026-01-19 15:33:00-08:00,2026-01-19,85,False
2026-01-19 15:36:00-08:00,2026-01-19,81,False
2026-01-19 15:39:00-08:00,2026-01-19,81,False
2026-01-19 15:42:00-08:00,2026-01-19,75,False
2026-01-19 15:45:00-08:00,2026-01-19,82,False
2026-01-19 15:48:00-08:00,2026-01-19,75,False
2026-01-19 15:51:00-08:00,2026-01-19,82,False
2026-01-19 15:54:00-08:00,2026-01-19,77,False
2026-01-19 15:57:00-08:00,2026-01-19,68,False
2026-01-19 16:00:00-08:00,2026-01-19,75,False
2026-01-19 16:03:00-08:00,2026-01-19,74,False
2026-01-19 16:06:00-08:00,2026-01-19,80,False
2026-01-19 16:09:00-08:00,2026-01-19,75,False
2026-01-19 16:12:00-08:00,2026-01-19,67,False
2026-01-19 16:15:00-08:00,2026-01-19,90,False
2026-01-19 16:18:00-08:00,2026-01-19,83,False
2026-01-19 16:21:00-08:00,2026-01-19,67,False
2026-01-19 16:24:00-08:00,2026-01-19,65,False
2026-01-19 16:27:00-08:00,2026-01-19,91,False
2026-01-19 16:30:00-08:00,2026-01-19,79,False
2026-01-19 16:33:00-08:00,2026-01-19,73,False
2026-01-19 16:36:00-08:00,2026-01-19,62,False
2026-01-19 16:39:00-08:00,2026-01-19,76,False
2026-01-19 16:42:00-08:00,2026-01-19,71,False
2026-01-19 16:45:00-08:00,2026-01-19,75,False
2026-01-19 16:48:00-08:00,2026-01-19,84,False
2026-01-19 16:51:00-08:00,2026-01-19,79,False
2026-01-19 16:54:00-08:00,2026-01-19,95,False
2026-01-19 16:57:00-08:00,2026-01-19,84,False
2026-01-19 17:00:00-08:00,2026-01-19,74,False
2026-01-19 17:03:00-08:00,2026-01-19,83,False
2026-01-19 17:06:00-08:00,2026-01-19,81,False
2026-01-19 17:09:00-08:00,2026-01-19,95,False
2026-01-19 17:12:00-08:00,2026-01-19,91,False
2026-01-19 17:15:00-08:00,2026-01-19,-1,True
2026-01-19 17:18:00-08:00,2026-01-19,-1,True
2026-01-19 17:21:00-08:00,2026-01-19,-1,True
2026-01-19 17:24:00-08:00,2026-01-19,-1,True
2026-01-19 17:27:00-08:00,2026-01-19,-1,True
2026-01-19 17:30:00-08:00,2026-01-19,-2,True
2026-01-19 17:33:00-08:00,2026-01-19,-2,True
2026-01-19 17:36:00-08:00,2026-01-19,-1,True
2026-01-19 17:39:00-08:00,2026-01-19,-1,True
2026-01-19 17:42:00-08:00,2026-01-19,96,False
2026-01-19 17:45:00-08:00,2026-01-19,-1,True
2026-01-19 17:48:00-08:00,2026-01-19,-2,True
2026-01-19 17:51:00-08:00,2026-01-19,-1,True
2026-01-19 17:54:00-08:00,2026-01-19,-2,True
2026-01-19 17:57:00-08:00,2026-01-19,-2,True
2026-01-19 18:00:00-08:00,2026-01-19,-1,True
2026-01-19 18:03:00-08:00,2026-01-19,-2,True
2026-01-19 18:06:00-08:00,2026-01-19,-2,True
2026-01-19 18:09:00-08:00,2026-01-19,-2,True
2026-01-19 18:12:00-08:00,2026-01-19,-1,True
2026-01-19 18:15:00-08:00,2026-01-19,-2,True
2026-01-19 18:18:00-08:00,2026-01-19,-2,True
2026-01-19 18:21:00-08:00,2026-01-19,-2,True
2026-01-19 18:24:00-08:00,2026-01-19,-2,True
2026-01-19 18:27:00-08:00,2026-01-19,-1,True
2026-01-19 18:30:00-08:00,2026-01-19,-2,True
2026-01-19 18:33:00-08:00,2026-01-19,51,False
2026-01-19 18:36:00-08:00,2026-01-19,-1,True
2026-01-19 18:39:00-08:00,2026-01-19,-2,True
2026-01-19 18:42:00-08:00,2026-01-19,-1,True
2026-01-19 18:45:00-08:00,2026-01-19,52,False
2026-01-19 18:48:00-08:00,2026-01-19,64,False
2026-01-19 18:51:00-08:00,2026-01-19,51,False
2026-01-19 18:54:00-08:00,2026-01-19,76,False
2026-01-19 18:57:00-08:00,2026-01-19,-2,True
2026-01-19 19:00:00-08:00,2026-01-19,80,False
2026-01-19 19:03:00-08:00,2026-01-19,-1,True
2026-01-19 19:06:00-08:00,2026-01-19,69,False
2026-01-19 19:09:00-08:00,2026-01-19,92,False
2026-01-19 19:12:00-08:00,2026-01-19,84,False
2026-01-19 19:15:00-08:00,2026-01-19,76,False
2026-01-19 19:18:00-08:00,2026-01-19,69,False
2026-01-19 19:21:00-08:00,2026-01-19,71,False
2026-01-19 19:24:00-08:00,2026-01-19,73,False
2026-01-19 19:27:00-08:00,2026-01-19,84,False
2026-01-19 19:30:00-08:00,2026-01-19,77,False
2026-01-19 19:33:00-08:00,2026-01-19,75,False
2026-01-19 19:36:00-08:00,2026-01-19,84,False
2026-01-19 19:39:00-08:00,2026-01-19,82,False
2026-01-19 19:42:00-08:00,2026-01-19,75,False
2026-01-19 19:45:00-08:00,2026-01-19,77,False
2026-01-19 19:48:00-08:00,2026-01-19,-1,True
2026-01-19 19:51:00-08:00,2026-01-19,-1,True
2026-01-19 19:54:00-08:00,2026-01-19,-1,True
2026-01-19 19:57:00-08:00,2026-01-19,-2,True
2026-01-19 20:00:00-08:00,2026-01-19,-1,True
2026-01-19 20:03:00-08:00,2026-01-19,-1,True
2026-01-19 20:06:00-08:00,2026-01-19,-1,True
2026-01-19 20:09:00-08:00,2026-01-19,-1,True
2026-01-19 20:12:00-08:00,2026-01-19,-1,True
2026-01-19 20:15:00-08:00,2026-01-19,-2,True
2026-01-19 20:18:00-08:00,2026-01-19,-1,True
2026-01-19 20:21:00-08:00,2026-01-19,-2,True
2026-01-19 20:24:00-08:00,2026-01-19,87,False
2026-01-19 20:27:00-08:00,2026-01-19,78,False
2026-01-19 20:30:00-08:00,2026-01-19,53,False
2026-01-19 20:33:00-08:00,2026-01-19,39,False
2026-01-19 20:36:00-08:00,2026-01-19,48,False
2026-01-19 20:39:00-08:00,2026-01-19,72,False
2026-01-19 20:42:00-08:00,2026-01-19,69,False
2026-01-19 20:45:00-08:00,2026-01-19,79,False
2026-01-19 20:48:00-08:00,2026-01-19,74,False
2026-01-19 20:51:00-08:00,2026-01-19,64,False
2026-01-19 20:54:00-08:00,2026-01-19,72,False
2026-01-19 20:57:00-08:00,2026-01-19,63,False
2026-01-19 21:00:00-08:00,2026-01-19,79,False
2026-01-19 21:03:00-08:00,2026-01-19,75,False
2026-01-19 21:06:00-08:00,2026-01-19,63,False
2026-01-19 21:09:00-08:00,2026-01-19,74,False
2026-01-19 21:12:00-08:00,2026-01-19,74,False
2026-01-19 21:15:00-08:00,2026-01-19,81,False
2026-01-19 21:18:00-08:00,2026-01-19,68,False
2026-01-19 21:21:00-08:00,2026-01-19,66,False
2026-01-19 21:24:00-08:00,2026-01-19,85,False
2026-01-19 21:27:00-08:00,2026-01-19,82,False
2026-01-19 21:30:00-08:00,2026-01-19,89,False
2026-01-19 21:33:00-08:00,2026-01-19,73,False
2026-01-19 21:36:00-08:00,2026-01-19,78,False
2026-01-19 21:39:00-08:00,2026-01-19,58,False
2026-01-19 21:42:00-08:00,2026-01-19,64,False
2026-01-19 21:45:00-08:00,2026-01-19,59,False
2026-01-19 21:48:00-08:00,2026-01-19,66,False
2026-01-19 21:51:00-08:00,2026-01-19,67,False
2026-01-19 21:54:00-08:00,2026-01-19,54,False
2026-01-19 21:57:00-08:00,2026-01-19,57,False
2026-01-19 22:00:00-08:00,2026-01-19,71,False
2026-01-19 22:03:00-08:00,2026-01-19,70,False
2026-01-19 22:06:00-08:00,2026-01-19,64,False
2026-01-19 22:09:00-08:00,2026-01-19,52,False
2026-01-19 22:12:00-08:00,2026-01-19,50,False
2026-01-19 22:15:00-08:00,2026-01-19,32,False
2026-01-19 22:18:00-08:00,2026-01-19,35,False
2026-01-19 22:21:00-08:00,2026-01-19,25,False
2026-01-19 22:24:00-08:00,2026-01-19,25,False
2026-01-19 22:27:00-08:00,2026-01-19,43,False
2026-01-19 22:30:00-08:00,2026-01-19,35,False
2026-01-19 22:33:00-08:00,2026-01-19,36,False
2026-01-19 22:36:00-08:00,2026-01-19,31,False
2026-01-19 22:39:00-08:00,2026-01-19,24,False
2026-01-19 22:42:00-08:00,2026-01-19,19,False
2026-01-19 22:45:00-08:00,2026-01-19,20,False
2026-01-19 22:48:00-08:00,2026-01-19,49,False
2026-01-19 22:51:00-08:00,2026-01-19,16,False
2026-01-19 22:54:00-08:00,2026-01-19,11,True
2026-01-19 22:57:00-08:00,2026-01-19,15,False
2026-01-19 23:00:00-08:00,2026-01-19,15,False
2026-01-19 23:03:00-08:00,2026-01-19,12,True
2026-01-19 23:06:00-08:00,2026-01-19,14,True
2026-01-19 23:09:00-08:00,2026-01-19,18,False
2026-01-19 23:12:00-08:00,2026-01-19,19,False
2026-01-19 23:15:00-08:00,2026-01-19,18,False
2026-01-19 23:18:00-08:00,2026-01-19,17,False
2026-01-19 23:21:00-08:00,2026-01-19,16,False
2026-01-19 23:24:00-08:00,2026-01-19,20,False
2026-01-19 23:27:00-08:00,2026-01-19,23,False
2026-01-19 23:30:00-08:00,2026-01-19,20,False
2026-01-19 23:33:00-08:00,2026-01-19,18,False
2026-01-19 23:36:00-08:00,2026-01-19,25,False
2026-01-19 23:39:00-08:00,2026-01-19,-2,True
2026-01-19 23:42:00-08:00,2026-01-19,91,False
2026-01-19 23:45:00-08:00,2026-01-19,-1,True
2026-01-19 23:48:00-08:00,2026-01-19,24,False
2026-01-19 23:51:00-08:00,2026-01-19,22,False
2026-01-19 23:54:00-08:00,2026-01-19,24,False
2026-01-19 23:57:00-08:00,2026-01-19,23,False
2026-01-20 00:00:00-08:00,2026-01-20,22,False
2026-01-20 00:03:00-08:00,2026-01-20,25,False
2026-01-20 00:06:00-08:00,2026-01-20,24,False
2026-01-20 00:09:00-08:00,2026-01-20,25,False
2026-01-20 00:12:00-08:00,2026-01-20,25,False
2026-01-20 00:15:00-08:00,2026-01-20,28,False
2026-01-20 00:18:00-08:00,2026-01-20,34,False
2026-01-20 00:21:00-08:00,2026-01-20,25,False
2026-01-20 00:24:00-08:00,2026-01-20,24,False
2026-01-20 00:27:00-08:00,2026-01-20,21,False
2026-01-20 00:30:00-08:00,2026-01-20,22,False
2026-01-20 00:33:00-08:00,2026-01-20,26,False
2026-01-20 00:36:00-08:00,2026-01-20,21,False
2026-01-20 00:39:00-08:00,2026-01-20,16,False
2026-01-20 00:42:00-08:00,2026-01-20,24,False
2026-01-20 00:45:00-08:00,2026-01-20,25,False
2026-01-20 00:48:00-08:00,2026-01-20,20,False
2026-01-20 00:51:00-08:00,2026-01-20,21,False
2026-01-20 00:54:00-08:00,2026-01-20,16,False
2026-01-20 00:57:00-08:00,2026-01-20,15,False
2026-01-20 01:00:00-08:00,2026-01-20,40,False
2026-01-20 01:03:00-08:00,2026-01-20,-1,True
2026-01-20 01:06:00-08:00,2026-01-20,31,False
2026-01-20 01:09:00-08:00,2026-01-20,19,False
2026-01-20 01:12:00-08:00,2026-01-20,24,False
2026-01-20 01:15:00-08:00,2026-01-20,18,False
2026-01-20 01:18:00-08:00,2026-01-20,20,False
2026-01-20 01:21:00-08:00,2026-01-20,23,False
2026-01-20 01:24:00-08:00,2026-01-20,23,False
2026-01-20 01:27:00-08:00,2026-01-20,20,False
2026-01-20 01:30:00-08:00,2026-01-20,20,False
2026-01-20 01:33:00-08:00,2026-01-20,21,False
2026-01-20 01:36:00-08:00,2026-01-20,15,False
2026-01-20 01:39:00-08:00,2026-01-20,10,True
2026-01-20 01:42:00-08:00,2026-01-20,11,True
2026-01-20 01:45:00-08:00,2026-01-20,11,True
2026-01-20 01:48:00-08:00,2026-01-20,11,True
2026-01-20 01:51:00-08:00,2026-01-20,12,True
2026-01-20 01:54:00-08:00,2026-01-20,14,True
2026-01-20 01:57:00-08:00,2026-01-20,11,True
2026-01-20 02:00:00-08:00,2026-01-20,11,True
2026-01-20 02:03:00-08:00,2026-01-20,12,True
2026-01-20 02:06:00-08:00,2026-01-20,11,True
2026-01-20 02:09:00-08:00,2026-01-20,13,True
2026-01-20 02:12:00-08:00,2026-01-20,10,True
2026-01-20 02:15:00-08:00,2026-01-20,11,True
2026-01-20 02:18:00-08:00,2026-01-20,11,True
2026-01-20 02:21:00-08:00,2026-01-20,11,True
2026-01-20 02:24:00-08:00,2026-01-20,18,False
2026-01-20 02:27:00-08:00,2026-01-20,11,True
2026-01-20 02:30:00-08:00,2026-01-20,11,True
2026-01-20 02:33:00-08:00,2026-01-20,12,True
2026-01-20 02:36:00-08:00,2026-01-20,15,False
2026-01-20 02:39:00-08:00,2026-01-20,18,False
2026-01-20 02:42:00-08:00,2026-01-20,17,False
2026-01-20 02:45:00-08:00,2026-01-20,16,False
2026-01-20 02:48:00-08:00,2026-01-20,13,True
2026-01-20 02:51:00-08:00,2026-01-20,15,False
2026-01-20 02:54:00-08:00,2026-01-20,16,False
2026-01-20 02:57:00-08:00,2026-01-20,14,True
2026-01-20 03:00:00-08:00,2026-01-20,14,True
2026-01-20 03:03:00-08:00,2026-01-20,14,True
2026-01-20 03:06:00-08:00,2026-01-20,16,False
2026-01-20 03:09:00-08:00,2026-01-20,15,False
2026-01-20 03:12:00-08:00,2026-01-20,15,False
2026-01-20 03:15:00-08:00,2026-01-20,13,True
2026-01-20 03:18:00-08:00,2026-01-20,13,True
2026-01-20 03:21:00-08:00,2026-01-20,15,False
2026-01-20 03:24:00-08:00,2026-01-20,15,False
2026-01-20 03:27:00-08:00,2026-01-20,15,False
2026-01-20 03:30:00-08:00,2026-01-20,15,False
2026-01-20 03:33:00-08:00,2026-01-20,13,True
2026-01-20 03:36:00-08:00,2026-01-20,13,True
2026-01-20 03:39:00-08:00,2026-01-20,19,False
2026-01-20 03:42:00-08:00,2026-01-20,13,True
2026-01-20 03:45:00-08:00,2026-01-20,6,True
2026-01-20 03:48:00-08:00,2026-01-20,9,True
2026-01-20 03:51:00-08:00,2026-01-20,15,False
2026-01-20 03:54:00-08:00,2026-01-20,12,True
2026-01-20 03:57:00-08:00,2026-01-20,16,False
2026-01-20 04:00:00-08:00,2026-01-20,15,False
2026-01-20 04:03:00-08:00,2026-01-20,13,True
2026-01-20 04:06:00-08:00,2026-01-20,13,True
2026-01-20 04:09:00-08:00,2026-01-20,13,True
2026-01-20 04:12:00-08:00,2026-01-20,8,True
2026-01-20 04:15:00-08:00,2026-01-20,8,True
2026-01-20 04:18:00-08:00,2026-01-20,12,True
2026-01-20 04:21:00-08:00,2026-01-20,15,False
2026-01-20 04:24:00-08:00,2026-01-20,15,False
2026-01-20 04:27:00-08:00,2026-01-20,13,True
2026-01-20 04:30:00-08:00,2026-01-20,13,True
2026-01-20 04:33:00-08:00,2026-01-20,13,True
2026-01-20 04:36:00-08:00,2026-01-20,14,True
2026-01-20 04:39:00-08:00,2026-01-20,15,False
2026-01-20 04:42:00-08:00,2026-01-20,14,True
2026-01-20 04:45:00-08:00,2026-01-20,13,True
2026-01-20 04:48:00-08:00,2026-01-20,15,False
2026-01-20 04:51:00-08:00,2026-01-20,10,True
2026-01-20 04:54:00-08:00,2026-01-20,11,True
2026-01-20 04:57:00-08:00,2026-01-20,10,True
2026-01-20 05:00:00-08:00,2026-01-20,11,True
2026-01-20 05:03:00-08:00,2026-01-20,15,False
2026-01-20 05:06:00-08:00,2026-01-20,22,False
2026-01-20 05:09:00-08:00,2026-01-20,9,True
2026-01-20 05:12:00-08:00,2026-01-20,21,False
2026-01-20 05:15:00-08:00,2026-01-20,13,True
2026-01-20 05:18:00-08:00,2026-01-20,14,True
2026-01-20 05:21:00-08:00,2026-01-20,14,True
2026-01-20 05:24:00-08:00,2026-01-20,15,False
2026-01-20 05:27:00-08:00,2026-01-20,10,True
2026-01-20 05:30:00-08:00,2026-01-20,5,True
2026-01-20 05:33:00-08:00,2026-01-20,4,True
2026-01-20 05:36:00-08:00,2026-01-20,5,True
2026-01-20 05:39:00-08:00,2026-01-20,7,True
2026-01-20 05:42:00-08:00,2026-01-20,6,True
2026-01-20 05:45:00-08:00,2026-01-20,6,True
2026-01-20 05:48:00-08:00,2026-01-20,12,True
2026-01-20 05:51:00-08:00,2026-01-20,8,True
2026-01-20 05:54:00-08:00,2026-01-20,7,True
2026-01-20 05:57:00-08:00,2026-01-20,7,True
2026-01-20 06:00:00-08:00,2026-01-20,7,True
2026-01-20 06:03:00-08:00,2026-01-20,15,False
2026-01-20 06:06:00-08:00,2026-01-20,46,False
2026-01-20 06:09:00-08:00,2026-01-20,14,True
2026-01-20 06:12:00-08:00,2026-01-20,10,True
2026-01-20 06:15:00-08:00,2026-01-20,12,True
2026-01-20 06:18:00-08:00,2026-01-20,14,True
2026-01-20 06:21:00-08:00,2026-01-20,13,True
2026-01-20 06:24:00-08:00,2026-01-20,15,False
2026-01-20 06:27:00-08:00,2026-01-20,12,True
2026-01-20 06:30:00-08:00,2026-01-20,11,True
2026-01-20 06:33:00-08:00,2026-01-20,14,True
2026-01-20 06:36:00-08:00,2026-01-20,13,True
2026-01-20 06:39:00-08:00,2026-01-20,16,False
2026-01-20 06:42:00-08:00,2026-01-20,15,False
2026-01-20 06:45:00-08:00,2026-01-20,13,True
2026-01-20 06:48:00-08:00,2026-01-20,11,True
2026-01-20 06:51:00-08:00,2026-01-20,14,True
2026-01-20 06:54:00-08:00,2026-01-20,14,True
2026-01-20 06:57:00-08:00,2026-01-20,10,True
2026-01-20 07:00:00-08:00,2026-01-20,8,True
2026-01-20 07:03:00-08:00,2026-01-20,11,True
2026-01-20 07:06:00-08:00,2026-01-20,8,True
2026-01-20 07:09:00-08:00,2026-01-20,12,True
2026-01-20 07:12:00-08:00,2026-01-20,10,True
2026-01-20 07:15:00-08:00,2026-01-20,17,False
2026-01-20 07:18:00-08:00,2026-01-20,50,False
2026-01-20 07:21:00-08:00,2026-01-20,28,False
2026-01-20 07:24:00-08:00,2026-01-20,21,False
2026-01-20 07:27:00-08:00,2026-01-20,18,False
2026-01-20 07:30:00-08:00,2026-01-20,-1,True
2026-01-20 07:33:00-08:00,2026-01-20,25,False
2026-01-20 07:36:00-08:00,2026-01-20,31,False
2026-01-20 07:39:00-08:00,2026-01-20,24,False
2026-01-20 07:42:00-08:00,2026-01-20,22,False
2026-01-20 07:45:00-08:00,2026-01-20,29,False
2026-01-20 07:48:00-08:00,2026-01-20,23,False
2026-01-20 07:51:00-08:00,2026-01-20,22,False
2026-01-20 07:54:00-08:00,2026-01-20,42,False
2026-01-20 07:57:00-08:00,2026-01-20,57,False
2026-01-20 08:00:00-08:00,2026-01-20,33,False
2026-01-20 08:03:00-08:00,2026-01-20,31,False
2026-01-20 08:06:00-08:00,2026-01-20,30,False
2026-01-20 08:09:00-08:00,2026-01-20,39,False
2026-01-20 08:12:00-08:00,2026-01-20,28,False
2026-01-20 08:15:00-08:00,2026-01-20,23,False
2026-01-20 08:18:00-08:00,2026-01-20,24,False
2026-01-20 08:21:00-08:00,2026-01-20,25,False
2026-01-20 08:24:00-08:00,2026-01-20,25,False
2026-01-20 08:27:00-08:00,2026-01-20,23,False
2026-01-20 08:30:00-08:00,2026-01-20,25,False
2026-01-20 08:33:00-08:00,2026-01-20,34,False
2026-01-20 08:36:00-08:00,2026-01-20,24,False
2026-01-20 08:39:00-08:00,2026-01-20,25,False
2026-01-20 08:42:00-08:00,2026-01-20,27,False
2026-01-20 08:45:00-08:00,2026-01-20,36,False
2026-01-20 08:48:00-08:00,2026-01-20,37,False
2026-01-20 08:51:00-08:00,2026-01-20,43,False
2026-01-20 08:54:00-08:00,2026-01-20,-1,True
2026-01-20 08:57:00-08:00,2026-01-20,-1,True
2026-01-20 09:00:00-08:00,2026-01-20,-1,True
2026-01-20 09:03:00-08:00,2026-01-20,-1,True
2026-01-20 09:06:00-08:00,2026-01-20,-1,True
2026-01-20 09:09:00-08:00,2026-01-20,-1,True
2026-01-20 09:12:00-08:00,2026-01-20,-1,True
2026-01-20 09:15:00-08:00,2026-01-20,-1,True
2026-01-20 11:45:00-08:00,2026-01-20,-1,True
2026-01-20 11:48:00-08:00,2026-01-20,-1,True
2026-01-20 11:51:00-08:00,2026-01-20,72,False
2026-01-20 11:54:00-08:00,2026-01-20,72,False
2026-01-20 11:57:00-08:00,2026-01-20,67,False
2026-01-20 12:00:00-08:00,2026-01-20,33,False
2026-01-20 12:03:00-08:00,2026-01-20,37,False
2026-01-20 12:06:00-08:00,2026-01-20,31,False
2026-01-20 12:09:00-08:00,2026-01-20,38,False
2026-01-20 12:12:00-08:00,2026-01-20,37,False
2026-01-20 12:15:00-08:00,2026-01-20,41,False
2026-01-20 12:18:00-08:00,2026-01-20,49,False
2026-01-20 12:21:00-08:00,2026-01-20,42,False
2026-01-20 12:24:00-08:00,2026-01-20,65,False
2026-01-20 12:27:00-08:00,2026-01-20,-2,True
2026-01-20 12:30:00-08:00,2026-01-20,-2,True
2026-01-20 12:33:00-08:00,2026-01-20,-2,True
2026-01-20 12:36:00-08:00,2026-01-20,82,False
2026-01-20 12:39:00-08:00,2026-01-20,55,False
2026-01-20 12:42:00-08:00,2026-01-20,77,False
2026-01-20 12:45:00-08:00,2026-01-20,46,False
2026-01-20 12:48:00-08:00,2026-01-20,55,False
2026-01-20 12:51:00-08:00,2026-01-20,48,False
2026-01-20 12:54:00-08:00,2026-01-20,47,False
2026-01-20 12:57:00-08:00,2026-01-20,73,False
2026-01-20 13:00:00-08:00,2026-01-20,47,False
2026-01-20 13:03:00-08:00,2026-01-20,67,False
2026-01-20 13:06:00-08:00,2026-01-20,67,False
2026-01-20 13:09:00-08:00,2026-01-20,64,False
2026-01-20 13:12:00-08:00,2026-01-20,52,False
2026-01-20 13:15:00-08:00,2026-01-20,69,False
2026-01-20 13:18:00-08:00,2026-01-20,-1,True
2026-01-20 13:21:00-08:00,2026-01-20,67,False
2026-01-20 13:24:00-08:00,2026-01-20,63,False
2026-01-20 13:27:00-08:00,2026-01-20,58,False
2026-01-20 13:30:00-08:00,2026-01-20,75,False
2026-01-20 13:33:00-08:00,2026-01-20,55,False
2026-01-20 13:36:00-08:00,2026-01-20,55,False
2026-01-20 13:39:00-08:00,2026-01-20,49,False
2026-01-20 13:42:00-08:00,2026-01-20,52,False
2026-01-20 13:45:00-08:00,2026-01-20,64,False
2026-01-20 13:48:00-08:00,2026-01-20,59,False
2026-01-20 13:51:00-08:00,2026-01-20,67,False
2026-01-20 13:54:00-08:00,2026-01-20,28,False
2026-01-20 13:57:00-08:00,2026-01-20,28,False
2026-01-20 14:00:00-08:00,2026-01-20,37,False
2026-01-20 14:03:00-08:00,2026-01-20,73,False
2026-01-20 14:06:00-08:00,2026-01-20,59,False
2026-01-20 14:09:00-08:00,2026-01-20,61,False
2026-01-20 14:12:00-08:00,2026-01-20,76,False
2026-01-20 14:15:00-08:00,2026-01-20,25,False
2026-01-20 14:18:00-08:00,2026-01-20,46,False
2026-01-20 14:21:00-08:00,2026-01-20,27,False
2026-01-20 14:24:00-08:00,2026-01-20,40,False
2026-01-20 14:27:00-08:00,2026-01-20,54,False
2026-01-20 14:30:00-08:00,2026-01-20,43,False
2026-01-20 14:33:00-08:00,2026-01-20,34,False
2026-01-20 14:36:00-08:00,2026-01-20,39,False
2026-01-20 14:39:00-08:00,2026-01-20,55,False
2026-01-20 14:42:00-08:00,2026-01-20,70,False
2026-01-20 14:45:00-08:00,2026-01-20,82,False
2026-01-20 14:48:00-08:00,2026-01-20,-1,True
2026-01-20 14:51:00-08:00,2026-01-20,52,False
2026-01-20 14:54:00-08:00,2026-01-20,42,False
2026-01-20 14:57:00-08:00,2026-01-20,46,False
2026-01-20 15:00:00-08:00,2026-01-20,68,False
2026-01-20 15:03:00-08:00,2026-01-20,70,False
2026-01-20 15:06:00-08:00,2026-01-20,61,False
2026-01-20 15:09:00-08:00,2026-01-20,28,False
2026-01-20 15:12:00-08:00,2026-01-20,19,False
2026-01-20 15:15:00-08:00,2026-01-20,18,False
2026-01-20 15:18:00-08:00,2026-01-20,15,False
2026-01-20 15:21:00-08:00,2026-01-20,15,False
2026-01-20 15:24:00-08:00,2026-01-20,13,True
2026-01-20 15:27:00-08:00,2026-01-20,16,False
2026-01-20 15:30:00-08:00,2026-01-20,15,False
2026-01-20 15:33:00-08:00,2026-01-20,15,False
2026-01-20 15:36:00-08:00,2026-01-20,15,False
2026-01-20 15:39:00-08:00,2026-01-20,12,True
2026-01-20 15:42:00-08:00,2026-01-20,9,True
2026-01-20 15:45:00-08:00,2026-01-20,8,True
2026-01-20 15:48:00-08:00,2026-01-20,9,True
2026-01-20 15:51:00-08:00,2026-01-20,9,True
2026-01-20 15:54:00-08:00,2026-01-20,8,True
2026-01-20 15:57:00-08:00,2026-01-20,9,True
2026-01-20 16:00:00-08:00,2026-01-20,5,True
2026-01-20 16:03:00-08:00,2026-01-20,7,True
2026-01-20 16:06:00-08:00,2026-01-20,8,True
2026-01-20 16:09:00-08:00,2026-01-20,11,True
2026-01-20 16:12:00-08:00,2026-01-20,14,True
2026-01-20 16:15:00-08:00,2026-01-20,12,True
2026-01-20 16:18:00-08:00,2026-01-20,10,True
2026-01-20 16:21:00-08:00,2026-01-20,11,True
2026-01-20 16:24:00-08:00,2026-01-20,14,True
2026-01-20 16:27:00-08:00,2026-01-20,12,True
2026-01-20 16:30:00-08:00,2026-01-20,12,True
2026-01-20 16:33:00-08:00,2026-01-20,16,False
2026-01-20 16:36:00-08:00,2026-01-20,23,False
2026-01-20 16:39:00-08:00,2026-01-20,23,False
2026-01-20 16:42:00-08:00,2026-01-20,25,False
2026-01-20 16:45:00-08:00,2026-01-20,27,False
2026-01-20 16:48:00-08:00,2026-01-20,25,False
2026-01-20 16:51:00-08:00,2026-01-20,28,False
2026-01-20 16:54:00-08:00,2026-01-20,28,False
2026-01-20 16:57:00-08:00,2026-01-20,32,False
2026-01-20 17:00:00-08:00,2026-01-20,42,False
2026-01-20 17:03:00-08:00,2026-01-20,26,False
2026-01-20 17:06:00-08:00,2026-01-20,37,False
2026-01-20 17:09:00-08:00,2026-01-20,27,False
2026-01-20 17:12:00-08:00,2026-01-20,24,False
2026-01-20 17:15:00-08:00,2026-01-20,39,False
2026-01-20 17:18:00-08:00,2026-01-20,44,False
2026-01-20 17:21:00-08:00,2026-01-20,54,False
2026-01-20 17:24:00-08:00,2026-01-20,58,False
2026-01-20 17:27:00-08:00,2026-01-20,64,False
2026-01-20 17:30:00-08:00,2026-01-20,61,False
2026-01-20 17:33:00-08:00,2026-01-20,71,False
2026-01-20 17:36:00-08:00,2026-01-20,46,False
2026-01-20 17:39:00-08:00,2026-01-20,43,False
2026-01-20 17:42:00-08:00,2026-01-20,30,False
2026-01-20 17:45:00-08:00,2026-01-20,-1,True
2026-01-20 17:48:00-08:00,2026-01-20,-2,True
2026-01-20 17:51:00-08:00,2026-01-20,-2,True
2026-01-20 17:54:00-08:00,2026-01-20,92,False
2026-01-20 17:57:00-08:00,2026-01-20,90,False
2026-01-20 18:00:00-08:00,2026-01-20,-2,True
2026-01-20 18:03:00-08:00,2026-01-20,85,False
2026-01-20 18:06:00-08:00,2026-01-20,-2,True
2026-01-20 18:09:00-08:00,2026-01-20,-2,True
2026-01-20 18:12:00-08:00,2026-01-20,-2,True
2026-01-20 18:15:00-08:00,2026-01-20,-2,True
2026-01-20 18:18:00-08:00,2026-01-20,-2,True
2026-01-20 18:21:00-08:00,2026-01-20,-2,True
2026-01-20 18:24:00-08:00,2026-01-20,-2,True
2026-01-20 18:27:00-08:00,2026-01-20,-2,True
2026-01-20 18:30:00-08:00,2026-01-20,-2,True
2026-01-20 18:33:00-08:00,2026-01-20,-1,True
2026-01-20 18:36:00-08:00,2026-01-20,-1,True
2026-01-20 18:39:00-08:00,2026-01-20,-1,True
2026-01-20 18:42:00-08:00,2026-01-20,-2,True
2026-01-20 18:45:00-08:00,2026-01-20,-2,True
2026-01-20 18:48:00-08:00,2026-01-20,-2,True
2026-01-20 18:51:00-08:00,2026-01-20,-1,True
2026-01-20 18:54:00-08:00,2026-01-20,-2,True
2026-01-20 18:57:00-08:00,2026-01-20,-2,True
2026-01-20 19:00:00-08:00,2026-01-20,-2,True
2026-01-20 19:03:00-08:00,2026-01-20,-1,True
2026-01-20 19:06:00-08:00,2026-01-20,-2,True
2026-01-20 19:09:00-08:00,2026-01-20,-2,True
2026-01-20 19:12:00-08:00,2026-01-20,-1,True
2026-01-20 19:15:00-08:00,2026-01-20,-1,True
2026-01-20 19:18:00-08:00,2026-01-20,-1,True
2026-01-20 19:21:00-08:00,2026-01-20,-2,True
2026-01-20 19:24:00-08:00,2026-01-20,82,False
2026-01-20 19:27:00-08:00,2026-01-20,79,False
2026-01-20 19:30:00-08:00,2026-01-20,83,False
2026-01-20 19:33:00-08:00,2026-01-20,81,False
2026-01-20 19:36:00-08:00,2026-01-20,77,False
2026-01-20 19:39:00-08:00,2026-01-20,72,False
2026-01-20 19:42:00-08:00,2026-01-20,75,False
2026-01-20 19:45:00-08:00,2026-01-20,81,False
2026-01-20 19:48:00-08:00,2026-01-20,65,False
2026-01-20 19:51:00-08:00,2026-01-20,62,False
2026-01-20 19:54:00-08:00,2026-01-20,53,False
2026-01-20 19:57:00-08:00,2026-01-20,70,False
2026-01-20 20:00:00-08:00,2026-01-20,75,False
2026-01-20 20:03:00-08:00,2026-01-20,67,False
2026-01-20 20:06:00-08:00,2026-01-20,82,False
2026-01-20 20:09:00-08:00,2026-01-20,78,False
2026-01-20 20:12:00-08:00,2026-01-20,75,False
2026-01-20 20:15:00-08:00,2026-01-20,79,False
2026-01-20 20:18:00-08:00,2026-01-20,73,False
2026-01-20 20:21:00-08:00,2026-01-20,67,False
2026-01-20 20:24:00-08:00,2026-01-20,73,False
2026-01-20 20:27:00-08:00,2026-01-20,75,False
2026-01-20 20:30:00-08:00,2026-01-20,66,False
2026-01-20 20:33:00-08:00,2026-01-20,76,False
2026-01-20 20:36:00-08:00,2026-01-20,74,False
2026-01-20 20:39:00-08:00,2026-01-20,65,False
2026-01-20 20:42:00-08:00,2026-01-20,43,False
2026-01-20 20:45:00-08:00,2026-01-20,-1,True
2026-01-20 20:48:00-08:00,2026-01-20,79,False
2026-01-20 20:51:00-08:00,2026-01-20,37,False
2026-01-20 20:54:00-08:00,2026-01-20,40,False
2026-01-20 20:57:00-08:00,2026-01-20,43,False
2026-01-20 21:00:00-08:00,2026-01-20,62,False
2026-01-20 21:03:00-08:00,2026-01-20,-1,True
2026-01-20 21:06:00-08:00,2026-01-20,-1,True
2026-01-20 21:09:00-08:00,2026-01-20,-2,True
2026-01-20 21:12:00-08:00,2026-01-20,-1,True
2026-01-20 21:15:00-08:00,2026-01-20,-1,True
2026-01-20 21:18:00-08:00,2026-01-20,-2,True
2026-01-20 21:21:00-08:00,2026-01-20,-2,True
2026-01-20 21:24:00-08:00,2026-01-20,-1,True
2026-01-20 21:27:00-08:00,2026-01-20,-2,True
2026-01-20 21:30:00-08:00,2026-01-20,-2,True
2026-01-20 21:33:00-08:00,2026-01-20,-1,True
2026-01-20 21:36:00-08:00,2026-01-20,-2,True
2026-01-20 21:39:00-08:00,2026-01-20,-2,True
2026-01-20 21:42:00-08:00,2026-01-20,-2,True
2026-01-20 21:45:00-08:00,2026-01-20,86,False
2026-01-20 21:48:00-08:00,2026-01-20,53,False
2026-01-20 21:51:00-08:00,2026-01-20,30,False
2026-01-20 21:54:00-08:00,2026-01-20,42,False
2026-01-20 21:57:00-08:00,2026-01-20,46,False
2026-01-20 22:00:00-08:00,2026-01-20,38,False
2026-01-20 22:03:00-08:00,2026-01-20,50,False
2026-01-20 22:06:00-08:00,2026-01-20,46,False
2026-01-20 22:09:00-08:00,2026-01-20,55,False
2026-01-20 22:12:00-08:00,2026-01-20,45,False
2026-01-20 22:15:00-08:00,2026-01-20,44,False
2026-01-20 22:18:00-08:00,2026-01-20,70,False
2026-01-20 22:21:00-08:00,2026-01-20,59,False
2026-01-20 22:24:00-08:00,2026-01-20,46,False
2026-01-20 22:27:00-08:00,2026-01-20,42,False
2026-01-20 22:30:00-08:00,2026-01-20,58,False
2026-01-20 22:33:00-08:00,2026-01-20,62,False
2026-01-20 22:36:00-08:00,2026-01-20,52,False
2026-01-20 22:39:00-08:00,2026-01-20,39,False
2026-01-20 22:42:00-08:00,2026-01-20,44,False
2026-01-20 22:45:00-08:00,2026-01-20,41,False
2026-01-20 22:48:00-08:00,2026-01-20,62,False
2026-01-20 22:51:00-08:00,2026-01-20,77,False
2026-01-20 22:54:00-08:00,2026-01-20,59,False
2026-01-20 22:57:00-08:00,2026-01-20,52,False
2026-01-20 23:00:00-08:00,2026-01-20,55,False
2026-01-20 23:03:00-08:00,2026-01-20,58,False
2026-01-20 23:06:00-08:00,2026-01-20,56,False
2026-01-20 23:09:00-08:00,2026-01-20,52,False
2026-01-20 23:12:00-08:00,2026-01-20,28,False
2026-01-20 23:15:00-08:00,2026-01-20,35,False
2026-01-20 23:18:00-08:00,2026-01-20,40,False
2026-01-20 23:21:00-08:00,2026-01-20,43,False
2026-01-20 23:24:00-08:00,2026-01-20,27,False
2026-01-20 23:27:00-08:00,2026-01-20,18,False
2026-01-20 23:30:00-08:00,2026-01-20,15,False
2026-01-20 23:33:00-08:00,2026-01-20,15,False
2026-01-20 23:36:00-08:00,2026-01-20,15,False
2026-01-20 23:39:00-08:00,2026-01-20,14,True
2026-01-20 23:42:00-08:00,2026-01-20,16,False
2026-01-20 23:45:00-08:00,2026-01-20,14,True
2026-01-20 23:48:00-08:00,2026-01-20,17,False
2026-01-20 23:51:00-08:00,2026-01-20,18,False
2026-01-20 23:54:00-08:00,2026-01-20,18,False
2026-01-20 23:57:00-08:00,2026-01-20,17,False
2026-01-21 00:00:00-08:00,2026-01-21,16,False
2026-01-21 00:03:00-08:00,2026-01-21,15,False
2026-01-21 00:06:00-08:00,2026-01-21,17,False
2026-01-21 00:09:00-08:00,2026-01-21,14,True
2026-01-21 00:12:00-08:00,2026-01-21,17,False
2026-01-21 00:15:00-08:00,2026-01-21,13,True
2026-01-21 00:18:00-08:00,2026-01-21,12,True
2026-01-21 00:21:00-08:00,2026-01-21,16,False
2026-01-21 00:24:00-08:00,2026-01-21,15,False
2026-01-21 00:27:00-08:00,2026-01-21,13,True
2026-01-21 00:30:00-08:00,2026-01-21,14,True
2026-01-21 00:33:00-08:00,2026-01-21,12,True
2026-01-21 00:36:00-08:00,2026-01-21,8,True
2026-01-21 00:39:00-08:00,2026-01-21,19,False
2026-01-21 00:42:00-08:00,2026-01-21,13,True
2026-01-21 00:45:00-08:00,2026-01-21,18,False
2026-01-21 00:48:00-08:00,2026-01-21,16,False
2026-01-21 00:51:00-08:00,2026-01-21,17,False
2026-01-21 00:54:00-08:00,2026-01-21,15,False
2026-01-21 00:57:00-08:00,2026-01-21,13,True
2026-01-21 01:00:00-08:00,2026-01-21,15,False
2026-01-21 01:03:00-08:00,2026-01-21,15,False
2026-01-21 01:06:00-08:00,2026-01-21,14,True
2026-01-21 01:09:00-08:00,2026-01-21,13,True
2026-01-21 01:12:00-08:00,2026-01-21,15,False
2026-01-21 01:15:00-08:00,2026-01-21,15,False
2026-01-21 01:18:00-08:00,2026-01-21,13,True
2026-01-21 01:21:00-08:00,2026-01-21,15,False
2026-01-21 01:24:00-08:00,2026-01-21,13,True
2026-01-21 01:27:00-08:00,2026-01-21,15,False
2026-01-21 01:30:00-08:00,2026-01-21,12,True
2026-01-21 01:33:00-08:00,2026-01-21,11,True
2026-01-21 01:36:00-08:00,2026-01-21,13,True
2026-01-21 01:39:00-08:00,2026-01-21,15,False
2026-01-21 01:42:00-08:00,2026-01-21,16,False
2026-01-21 01:45:00-08:00,2026-01-21,16,False
2026-01-21 01:48:00-08:00,2026-01-21,12,True
2026-01-21 01:51:00-08:00,2026-01-21,15,False
2026-01-21 01:54:00-08:00,2026-01-21,18,False
2026-01-21 01:57:00-08:00,2026-01-21,19,False
2026-01-21 02:00:00-08:00,2026-01-21,16,False
2026-01-21 02:03:00-08:00,2026-01-21,16,False
2026-01-21 02:06:00-08:00,2026-01-21,17,False
2026-01-21 02:09:00-08:00,2026-01-21,18,False
2026-01-21 02:12:00-08:00,2026-01-21,16,False
2026-01-21 02:15:00-08:00,2026-01-21,17,False
2026-01-21 02:18:00-08:00,2026-01-21,15,False
2026-01-21 02:21:00-08:00,2026-01-21,7,True
2026-01-21 02:24:00-08:00,2026-01-21,9,True
2026-01-21 02:27:00-08:00,2026-01-21,10,True
2026-01-21 02:30:00-08:00,2026-01-21,12,True
2026-01-21 02:33:00-08:00,2026-01-21,8,True
2026-01-21 02:36:00-08:00,2026-01-21,22,False
2026-01-21 02:39:00-08:00,2026-01-21,22,False
2026-01-21 02:42:00-08:00,2026-01-21,22,False
2026-01-21 02:45:00-08:00,2026-01-21,18,False
2026-01-21 02:48:00-08:00,2026-01-21,22,False
2026-01-21 02:51:00-08:00,2026-01-21,13,True
2026-01-21 02:54:00-08:00,2026-01-21,12,True
2026-01-21 02:57:00-08:00,2026-01-21,15,False
2026-01-21 03:00:00-08:00,2026-01-21,15,False
2026-01-21 03:03:00-08:00,2026-01-21,14,True
2026-01-21 03:06:00-08:00,2026-01-21,10,True
2026-01-21 03:09:00-08:00,2026-01-21,15,False
2026-01-21 03:12:00-08:00,2026-01-21,11,True
2026-01-21 03:15:00-08:00,2026-01-21,12,True
2026-01-21 03:18:00-08:00,2026-01-21,13,True
2026-01-21 03:21:00-08:00,2026-01-21,11,True
2026-01-21 03:24:00-08:00,2026-01-21,15,False
2026-01-21 03:27:00-08:00,2026-01-21,14,True
2026-01-21 03:30:00-08:00,2026-01-21,12,True
2026-01-21 03:33:00-08:00,2026-01-21,22,False
2026-01-21 03:36:00-08:00,2026-01-21,18,False
2026-01-21 03:39:00-08:00,2026-01-21,9,True
2026-01-21 03:42:00-08:00,2026-01-21,10,True
2026-01-21 03:45:00-08:00,2026-01-21,14,True
2026-01-21 03:48:00-08:00,2026-01-21,13,True
2026-01-21 03:51:00-08:00,2026-01-21,18,False
2026-01-21 03:54:00-08:00,2026-01-21,15,False
2026-01-21 03:57:00-08:00,2026-01-21,14,True
2026-01-21 04:00:00-08:00,2026-01-21,22,False
2026-01-21 04:03:00-08:00,2026-01-21,11,True
2026-01-21 04:06:00-08:00,2026-01-21,11,True
2026-01-21 04:09:00-08:00,2026-01-21,14,True
2026-01-21 04:12:00-08:00,2026-01-21,11,True
2026-01-21 04:15:00-08:00,2026-01-21,34,False
2026-01-21 04:18:00-08:00,2026-01-21,29,False
2026-01-21 04:21:00-08:00,2026-01-21,8,True
2026-01-21 04:24:00-08:00,2026-01-21,6,True
2026-01-21 04:27:00-08:00,2026-01-21,14,True
2026-01-21 04:30:00-08:00,2026-01-21,7,True
2026-01-21 04:33:00-08:00,2026-01-21,6,True
2026-01-21 04:36:00-08:00,2026-01-21,16,False
2026-01-21 04:39:00-08:00,2026-01-21,9,True
2026-01-21 04:42:00-08:00,2026-01-21,12,True
2026-01-21 04:45:00-08:00,2026-01-21,13,True
2026-01-21 04:48:00-08:00,2026-01-21,8,True
2026-01-21 04:51:00-08:00,2026-01-21,8,True
2026-01-21 04:54:00-08:00,2026-01-21,5,True
2026-01-21 04:57:00-08:00,2026-01-21,9,True
2026-01-21 05:00:00-08:00,2026-01-21,7,True
2026-01-21 05:03:00-08:00,2026-01-21,9,True
2026-01-21 05:06:00-08:00,2026-01-21,8,True
2026-01-21 05:09:00-08:00,2026-01-21,6,True
2026-01-21 05:12:00-08:00,2026-01-21,8,True
2026-01-21 05:15:00-08:00,2026-01-21,10,True
2026-01-21 05:18:00-08:00,2026-01-21,9,True
2026-01-21 05:21:00-08:00,2026-01-21,9,True
2026-01-21 05:24:00-08:00,2026-01-21,9,True
2026-01-21 05:27:00-08:00,2026-01-21,10,True
2026-01-21 05:30:00-08:00,2026-01-21,10,True
2026-01-21 05:33:00-08:00,2026-01-21,11,True
2026-01-21 05:36:00-08:00,2026-01-21,16,False
2026-01-21 05:39:00-08:00,2026-01-21,8,True
2026-01-21 05:42:00-08:00,2026-01-21,7,True
2026-01-21 05:45:00-08:00,2026-01-21,14,True
2026-01-21 05:48:00-08:00,2026-01-21,16,False
2026-01-21 05:51:00-08:00,2026-01-21,11,True
2026-01-21 05:54:00-08:00,2026-01-21,12,True
2026-01-21 05:57:00-08:00,2026-01-21,18,False
2026-01-21 06:00:00-08:00,2026-01-21,14,True
2026-01-21 06:03:00-08:00,2026-01-21,26,False
2026-01-21 06:06:00-08:00,2026-01-21,23,False
2026-01-21 06:09:00-08:00,2026-01-21,22,False
2026-01-21 06:12:00-08:00,2026-01-21,79,False
2026-01-21 06:15:00-08:00,2026-01-21,28,False
2026-01-21 06:18:00-08:00,2026-01-21,25,False
2026-01-21 06:21:00-08:00,2026-01-21,35,False
2026-01-21 06:24:00-08:00,2026-01-21,35,False
2026-01-21 06:27:00-08:00,2026-01-21,35,False
2026-01-21 06:30:00-08:00,2026-01-21,31,False
2026-01-21 06:33:00-08:00,2026-01-21,23,False
2026-01-21 06:36:00-08:00,2026-01-21,24,False
2026-01-21 06:39:00-08:00,2026-01-21,27,False
2026-01-21 06:42:00-08:00,2026-01-21,26,False
2026-01-21 06:45:00-08:00,2026-01-21,38,False
2026-01-21 06:48:00-08:00,2026-01-21,33,False
2026-01-21 06:51:00-08:00,2026-01-21,30,False
2026-01-21 06:54:00-08:00,2026-01-21,31,False
2026-01-21 06:57:00-08:00,2026-01-21,20,False
2026-01-21 07:00:00-08:00,2026-01-21,25,False
2026-01-21 07:03:00-08:00,2026-01-21,23,False
2026-01-21 07:06:00-08:00,2026-01-21,24,False
2026-01-21 07:09:00-08:00,2026-01-21,20,False
2026-01-21 07:12:00-08:00,2026-01-21,27,False
2026-01-21 07:15:00-08:00,2026-01-21,31,False
2026-01-21 07:18:00-08:00,2026-01-21,24,False
2026-01-21 07:21:00-08:00,2026-01-21,35,False
2026-01-21 07:24:00-08:00,2026-01-21,31,False
2026-01-21 07:27:00-08:00,2026-01-21,32,False
2026-01-21 07:30:00-08:00,2026-01-21,25,False
2026-01-21 07:33:00-08:00,2026-01-21,28,False
2026-01-21 07:36:00-08:00,2026-01-21,32,False
2026-01-21 07:39:00-08:00,2026-01-21,23,False
2026-01-21 07:42:00-08:00,2026-01-21,23,False
2026-01-21 07:45:00-08:00,2026-01-21,22,False
2026-01-21 07:48:00-08:00,2026-01-21,22,False
2026-01-21 07:51:00-08:00,2026-01-21,20,False
2026-01-21 07:54:00-08:00,2026-01-21,25,False
2026-01-21 07:57:00-08:00,2026-01-21,31,False
2026-01-21 08:00:00-08:00,2026-01-21,-1,True
2026-01-21 08:03:00-08:00,2026-01-21,-1,True
2026-01-21 08:06:00-08:00,2026-01-21,59,False
2026-01-21 08:09:00-08:00,2026-01-21,-1,True
2026-01-21 08:12:00-08:00,2026-01-21,-1,True
2026-01-21 08:15:00-08:00,2026-01-21,43,False
2026-01-21 08:18:00-08:00,2026-01-21,33,False
2026-01-21 08:21:00-08:00,2026-01-21,26,False
2026-01-21 08:24:00-08:00,2026-01-21,21,False
2026-01-21 08:27:00-08:00,2026-01-21,24,False
2026-01-21 08:30:00-08:00,2026-01-21,27,False
2026-01-21 08:33:00-08:00,2026-01-21,27,False
2026-01-21 08:36:00-08:00,2026-01-21,25,False
2026-01-21 08:39:00-08:00,2026-01-21,24,False
2026-01-21 08:42:00-08:00,2026-01-21,25,False
2026-01-21 08:45:00-08:00,2026-01-21,21,False
2026-01-21 08:48:00-08:00,2026-01-21,25,False
2026-01-21 08:51:00-08:00,2026-01-21,25,False
2026-01-21 08:54:00-08:00,2026-01-21,23,False
2026-01-21 08:57:00-08:00,2026-01-21,23,False
2026-01-21 09:00:00-08:00,2026-01-21,24,False
2026-01-21 09:03:00-08:00,2026-01-21,37,False
2026-01-21 09:06:00-08:00,2026-01-21,25,False
2026-01-21 09:09:00-08:00,2026-01-21,79,False
2026-01-21 09:12:00-08:00,2026-01-21,28,False
2026-01-21 09:15:00-08:00,2026-01-21,20,False
2026-01-21 09:18:00-08:00,2026-01-21,37,False
2026-01-21 09:21:00-08:00,2026-01-21,-1,True
2026-01-21 09:24:00-08:00,2026-01-21,-1,True
2026-01-21 09:27:00-08:00,2026-01-21,-1,True
2026-01-21 09:30:00-08:00,2026-01-21,-2,True
2026-01-21 09:33:00-08:00,2026-01-21,-2,True
2026-01-21 09:36:00-08:00,2026-01-21,85,False
2026-01-21 09:39:00-08:00,2026-01-21,77,False
2026-01-21 09:42:00-08:00,2026-01-21,73,False
2026-01-21 09:45:00-08:00,2026-01-21,49,False
2026-01-21 09:48:00-08:00,2026-01-21,51,False
2026-01-21 09:51:00-08:00,2026-01-21,70,False
2026-01-21 09:54:00-08:00,2026-01-21,-1,True
2026-01-21 09:57:00-08:00,2026-01-21,-2,True
2026-01-21 10:00:00-08:00,2026-01-21,-2,True
2026-01-21 10:03:00-08:00,2026-01-21,-2,True
2026-01-21 10:06:00-08:00,2026-01-21,-1,True
2026-01-21 10:09:00-08:00,2026-01-21,-2,True
2026-01-21 10:12:00-08:00,2026-01-21,-2,True
2026-01-21 10:15:00-08:00,2026-01-21,-2,True
2026-01-21 10:18:00-08:00,2026-01-21,-2,True
2026-01-21 10:21:00-08:00,2026-01-21,-2,True
2026-01-21 10:24:00-08:00,2026-01-21,-2,True
2026-01-21 10:27:00-08:00,2026-01-21,-2,True
2026-01-21 10:30:00-08:00,2026-01-21,-2,True
2026-01-21 10:33:00-08:00,2026-01-21,-2,True
2026-01-21 10:36:00-08:00,2026-01-21,-2,True
2026-01-21 10:39:00-08:00,2026-01-21,-2,True
2026-01-21 10:42:00-08:00,2026-01-21,-2,True
2026-01-21 10:45:00-08:00,2026-01-21,-2,True
2026-01-21 10:48:00-08:00,2026-01-21,-2,True
2026-01-21 10:51:00-08:00,2026-01-21,-2,True
2026-01-21 10:54:00-08:00,2026-01-21,-2,True
2026-01-21 10:57:00-08:00,2026-01-21,-1,True
2026-01-21 11:00:00-08:00,2026-01-21,-1,True
2026-01-21 11:03:00-08:00,2026-01-21,-1,True
2026-01-21 11:06:00-08:00,2026-01-21,-1,True
2026-01-21 11:09:00-08:00,2026-01-21,-2,True
2026-01-21 11:12:00-08:00,2026-01-21,-2,True
2026-01-21 11:15:00-08:00,2026-01-21,-2,True
2026-01-21 11:18:00-08:00,2026-01-21,-2,True
2026-01-21 11:21:00-08:00,2026-01-21,-2,True
2026-01-21 11:24:00-08:00,2026-01-21,-1,True
2026-01-21 11:27:00-08:00,2026-01-21,-1,True
2026-01-21 11:30:00-08:00,2026-01-21,-1,True
2026-01-21 11:33:00-08:00,2026-01-21,-1,True
2026-01-21 11:36:00-08:00,2026-01-21,-1,True
2026-01-21 11:39:00-08:00,2026-01-21,-1,True
2026-01-21 11:42:00-08:00,2026-01-21,-1,True
2026-01-21 11:45:00-08:00,2026-01-21,-1,True
2026-01-21 11:48:00-08:00,2026-01-21,94,False
2026-01-21 11:51:00-08:00,2026-01-21,95,False
2026-01-21 11:54:00-08:00,2026-01-21,-1,True
2026-01-21 11:57:00-08:00,2026-01-21,99,False
2026-01-21 12:00:00-08:00,2026-01-21,99,False
2026-01-21 12:03:00-08:00,2026-01-21,-1,True
2026-01-21 12:06:00-08:00,2026-01-21,-1,True
2026-01-21 12:09:00-08:00,2026-01-21,-1,True
2026-01-21 12:12:00-08:00,2026-01-21,-1,True
2026-01-21 12:15:00-08:00,2026-01-21,-1,True
2026-01-21 12:18:00-08:00,2026-01-21,-1,True
2026-01-21 12:21:00-08:00,2026-01-21,-1,True
2026-01-21 12:24:00-08:00,2026-01-21,-1,True
2026-01-21 12:27:00-08:00,2026-01-21,-1,True
2026-01-21 12:30:00-08:00,2026-01-21,96,False
2026-01-21 12:33:00-08:00,2026-01-21,94,False
2026-01-21 12:36:00-08:00,2026-01-21,-1,True
2026-01-21 12:39:00-08:00,2026-01-21,-1,True
2026-01-21 12:42:00-08:00,2026-01-21,-1,True
2026-01-21 12:45:00-08:00,2026-01-21,94,False
2026-01-21 12:48:00-08:00,2026-01-21,94,False
2026-01-21 12:51:00-08:00,2026-01-21,97,False
2026-01-21 12:54:00-08:00,2026-01-21,-2,True
2026-01-21 12:57:00-08:00,2026-01-21,-2,True
2026-01-21 13:00:00-08:00,2026-01-21,-1,True
2026-01-21 13:03:00-08:00,2026-01-21,-1,True
2026-01-21 13:06:00-08:00,2026-01-21,-1,True
2026-01-21 13:09:00-08:00,2026-01-21,-1,True
2026-01-21 13:12:00-08:00,2026-01-21,-2,True
2026-01-21 13:15:00-08:00,2026-01-21,-1,True
2026-01-21 13:18:00-08:00,2026-01-21,-2,True
2026-01-21 13:21:00-08:00,2026-01-21,-2,True
2026-01-21 13:24:00-08:00,2026-01-21,-1,True
2026-01-21 13:27:00-08:00,2026-01-21,-1,True
2026-01-21 13:30:00-08:00,2026-01-21,-1,True
2026-01-21 13:33:00-08:00,2026-01-21,81,False
2026-01-21 13:36:00-08:00,2026-01-21,74,False
2026-01-21 13:39:00-08:00,2026-01-21,88,False
2026-01-21 13:42:00-08:00,2026-01-21,93,False
2026-01-21 13:45:00-08:00,2026-01-21,78,False
2026-01-21 13:48:00-08:00,2026-01-21,-1,True
2026-01-21 13:51:00-08:00,2026-01-21,-1,True
2026-01-21 13:54:00-08:00,2026-01-21,-2,True
2026-01-21 13:57:00-08:00,2026-01-21,-2,True
2026-01-21 14:00:00-08:00,2026-01-21,-1,True
2026-01-21 14:03:00-08:00,2026-01-21,-1,True
2026-01-21 14:06:00-08:00,2026-01-21,-2,True
2026-01-21 14:09:00-08:00,2026-01-21,-1,True
2026-01-21 14:12:00-08:00,2026-01-21,70,False
2026-01-21 14:15:00-08:00,2026-01-21,74,False
2026-01-21 14:18:00-08:00,2026-01-21,68,False
2026-01-21 14:21:00-08:00,2026-01-21,59,False
2026-01-21 14:24:00-08:00,2026-01-21,65,False
2026-01-21 14:27:00-08:00,2026-01-21,58,False
2026-01-21 14:30:00-08:00,2026-01-21,59,False
2026-01-21 14:33:00-08:00,2026-01-21,58,False
2026-01-21 14:36:00-08:00,2026-01-21,63,False
2026-01-21 14:39:00-08:00,2026-01-21,67,False
2026-01-21 14:42:00-08:00,2026-01-21,52,False
2026-01-21 14:45:00-08:00,2026-01-21,67,False
2026-01-21 14:48:00-08:00,2026-01-21,-1,True
2026-01-21 14:51:00-08:00,2026-01-21,-1,True
2026-01-21 14:54:00-08:00,2026-01-21,47,False
2026-01-21 14:57:00-08:00,2026-01-21,47,False
2026-01-21 15:00:00-08:00,2026-01-21,64,False
2026-01-21 15:03:00-08:00,2026-01-21,55,False
2026-01-21 15:06:00-08:00,2026-01-21,49,False
2026-01-21 15:09:00-08:00,2026-01-21,46,False
2026-01-21 15:12:00-08:00,2026-01-21,46,False
2026-01-21 15:15:00-08:00,2026-01-21,58,False
2026-01-21 15:18:00-08:00,2026-01-21,64,False
2026-01-21 15:21:00-08:00,2026-01-21,69,False
2026-01-21 15:24:00-08:00,2026-01-21,47,False
2026-01-21 15:27:00-08:00,2026-01-21,55,False
2026-01-21 15:30:00-08:00,2026-01-21,47,False
2026-01-21 15:33:00-08:00,2026-01-21,33,False
2026-01-21 15:36:00-08:00,2026-01-21,28,False
2026-01-21 15:39:00-08:00,2026-01-21,46,False
2026-01-21 15:42:00-08:00,2026-01-21,-1,True
2026-01-21 15:45:00-08:00,2026-01-21,76,False
2026-01-21 15:48:00-08:00,2026-01-21,67,False
2026-01-21 15:51:00-08:00,2026-01-21,68,False
2026-01-21 15:54:00-08:00,2026-01-21,59,False
2026-01-21 15:57:00-08:00,2026-01-21,68,False
2026-01-21 16:00:00-08:00,2026-01-21,49,False
2026-01-21 16:03:00-08:00,2026-01-21,43,False
2026-01-21 16:06:00-08:00,2026-01-21,36,False
2026-01-21 16:09:00-08:00,2026-01-21,42,False
2026-01-21 16:12:00-08:00,2026-01-21,50,False
2026-01-21 16:15:00-08:00,2026-01-21,43,False
2026-01-21 16:18:00-08:00,2026-01-21,56,False
2026-01-21 16:21:00-08:00,2026-01-21,44,False
2026-01-21 16:24:00-08:00,2026-01-21,49,False
2026-01-21 16:27:00-08:00,2026-01-21,39,False
2026-01-21 16:30:00-08:00,2026-01-21,-2,True
2026-01-21 16:33:00-08:00,2026-01-21,-2,True
2026-01-21 16:36:00-08:00,2026-01-21,-1,True
2026-01-21 16:39:00-08:00,2026-01-21,-1,True
2026-01-21 16:42:00-08:00,2026-01-21,67,False
2026-01-21 16:45:00-08:00,2026-01-21,56,False
2026-01-21 16:48:00-08:00,2026-01-21,57,False
2026-01-21 16:51:00-08:00,2026-01-21,67,False
2026-01-21 16:54:00-08:00,2026-01-21,64,False
2026-01-21 16:57:00-08:00,2026-01-21,61,False
2026-01-21 17:00:00-08:00,2026-01-21,82,False
2026-01-21 17:03:00-08:00,2026-01-21,-2,True
2026-01-21 17:06:00-08:00,2026-01-21,-2,True
2026-01-21 17:09:00-08:00,2026-01-21,-1,True
2026-01-21 17:12:00-08:00,2026-01-21,-1,True
2026-01-21 17:15:00-08:00,2026-01-21,-2,True
2026-01-21 17:18:00-08:00,2026-01-21,-1,True
2026-01-21 17:21:00-08:00,2026-01-21,-2,True
2026-01-21 17:24:00-08:00,2026-01-21,-1,True
2026-01-21 17:27:00-08:00,2026-01-21,-1,True
2026-01-21 17:30:00-08:00,2026-01-21,-1,True
2026-01-21 17:33:00-08:00,2026-01-21,-2,True
2026-01-21 17:36:00-08:00,2026-01-21,-2,True
2026-01-21 17:39:00-08:00,2026-01-21,86,False
2026-01-21 17:42:00-08:00,2026-01-21,-2,True
2026-01-21 17:45:00-08:00,2026-01-21,-2,True
2026-01-21 17:48:00-08:00,2026-01-21,-1,True
2026-01-21 17:51:00-08:00,2026-01-21,-1,True
2026-01-21 17:54:00-08:00,2026-01-21,-2,True
2026-01-21 17:57:00-08:00,2026-01-21,-2,True
2026-01-21 18:00:00-08:00,2026-01-21,-2,True
2026-01-21 18:03:00-08:00,2026-01-21,-2,True
2026-01-21 18:06:00-08:00,2026-01-21,-2,True
2026-01-21 18:09:00-08:00,2026-01-21,-2,True
2026-01-21 18:12:00-08:00,2026-01-21,-2,True
2026-01-21 18:15:00-08:00,2026-01-21,-1,True
2026-01-21 18:18:00-08:00,2026-01-21,-1,True
2026-01-21 18:21:00-08:00,2026-01-21,-1,True
2026-01-21 18:24:00-08:00,2026-01-21,-1,True
2026-01-21 18:27:00-08:00,2026-01-21,92,False
2026-01-21 18:30:00-08:00,2026-01-21,-2,True
2026-01-21 18:33:00-08:00,2026-01-21,-2,True
2026-01-21 18:36:00-08:00,2026-01-21,-1,True
2026-01-21 18:39:00-08:00,2026-01-21,90,False
2026-01-21 18:42:00-08:00,2026-01-21,96,False
2026-01-21 18:45:00-08:00,2026-01-21,-1,True
2026-01-21 18:48:00-08:00,2026-01-21,-2,True
2026-01-21 18:51:00-08:00,2026-01-21,89,False
2026-01-21 18:54:00-08:00,2026-01-21,64,False
2026-01-21 18:57:00-08:00,2026-01-21,75,False
2026-01-21 19:00:00-08:00,2026-01-21,86,False
2026-01-21 19:03:00-08:00,2026-01-21,-1,True
2026-01-21 19:06:00-08:00,2026-01-21,79,False
2026-01-21 19:09:00-08:00,2026-01-21,77,False
2026-01-21 19:12:00-08:00,2026-01-21,-1,True
2026-01-21 19:15:00-08:00,2026-01-21,-2,True
2026-01-21 19:18:00-08:00,2026-01-21,-1,True
2026-01-21 19:21:00-08:00,2026-01-21,88,False
2026-01-21 19:24:00-08:00,2026-01-21,91,False
2026-01-21 19:27:00-08:00,2026-01-21,-2,True
2026-01-21 19:30:00-08:00,2026-01-21,89,False
2026-01-21 19:33:00-08:00,2026-01-21,-1,True
2026-01-21 19:36:00-08:00,2026-01-21,89,False
2026-01-21 19:39:00-08:00,2026-01-21,91,False
2026-01-21 19:42:00-08:00,2026-01-21,83,False
2026-01-21 19:45:00-08:00,2026-01-21,77,False
2026-01-21 19:48:00-08:00,2026-01-21,75,False
2026-01-21 19:51:00-08:00,2026-01-21,74,False
2026-01-21 19:54:00-08:00,2026-01-21,83,False
2026-01-21 19:57:00-08:00,2026-01-21,82,False
2026-01-21 20:00:00-08:00,2026-01-21,79,False
2026-01-21 20:03:00-08:00,2026-01-21,86,False
2026-01-21 20:06:00-08:00,2026-01-21,88,False
2026-01-21 20:09:00-08:00,2026-01-21,84,False
2026-01-21 20:12:00-08:00,2026-01-21,72,False
2026-01-21 20:15:00-08:00,2026-01-21,78,False
2026-01-21 20:18:00-08:00,2026-01-21,53,False
2026-01-21 20:21:00-08:00,2026-01-21,80,False
2026-01-21 20:24:00-08:00,2026-01-21,89,False
2026-01-21 20:27:00-08:00,2026-01-21,85,False
2026-01-21 20:30:00-08:00,2026-01-21,81,False
2026-01-21 20:33:00-08:00,2026-01-21,81,False
2026-01-21 20:36:00-08:00,2026-01-21,80,False
2026-01-21 20:39:00-08:00,2026-01-21,85,False
2026-01-21 20:42:00-08:00,2026-01-21,81,False
2026-01-21 20:45:00-08:00,2026-01-21,79,False
2026-01-21 20:48:00-08:00,2026-01-21,89,False
2026-01-21 20:51:00-08:00,2026-01-21,91,False
2026-01-21 20:54:00-08:00,2026-01-21,73,False
2026-01-21 20:57:00-08:00,2026-01-21,78,False
2026-01-21 21:00:00-08:00,2026-01-21,75,False
2026-01-21 21:03:00-08:00,2026-01-21,79,False
2026-01-21 21:06:00-08:00,2026-01-21,82,False
2026-01-21 21:09:00-08:00,2026-01-21,64,False
2026-01-21 21:12:00-08:00,2026-01-21,76,False
2026-01-21 21:15:00-08:00,2026-01-21,79,False
2026-01-21 21:18:00-08:00,2026-01-21,82,False
2026-01-21 21:21:00-08:00,2026-01-21,70,False
2026-01-21 21:24:00-08:00,2026-01-21,74,False
2026-01-21 21:27:00-08:00,2026-01-21,77,False
2026-01-21 21:30:00-08:00,2026-01-21,91,False
2026-01-21 21:33:00-08:00,2026-01-21,82,False
2026-01-21 21:36:00-08:00,2026-01-21,82,False
2026-01-21 21:39:00-08:00,2026-01-21,89,False
2026-01-21 21:42:00-08:00,2026-01-21,80,False
2026-01-21 21:45:00-08:00,2026-01-21,79,False
2026-01-21 21:48:00-08:00,2026-01-21,-1,True
2026-01-21 21:51:00-08:00,2026-01-21,86,False
2026-01-21 21:54:00-08:00,2026-01-21,89,False
2026-01-21 21:57:00-08:00,2026-01-21,81,False
2026-01-21 22:00:00-08:00,2026-01-21,92,False
2026-01-21 22:03:00-08:00,2026-01-21,93,False
2026-01-21 22:06:00-08:00,2026-01-21,93,False
2026-01-21 22:09:00-08:00,2026-01-21,89,False
2026-01-21 22:12:00-08:00,2026-01-21,92,False
2026-01-21 22:15:00-08:00,2026-01-21,91,False
2026-01-21 22:18:00-08:00,2026-01-21,92,False
2026-01-21 22:21:00-08:00,2026-01-21,94,False
2026-01-21 22:24:00-08:00,2026-01-21,96,False
2026-01-21 22:27:00-08:00,2026-01-21,93,False
2026-01-21 22:30:00-08:00,2026-01-21,-1,True
2026-01-21 22:33:00-08:00,2026-01-21,96,False
2026-01-21 22:36:00-08:00,2026-01-21,97,False
2026-01-21 22:39:00-08:00,2026-01-21,90,False
2026-01-21 22:42:00-08:00,2026-01-21,94,False
2026-01-21 22:45:00-08:00,2026-01-21,93,False
2026-01-21 22:48:00-08:00,2026-01-21,92,False
2026-01-21 22:51:00-08:00,2026-01-21,91,False
2026-01-21 22:54:00-08:00,2026-01-21,88,False
2026-01-21 22:57:00-08:00,2026-01-21,88,False
2026-01-21 23:00:00-08:00,2026-01-21,88,False
2026-01-21 23:03:00-08:00,2026-01-21,94,False
2026-01-21 23:06:00-08:00,2026-01-21,85,False
2026-01-21 23:09:00-08:00,2026-01-21,89,False
2026-01-21 23:12:00-08:00,2026-01-21,91,False
2026-01-21 23:15:00-08:00,2026-01-21,94,False
2026-01-21 23:18:00-08:00,2026-01-21,82,False
2026-01-21 23:21:00-08:00,2026-01-21,-1,True
2026-01-21 23:24:00-08:00,2026-01-21,86,False
2026-01-21 23:27:00-08:00,2026-01-21,92,False
2026-01-21 23:30:00-08:00,2026-01-21,-2,True
2026-01-21 23:33:00-08:00,2026-01-21,89,False
2026-01-21 23:36:00-08:00,2026-01-21,79,False
2026-01-21 23:39:00-08:00,2026-01-21,-1,True
2026-01-21 23:42:00-08:00,2026-01-21,-1,True
2026-01-21 23:45:00-08:00,2026-01-21,-1,True
2026-01-21 23:48:00-08:00,2026-01-21,-1,True
2026-01-21 23:51:00-08:00,2026-01-21,-1,True
2026-01-21 23:54:00-08:00,2026-01-21,-1,True
2026-01-21 23:57:00-08:00,2026-01-21,-1,True
2026-01-22 00:00:00-08:00,2026-01-22,-1,True
2026-01-22 00:03:00-08:00,2026-01-22,-1,True
2026-01-22 00:06:00-08:00,2026-01-22,70,False
2026-01-22 00:09:00-08:00,2026-01-22,57,False
2026-01-22 00:12:00-08:00,2026-01-22,48,False
2026-01-22 00:15:00-08:00,2026-01-22,58,False
2026-01-22 00:18:00-08:00,2026-01-22,54,False
2026-01-22 00:21:00-08:00,2026-01-22,46,False
2026-01-22 00:24:00-08:00,2026-01-22,43,False
2026-01-22 00:27:00-08:00,2026-01-22,52,False
2026-01-22 00:30:00-08:00,2026-01-22,61,False
2026-01-22 00:33:00-08:00,2026-01-22,49,False
2026-01-22 00:36:00-08:00,2026-01-22,62,False
2026-01-22 00:39:00-08:00,2026-01-22,58,False
2026-01-22 00:42:00-08:00,2026-01-22,44,False
2026-01-22 00:45:00-08:00,2026-01-22,25,False
2026-01-22 00:48:00-08:00,2026-01-22,31,False
2026-01-22 00:51:00-08:00,2026-01-22,-1,True
2026-01-22 00:54:00-08:00,2026-01-22,-2,True
2026-01-22 00:57:00-08:00,2026-01-22,55,False
2026-01-22 01:00:00-08:00,2026-01-22,16,False
2026-01-22 01:03:00-08:00,2026-01-22,15,False
2026-01-22 01:06:00-08:00,2026-01-22,17,False
2026-01-22 01:09:00-08:00,2026-01-22,19,False
2026-01-22 01:12:00-08:00,2026-01-22,13,True
2026-01-22 01:15:00-08:00,2026-01-22,17,False
2026-01-22 01:18:00-08:00,2026-01-22,15,False
2026-01-22 01:21:00-08:00,2026-01-22,16,False
2026-01-22 01:24:00-08:00,2026-01-22,17,False
2026-01-22 01:27:00-08:00,2026-01-22,13,True
2026-01-22 01:30:00-08:00,2026-01-22,13,True
2026-01-22 01:33:00-08:00,2026-01-22,13,True
2026-01-22 01:36:00-08:00,2026-01-22,15,False
2026-01-22 01:39:00-08:00,2026-01-22,14,True
2026-01-22 01:42:00-08:00,2026-01-22,16,False
2026-01-22 01:45:00-08:00,2026-01-22,14,True
2026-01-22 01:48:00-08:00,2026-01-22,12,True
2026-01-22 01:51:00-08:00,2026-01-22,11,True
2026-01-22 01:54:00-08:00,2026-01-22,14,True
2026-01-22 01:57:00-08:00,2026-01-22,13,True
2026-01-22 02:00:00-08:00,2026-01-22,15,False
2026-01-22 02:03:00-08:00,2026-01-22,17,False
2026-01-22 02:06:00-08:00,2026-01-22,23,False
2026-01-22 02:09:00-08:00,2026-01-22,17,False
2026-01-22 02:12:00-08:00,2026-01-22,23,False
2026-01-22 02:15:00-08:00,2026-01-22,25,False
2026-01-22 02:18:00-08:00,2026-01-22,25,False
2026-01-22 02:21:00-08:00,2026-01-22,24,False
2026-01-22 02:24:00-08:00,2026-01-22,22,False
2026-01-22 02:27:00-08:00,2026-01-22,23,False
2026-01-22 02:30:00-08:00,2026-01-22,21,False
2026-01-22 02:33:00-08:00,2026-01-22,23,False
2026-01-22 02:36:00-08:00,2026-01-22,22,False
2026-01-22 02:39:00-08:00,2026-01-22,21,False
2026-01-22 02:42:00-08:00,2026-01-22,17,False
2026-01-22 02:45:00-08:00,2026-01-22,21,False
2026-01-22 02:48:00-08:00,2026-01-22,21,False
2026-01-22 02:51:00-08:00,2026-01-22,20,False
2026-01-22 02:54:00-08:00,2026-01-22,17,False
2026-01-22 02:57:00-08:00,2026-01-22,12,True
2026-01-22 03:00:00-08:00,2026-01-22,17,False
2026-01-22 03:03:00-08:00,2026-01-22,16,False
2026-01-22 03:06:00-08:00,2026-01-22,18,False
2026-01-22 03:09:00-08:00,2026-01-22,16,False
2026-01-22 03:12:00-08:00,2026-01-22,14,True
2026-01-22 03:15:00-08:00,2026-01-22,15,False
2026-01-22 03:18:00-08:00,2026-01-22,15,False
2026-01-22 03:21:00-08:00,2026-01-22,11,True
2026-01-22 03:24:00-08:00,2026-01-22,13,True
2026-01-22 03:27:00-08:00,2026-01-22,14,True
2026-01-22 03:30:00-08:00,2026-01-22,26,False
2026-01-22 03:33:00-08:00,2026-01-22,34,False
2026-01-22 03:36:00-08:00,2026-01-22,19,False
2026-01-22 03:39:00-08:00,2026-01-22,24,False
2026-01-22 03:42:00-08:00,2026-01-22,19,False
2026-01-22 03:45:00-08:00,2026-01-22,19,False
2026-01-22 03:48:00-08:00,2026-01-22,11,True
2026-01-22 03:51:00-08:00,2026-01-22,17,False
2026-01-22 03:54:00-08:00,2026-01-22,10,True
2026-01-22 03:57:00-08:00,2026-01-22,17,False
2026-01-22 04:00:00-08:00,2026-01-22,18,False
2026-01-22 04:03:00-08:00,2026-01-22,20,False
2026-01-22 04:06:00-08:00,2026-01-22,22,False
2026-01-22 04:09:00-08:00,2026-01-22,25,False
2026-01-22 04:12:00-08:00,2026-01-22,21,False
2026-01-22 04:15:00-08:00,2026-01-22,16,False
2026-01-22 04:18:00-08:00,2026-01-22,17,False
2026-01-22 04:21:00-08:00,2026-01-22,24,False
2026-01-22 04:24:00-08:00,2026-01-22,19,False
2026-01-22 04:27:00-08:00,2026-01-22,20,False
2026-01-22 04:30:00-08:00,2026-01-22,21,False
2026-01-22 04:33:00-08:00,2026-01-22,22,False
2026-01-22 04:36:00-08:00,2026-01-22,21,False
2026-01-22 04:39:00-08:00,2026-01-22,22,False
2026-01-22 04:42:00-08:00,2026-01-22,19,False
2026-01-22 04:45:00-08:00,2026-01-22,22,False
2026-01-22 04:48:00-08:00,2026-01-22,20,False
2026-01-22 04:51:00-08:00,2026-01-22,21,False
2026-01-22 04:54:00-08:00,2026-01-22,18,False
2026-01-22 04:57:00-08:00,2026-01-22,13,True
2026-01-22 05:00:00-08:00,2026-01-22,23,False
2026-01-22 05:03:00-08:00,2026-01-22,25,False
2026-01-22 05:06:00-08:00,2026-01-22,15,False
2026-01-22 05:09:00-08:00,2026-01-22,24,False
2026-01-22 05:12:00-08:00,2026-01-22,24,False
2026-01-22 05:15:00-08:00,2026-01-22,22,False
2026-01-22 05:18:00-08:00,2026-01-22,18,False
2026-01-22 05:21:00-08:00,2026-01-22,17,False
2026-01-22 05:24:00-08:00,2026-01-22,18,False
2026-01-22 05:27:00-08:00,2026-01-22,22,False
2026-01-22 05:30:00-08:00,2026-01-22,17,False
2026-01-22 05:33:00-08:00,2026-01-22,17,False
2026-01-22 05:36:00-08:00,2026-01-22,19,False
2026-01-22 05:39:00-08:00,2026-01-22,15,False
2026-01-22 05:42:00-08:00,2026-01-22,17,False
2026-01-22 05:45:00-08:00,2026-01-22,18,False
2026-01-22 05:48:00-08:00,2026-01-22,18,False
2026-01-22 05:51:00-08:00,2026-01-22,15,False
2026-01-22 05:54:00-08:00,2026-01-22,21,False
2026-01-22 05:57:00-08:00,2026-01-22,25,False
2026-01-22 06:00:00-08:00,2026-01-22,22,False
2026-01-22 06:03:00-08:00,2026-01-22,25,False
2026-01-22 06:06:00-08:00,2026-01-22,23,False
2026-01-22 06:09:00-08:00,2026-01-22,23,False
2026-01-22 06:12:00-08:00,2026-01-22,25,False
2026-01-22 06:15:00-08:00,2026-01-22,25,False
2026-01-22 06:18:00-08:00,2026-01-22,18,False
2026-01-22 06:21:00-08:00,2026-01-22,22,False
2026-01-22 06:24:00-08:00,2026-01-22,25,False
2026-01-22 06:27:00-08:00,2026-01-22,21,False
2026-01-22 06:30:00-08:00,2026-01-22,19,False
2026-01-22 06:33:00-08:00,2026-01-22,20,False
2026-01-22 06:36:00-08:00,2026-01-22,21,False
2026-01-22 06:39:00-08:00,2026-01-22,17,False
2026-01-22 06:42:00-08:00,2026-01-22,22,False
2026-01-22 06:45:00-08:00,2026-01-22,21,False
2026-01-22 06:48:00-08:00,2026-01-22,37,False
2026-01-22 06:51:00-08:00,2026-01-22,57,False
2026-01-22 06:54:00-08:00,2026-01-22,44,False
2026-01-22 06:57:00-08:00,2026-01-22,39,False
2026-01-22 07:00:00-08:00,2026-01-22,45,False
2026-01-22 07:03:00-08:00,2026-01-22,53,False
2026-01-22 07:06:00-08:00,2026-01-22,63,False
2026-01-22 07:09:00-08:00,2026-01-22,88,False
2026-01-22 07:12:00-08:00,2026-01-22,55,False
2026-01-22 07:15:00-08:00,2026-01-22,51,False
2026-01-22 07:18:00-08:00,2026-01-22,60,False
2026-01-22 07:21:00-08:00,2026-01-22,74,False
2026-01-22 07:24:00-08:00,2026-01-22,60,False
2026-01-22 07:27:00-08:00,2026-01-22,49,False
2026-01-22 07:30:00-08:00,2026-01-22,57,False
2026-01-22 07:33:00-08:00,2026-01-22,67,False
2026-01-22 07:36:00-08:00,2026-01-22,61,False
2026-01-22 07:39:00-08:00,2026-01-22,60,False
2026-01-22 07:42:00-08:00,2026-01-22,53,False
2026-01-22 07:45:00-08:00,2026-01-22,70,False
2026-01-22 07:48:00-08:00,2026-01-22,63,False
2026-01-22 07:51:00-08:00,2026-01-22,33,False
2026-01-22 07:54:00-08:00,2026-01-22,43,False
2026-01-22 07:57:00-08:00,2026-01-22,53,False
2026-01-22 08:00:00-08:00,2026-01-22,32,False
2026-01-22 08:03:00-08:00,2026-01-22,59,False
2026-01-22 08:06:00-08:00,2026-01-22,40,False
2026-01-22 08:09:00-08:00,2026-01-22,48,False
2026-01-22 08:12:00-08:00,2026-01-22,36,False
2026-01-22 08:15:00-08:00,2026-01-22,64,False
2026-01-22 08:18:00-08:00,2026-01-22,53,False
2026-01-22 08:21:00-08:00,2026-01-22,31,False
2026-01-22 08:24:00-08:00,2026-01-22,-1,True
2026-01-22 08:27:00-08:00,2026-01-22,-2,True
2026-01-22 08:30:00-08:00,2026-01-22,91,False
2026-01-22 08:33:00-08:00,2026-01-22,-1,True
2026-01-22 08:36:00-08:00,2026-01-22,64,False
2026-01-22 08:39:00-08:00,2026-01-22,49,False
2026-01-22 08:42:00-08:00,2026-01-22,64,False
2026-01-22 08:45:00-08:00,2026-01-22,54,False
2026-01-22 08:48:00-08:00,2026-01-22,33,False
2026-01-22 08:51:00-08:00,2026-01-22,49,False
2026-01-22 08:54:00-08:00,2026-01-22,30,False
2026-01-22 08:57:00-08:00,2026-01-22,32,False
2026-01-22 09:00:00-08:00,2026-01-22,31,False
2026-01-22 09:03:00-08:00,2026-01-22,36,False
2026-01-22 09:06:00-08:00,2026-01-22,52,False
2026-01-22 09:09:00-08:00,2026-01-22,42,False
2026-01-22 09:12:00-08:00,2026-01-22,58,False
2026-01-22 09:15:00-08:00,2026-01-22,43,False
2026-01-22 09:18:00-08:00,2026-01-22,31,False
2026-01-22 09:21:00-08:00,2026-01-22,34,False
2026-01-22 09:24:00-08:00,2026-01-22,30,False
2026-01-22 09:27:00-08:00,2026-01-22,29,False
2026-01-22 09:30:00-08:00,2026-01-22,27,False
2026-01-22 09:33:00-08:00,2026-01-22,23,False
2026-01-22 09:36:00-08:00,2026-01-22,25,False
2026-01-22 09:39:00-08:00,2026-01-22,25,False
2026-01-22 09:42:00-08:00,2026-01-22,30,False
2026-01-22 09:45:00-08:00,2026-01-22,34,False
2026-01-22 09:48:00-08:00,2026-01-22,50,False
2026-01-22 09:51:00-08:00,2026-01-22,64,False
2026-01-22 09:54:00-08:00,2026-01-22,24,False
2026-01-22 09:57:00-08:00,2026-01-22,17,False
2026-01-22 10:00:00-08:00,2026-01-22,22,False
2026-01-22 10:03:00-08:00,2026-01-22,23,False
2026-01-22 10:06:00-08:00,2026-01-22,22,False
2026-01-22 10:09:00-08:00,2026-01-22,18,False
2026-01-22 10:12:00-08:00,2026-01-22,21,False
2026-01-22 10:15:00-08:00,2026-01-22,16,False
2026-01-22 10:18:00-08:00,2026-01-22,22,False
2026-01-22 10:21:00-08:00,2026-01-22,25,False
2026-01-22 10:24:00-08:00,2026-01-22,22,False
2026-01-22 10:27:00-08:00,2026-01-22,26,False
2026-01-22 10:30:00-08:00,2026-01-22,29,False
2026-01-22 10:33:00-08:00,2026-01-22,34,False
2026-01-22 10:36:00-08:00,2026-01-22,32,False
2026-01-22 10:39:00-08:00,2026-01-22,37,False
2026-01-22 10:42:00-08:00,2026-01-22,46,False
2026-01-22 10:45:00-08:00,2026-01-22,54,False
2026-01-22 10:48:00-08:00,2026-01-22,37,False
2026-01-22 10:51:00-08:00,2026-01-22,50,False
2026-01-22 10:54:00-08:00,2026-01-22,44,False
2026-01-22 10:57:00-08:00,2026-01-22,46,False
2026-01-22 11:00:00-08:00,2026-01-22,49,False
2026-01-22 11:03:00-08:00,2026-01-22,48,False
2026-01-22 11:06:00-08:00,2026-01-22,34,False
2026-01-22 11:09:00-08:00,2026-01-22,51,False
2026-01-22 11:12:00-08:00,2026-01-22,46,False
2026-01-22 11:15:00-08:00,2026-01-22,42,False
2026-01-22 11:18:00-08:00,2026-01-22,39,False
2026-01-22 11:21:00-08:00,2026-01-22,46,False
2026-01-22 11:24:00-08:00,2026-01-22,-1,True
2026-01-22 11:27:00-08:00,2026-01-22,-1,True
2026-01-22 11:30:00-08:00,2026-01-22,-1,True
2026-01-22 11:33:00-08:00,2026-01-22,-1,True
2026-01-22 11:36:00-08:00,2026-01-22,76,False
2026-01-22 11:39:00-08:00,2026-01-22,55,False
2026-01-22 11:42:00-08:00,2026-01-22,41,False
2026-01-22 11:45:00-08:00,2026-01-22,56,False
2026-01-22 11:48:00-08:00,2026-01-22,56,False
2026-01-22 11:51:00-08:00,2026-01-22,32,False
2026-01-22 11:54:00-08:00,2026-01-22,33,False
2026-01-22 11:57:00-08:00,2026-01-22,37,False
2026-01-22 12:00:00-08:00,2026-01-22,41,False
2026-01-22 12:03:00-08:00,2026-01-22,25,False
2026-01-22 12:06:00-08:00,2026-01-22,-2,True
2026-01-22 12:09:00-08:00,2026-01-22,-1,True
2026-01-22 12:12:00-08:00,2026-01-22,30,False
2026-01-22 12:15:00-08:00,2026-01-22,49,False
2026-01-22 12:18:00-08:00,2026-01-22,40,False
2026-01-22 12:21:00-08:00,2026-01-22,63,False
2026-01-22 12:24:00-08:00,2026-01-22,-1,True
2026-01-22 12:27:00-08:00,2026-01-22,97,False
2026-01-22 12:30:00-08:00,2026-01-22,-2,True
2026-01-22 12:33:00-08:00,2026-01-22,-2,True
2026-01-22 12:36:00-08:00,2026-01-22,82,False
2026-01-22 12:39:00-08:00,2026-01-22,56,False
2026-01-22 12:42:00-08:00,2026-01-22,63,False
2026-01-22 12:45:00-08:00,2026-01-22,65,False
2026-01-22 12:48:00-08:00,2026-01-22,42,False
2026-01-22 12:51:00-08:00,2026-01-22,66,False
2026-01-22 12:54:00-08:00,2026-01-22,64,False
2026-01-22 12:57:00-08:00,2026-01-22,46,False
2026-01-22 13:00:00-08:00,2026-01-22,42,False
2026-01-22 13:03:00-08:00,2026-01-22,52,False
2026-01-22 13:06:00-08:00,2026-01-22,41,False
2026-01-22 13:09:00-08:00,2026-01-22,53,False
2026-01-22 13:12:00-08:00,2026-01-22,36,False
2026-01-22 13:15:00-08:00,2026-01-22,37,False
2026-01-22 13:18:00-08:00,2026-01-22,26,False
2026-01-22 13:21:00-08:00,2026-01-22,38,False
2026-01-22 13:24:00-08:00,2026-01-22,40,False
2026-01-22 13:27:00-08:00,2026-01-22,58,False
2026-01-22 13:30:00-08:00,2026-01-22,69,False
2026-01-22 13:33:00-08:00,2026-01-22,47,False
2026-01-22 13:36:00-08:00,2026-01-22,49,False
2026-01-22 13:39:00-08:00,2026-01-22,61,False
2026-01-22 13:42:00-08:00,2026-01-22,49,False
2026-01-22 13:45:00-08:00,2026-01-22,52,False
2026-01-22 13:48:00-08:00,2026-01-22,48,False
2026-01-22 13:51:00-08:00,2026-01-22,70,False
2026-01-22 13:54:00-08:00,2026-01-22,65,False
2026-01-22 13:57:00-08:00,2026-01-22,52,False
2026-01-22 14:00:00-08:00,2026-01-22,46,False
2026-01-22 14:03:00-08:00,2026-01-22,57,False
2026-01-22 14:06:00-08:00,2026-01-22,52,False
2026-01-22 14:09:00-08:00,2026-01-22,55,False
2026-01-22 14:12:00-08:00,2026-01-22,73,False
2026-01-22 14:15:00-08:00,2026-01-22,62,False
2026-01-22 14:18:00-08:00,2026-01-22,46,False
2026-01-22 14:21:00-08:00,2026-01-22,40,False
2026-01-22 14:24:00-08:00,2026-01-22,48,False
2026-01-22 14:27:00-08:00,2026-01-22,54,False
2026-01-22 14:30:00-08:00,2026-01-22,42,False
2026-01-22 14:33:00-08:00,2026-01-22,36,False
2026-01-22 14:36:00-08:00,2026-01-22,54,False
2026-01-22 14:39:00-08:00,2026-01-22,55,False
2026-01-22 14:42:00-08:00,2026-01-22,55,False
2026-01-22 14:45:00-08:00,2026-01-22,40,False
2026-01-22 14:48:00-08:00,2026-01-22,42,False
2026-01-22 14:51:00-08:00,2026-01-22,-1,True
2026-01-22 14:54:00-08:00,2026-01-22,49,False
2026-01-22 14:57:00-08:00,2026-01-22,24,False
2026-01-22 15:00:00-08:00,2026-01-22,29,False
2026-01-22 15:03:00-08:00,2026-01-22,24,False
2026-01-22 15:06:00-08:00,2026-01-22,24,False
2026-01-22 15:09:00-08:00,2026-01-22,24,False
2026-01-22 15:12:00-08:00,2026-01-22,20,False
2026-01-22 15:15:00-08:00,2026-01-22,16,False
2026-01-22 15:18:00-08:00,2026-01-22,16,False
2026-01-22 15:21:00-08:00,2026-01-22,12,True
2026-01-22 15:24:00-08:00,2026-01-22,13,True
2026-01-22 15:27:00-08:00,2026-01-22,13,True
2026-01-22 15:30:00-08:00,2026-01-22,12,True
2026-01-22 15:33:00-08:00,2026-01-22,12,True
2026-01-22 15:36:00-08:00,2026-01-22,9,True
2026-01-22 15:39:00-08:00,2026-01-22,10,True
2026-01-22 15:42:00-08:00,2026-01-22,10,True
2026-01-22 15:45:00-08:00,2026-01-22,11,True
2026-01-22 15:48:00-08:00,2026-01-22,11,True
2026-01-22 15:51:00-08:00,2026-01-22,11,True
2026-01-22 15:54:00-08:00,2026-01-22,8,True
2026-01-22 15:57:00-08:00,2026-01-22,8,True
2026-01-22 16:00:00-08:00,2026-01-22,8,True
2026-01-22 16:03:00-08:00,2026-01-22,19,False
2026-01-22 16:06:00-08:00,2026-01-22,22,False
2026-01-22 16:09:00-08:00,2026-01-22,29,False
2026-01-22 16:12:00-08:00,2026-01-22,28,False
2026-01-22 16:15:00-08:00,2026-01-22,35,False
2026-01-22 16:18:00-08:00,2026-01-22,-1,True
2026-01-22 16:21:00-08:00,2026-01-22,23,False
2026-01-22 16:24:00-08:00,2026-01-22,36,False
2026-01-22 16:27:00-08:00,2026-01-22,24,False
2026-01-22 16:30:00-08:00,2026-01-22,35,False
2026-01-22 16:33:00-08:00,2026-01-22,34,False
2026-01-22 16:36:00-08:00,2026-01-22,37,False
2026-01-22 16:39:00-08:00,2026-01-22,37,False
2026-01-22 16:42:00-08:00,2026-01-22,29,False
2026-01-22 16:45:00-08:00,2026-01-22,43,False
2026-01-22 16:48:00-08:00,2026-01-22,43,False
2026-01-22 16:51:00-08:00,2026-01-22,47,False
2026-01-22 16:54:00-08:00,2026-01-22,40,False
2026-01-22 16:57:00-08:00,2026-01-22,34,False
2026-01-22 17:00:00-08:00,2026-01-22,34,False
2026-01-22 17:03:00-08:00,2026-01-22,33,False
2026-01-22 17:06:00-08:00,2026-01-22,37,False
2026-01-22 17:09:00-08:00,2026-01-22,25,False
2026-01-22 17:12:00-08:00,2026-01-22,22,False
2026-01-22 17:15:00-08:00,2026-01-22,25,False
2026-01-22 17:18:00-08:00,2026-01-22,34,False
2026-01-22 17:21:00-08:00,2026-01-22,25,False
2026-01-22 17:24:00-08:00,2026-01-22,23,False
2026-01-22 17:27:00-08:00,2026-01-22,23,False
2026-01-22 17:30:00-08:00,2026-01-22,24,False
2026-01-22 17:33:00-08:00,2026-01-22,24,False
2026-01-22 17:36:00-08:00,2026-01-22,29,False
2026-01-22 17:39:00-08:00,2026-01-22,27,False
2026-01-22 17:42:00-08:00,2026-01-22,26,False
2026-01-22 17:45:00-08:00,2026-01-22,25,False
2026-01-22 17:48:00-08:00,2026-01-22,25,False
2026-01-22 17:51:00-08:00,2026-01-22,27,False
2026-01-22 17:54:00-08:00,2026-01-22,23,False
2026-01-22 17:57:00-08:00,2026-01-22,23,False
2026-01-22 18:00:00-08:00,2026-01-22,25,False
2026-01-22 18:03:00-08:00,2026-01-22,26,False
2026-01-22 18:06:00-08:00,2026-01-22,47,False
2026-01-22 18:09:00-08:00,2026-01-22,32,False
2026-01-22 18:12:00-08:00,2026-01-22,40,False
2026-01-22 18:15:00-08:00,2026-01-22,35,False
2026-01-22 18:18:00-08:00,2026-01-22,26,False
2026-01-22 18:21:00-08:00,2026-01-22,25,False
2026-01-22 18:24:00-08:00,2026-01-22,23,False
2026-01-22 18:27:00-08:00,2026-01-22,23,False
2026-01-22 18:30:00-08:00,2026-01-22,21,False
2026-01-22 18:33:00-08:00,2026-01-22,19,False
2026-01-22 18:36:00-08:00,2026-01-22,22,False
2026-01-22 18:39:00-08:00,2026-01-22,19,False
2026-01-22 18:42:00-08:00,2026-01-22,15,False
2026-01-22 18:45:00-08:00,2026-01-22,22,False
2026-01-22 18:48:00-08:00,2026-01-22,19,False
2026-01-22 18:51:00-08:00,2026-01-22,18,False
2026-01-22 18:54:00-08:00,2026-01-22,18,False
2026-01-22 18:57:00-08:00,2026-01-22,17,False
2026-01-22 19:00:00-08:00,2026-01-22,18,False
2026-01-22 19:03:00-08:00,2026-01-22,18,False
2026-01-22 19:06:00-08:00,2026-01-22,18,False
2026-01-22 19:09:00-08:00,2026-01-22,16,False
2026-01-22 19:12:00-08:00,2026-01-22,16,False
2026-01-22 19:15:00-08:00,2026-01-22,-2,True
2026-01-22 19:18:00-08:00,2026-01-22,-2,True
2026-01-22 19:21:00-08:00,2026-01-22,-2,True
2026-01-22 19:24:00-08:00,2026-01-22,-2,True
2026-01-22 19:27:00-08:00,2026-01-22,-2,True
2026-01-22 19:30:00-08:00,2026-01-22,46,False
2026-01-22 19:33:00-08:00,2026-01-22,19,False
2026-01-22 19:36:00-08:00,2026-01-22,25,False
2026-01-22 19:39:00-08:00,2026-01-22,19,False
2026-01-22 19:42:00-08:00,2026-01-22,21,False
2026-01-22 19:45:00-08:00,2026-01-22,23,False
2026-01-22 19:48:00-08:00,2026-01-22,23,False
2026-01-22 19:51:00-08:00,2026-01-22,18,False
2026-01-22 19:54:00-08:00,2026-01-22,64,False
2026-01-22 19:57:00-08:00,2026-01-22,-2,True
2026-01-22 20:00:00-08:00,2026-01-22,-1,True
2026-01-22 20:03:00-08:00,2026-01-22,-1,True
2026-01-22 20:06:00-08:00,2026-01-22,-2,True
2026-01-22 20:09:00-08:00,2026-01-22,88,False
2026-01-22 20:12:00-08:00,2026-01-22,91,False
2026-01-22 20:15:00-08:00,2026-01-22,-2,True
2026-01-22 20:18:00-08:00,2026-01-22,-1,True
2026-01-22 20:21:00-08:00,2026-01-22,-2,True
2026-01-22 20:24:00-08:00,2026-01-22,79,False
2026-01-22 20:27:00-08:00,2026-01-22,64,False
2026-01-22 20:30:00-08:00,2026-01-22,63,False
2026-01-22 20:33:00-08:00,2026-01-22,-1,True
2026-01-22 20:36:00-08:00,2026-01-22,-1,True
2026-01-22 20:39:00-08:00,2026-01-22,-1,True
2026-01-22 20:42:00-08:00,2026-01-22,-1,True
2026-01-22 20:45:00-08:00,2026-01-22,-2,True
2026-01-22 20:48:00-08:00,2026-01-22,-2,True
2026-01-22 20:51:00-08:00,2026-01-22,-1,True
2026-01-22 20:54:00-08:00,2026-01-22,-1,True
2026-01-22 20:57:00-08:00,2026-01-22,64,False
2026-01-22 21:00:00-08:00,2026-01-22,66,False
2026-01-22 21:03:00-08:00,2026-01-22,54,False
2026-01-22 21:06:00-08:00,2026-01-22,43,False
2026-01-22 21:09:00-08:00,2026-01-22,36,False
2026-01-22 21:12:00-08:00,2026-01-22,24,False
2026-01-22 21:15:00-08:00,2026-01-22,32,False
2026-01-22 21:18:00-08:00,2026-01-22,27,False
2026-01-22 21:21:00-08:00,2026-01-22,39,False
2026-01-22 21:24:00-08:00,2026-01-22,31,False
2026-01-22 21:27:00-08:00,2026-01-22,26,False
2026-01-22 21:30:00-08:00,2026-01-22,24,False
2026-01-22 21:33:00-08:00,2026-01-22,43,False
2026-01-22 21:36:00-08:00,2026-01-22,23,False
2026-01-22 21:39:00-08:00,2026-01-22,22,False
2026-01-22 21:42:00-08:00,2026-01-22,24,False
2026-01-22 21:45:00-08:00,2026-01-22,20,False
2026-01-22 21:48:00-08:00,2026-01-22,23,False
2026-01-22 21:51:00-08:00,2026-01-22,23,False
2026-01-22 21:54:00-08:00,2026-01-22,21,False
2026-01-22 21:57:00-08:00,2026-01-22,28,False
2026-01-22 22:00:00-08:00,2026-01-22,24,False
2026-01-22 22:03:00-08:00,2026-01-22,40,False
2026-01-22 22:06:00-08:00,2026-01-22,49,False
2026-01-22 22:09:00-08:00,2026-01-22,42,False
2026-01-22 22:12:00-08:00,2026-01-22,27,False
2026-01-22 22:15:00-08:00,2026-01-22,25,False
2026-01-22 22:18:00-08:00,2026-01-22,31,False
2026-01-22 22:21:00-08:00,2026-01-22,29,False
2026-01-22 22:24:00-08:00,2026-01-22,27,False
2026-01-22 22:27:00-08:00,2026-01-22,23,False
2026-01-22 22:30:00-08:00,2026-01-22,25,False
2026-01-22 22:33:00-08:00,2026-01-22,24,False
2026-01-22 22:36:00-08:00,2026-01-22,25,False
2026-01-22 22:39:00-08:00,2026-01-22,28,False
2026-01-22 22:42:00-08:00,2026-01-22,24,False
2026-01-22 22:45:00-08:00,2026-01-22,32,False
2026-01-22 22:48:00-08:00,2026-01-22,40,False
2026-01-22 22:51:00-08:00,2026-01-22,38,False
2026-01-22 22:54:00-08:00,2026-01-22,-1,True
2026-01-22 22:57:00-08:00,2026-01-22,40,False
2026-01-22 23:00:00-08:00,2026-01-22,23,False
2026-01-22 23:03:00-08:00,2026-01-22,23,False
2026-01-22 23:06:00-08:00,2026-01-22,21,False
2026-01-22 23:09:00-08:00,2026-01-22,30,False
2026-01-22 23:12:00-08:00,2026-01-22,19,False
2026-01-22 23:15:00-08:00,2026-01-22,20,False
2026-01-22 23:18:00-08:00,2026-01-22,17,False
2026-01-22 23:21:00-08:00,2026-01-22,15,False
2026-01-22 23:24:00-08:00,2026-01-22,14,True
2026-01-22 23:27:00-08:00,2026-01-22,14,True
2026-01-22 23:30:00-08:00,2026-01-22,12,True
2026-01-22 23:33:00-08:00,2026-01-22,15,False
2026-01-22 23:36:00-08:00,2026-01-22,12,True
2026-01-22 23:39:00-08:00,2026-01-22,15,False
2026-01-22 23:42:00-08:00,2026-01-22,15,False
2026-01-22 23:45:00-08:00,2026-01-22,14,True
2026-01-22 23:48:00-08:00,2026-01-22,12,True
2026-01-22 23:51:00-08:00,2026-01-22,11,True
2026-01-22 23:54:00-08:00,2026-01-22,12,True
2026-01-22 23:57:00-08:00,2026-01-22,16,False
